GAS,TEMP,MODEL,SAMPLING,LOW,R2_MEAN_HIGH_1,R2_STD_HIGH_1,MAE_MEAN_HIGH_1,MAE_STD_HIGH_1,INPUT_HIGH_1
Ar,273,0.05,qt_then_rd__cat_TRAIN_RATIO0.05,0.01,0.9312480210467784,0.0070301660219179,0.0439606037247461,0.0022153789489599,struct+input
Ar,273,0.05,qt_then_rd__gbm_TRAIN_RATIO0.05,0.01,0.931030978963866,0.008180138210283,0.0385667227313561,0.0014166922936939,struct+input
Ar,273,0.05,qt_then_rd__rf_TRAIN_RATIO0.05,0.01,0.9301057769962748,0.0051033079153686,0.0396920412544785,0.0005803932489236,struct+input
Ar,273,0.05,random_struct__cat_TRAIN_RATIO0.05,0.01,0.8472879388358059,0.0194650177791789,0.0526484363001464,0.0019180022870849,struct+input
Ar,273,0.05,random_struct__gbm_TRAIN_RATIO0.05,0.01,0.8657189739492962,0.033077352012596,0.0484892811009076,0.0025144538004518,struct+input
Ar,273,0.05,random_struct__rf_TRAIN_RATIO0.05,0.01,0.8871518105054774,0.0164841160471012,0.0470845582176061,0.0019677766722601,struct+input
Ar,273,0.1,qt_then_rd__cat_TRAIN_RATIO0.1,0.01,0.9508344812190052,0.0034276006226819,0.0362989623206776,0.0012097078343305,struct+input
Ar,273,0.1,qt_then_rd__gbm_TRAIN_RATIO0.1,0.01,0.949772240807415,0.0064352744446615,0.031683671927924,0.000560528721645,struct+input
Ar,273,0.1,qt_then_rd__rf_TRAIN_RATIO0.1,0.01,0.9509677390108396,0.0041166643320881,0.0323781530031565,0.0008286733142113,struct+input
Ar,273,0.1,random_struct__cat_TRAIN_RATIO0.1,0.01,0.9114287760645348,0.0116877470846301,0.0410061998420392,0.0015795584445879,struct+input
Ar,273,0.1,random_struct__gbm_TRAIN_RATIO0.1,0.01,0.8949575105977285,0.0222161243381213,0.0426948837478797,0.0028110474154138,struct+input
Ar,273,0.1,random_struct__rf_TRAIN_RATIO0.1,0.01,0.9001760813974276,0.0153722128716782,0.0432639309976982,0.0020183259983378,struct+input
Ar,273,0.15,qt_then_rd__cat_TRAIN_RATIO0.15,0.01,0.961765750208218,0.0075376970586181,0.0318502682648815,0.0013187686688759,struct+input
Ar,273,0.15,qt_then_rd__gbm_TRAIN_RATIO0.15,0.01,0.9625997163226656,0.0044882977380342,0.0282584021071369,0.0005514412724375,struct+input
Ar,273,0.15,qt_then_rd__rf_TRAIN_RATIO0.15,0.01,0.9611722834207724,0.0054713608510115,0.0282552565525851,0.0006297144227212,struct+input
Ar,273,0.15,random_struct__cat_TRAIN_RATIO0.15,0.01,0.9263462371252998,0.0126358991656371,0.0379340459587984,0.0009229798989457,struct+input
Ar,273,0.15,random_struct__gbm_TRAIN_RATIO0.15,0.01,0.9232591431677852,0.0079416198725256,0.0378277352786456,0.0014832228004867,struct+input
Ar,273,0.15,random_struct__rf_TRAIN_RATIO0.15,0.01,0.9217960298836442,0.0070825641303698,0.0391811303546408,0.001445386950109,struct+input
Ar,273,0.2,qt_then_rd__cat_TRAIN_RATIO0.2,0.01,0.9692713100747372,0.0085025927756627,0.0284984076026519,0.0008011797106821,struct+input
Ar,273,0.2,qt_then_rd__gbm_TRAIN_RATIO0.2,0.01,0.9679760952558926,0.0056309459261717,0.0255091263712088,0.0005866001376549,struct+input
Ar,273,0.2,qt_then_rd__rf_TRAIN_RATIO0.2,0.01,0.9672285227944422,0.0053864394824161,0.0253847634410755,0.000413709351935,struct+input
Ar,273,0.2,random_struct__cat_TRAIN_RATIO0.2,0.01,0.9293615915455644,0.0110248741526628,0.0376435407211417,0.0014456602172597,struct+input
Ar,273,0.2,random_struct__gbm_TRAIN_RATIO0.2,0.01,0.9156650221040966,0.0251152952117056,0.0376229168803527,0.0017227345997958,struct+input
Ar,273,0.2,random_struct__rf_TRAIN_RATIO0.2,0.01,0.924023660562589,0.0149133597257893,0.0382249547536437,0.0016171898091277,struct+input
Ar,273,0.25,qt_then_rd__cat_TRAIN_RATIO0.25,0.01,0.9762586414616776,0.0016549508086555,0.0262450992308318,0.0007383264712966,struct+input
Ar,273,0.25,qt_then_rd__gbm_TRAIN_RATIO0.25,0.01,0.9742934432406508,0.001401863508883,0.0235990622560897,0.0003165706306183,struct+input
Ar,273,0.25,qt_then_rd__rf_TRAIN_RATIO0.25,0.01,0.9730509421292102,0.002015933784123,0.0235120180417402,0.0004998458710623,struct+input
Ar,273,0.25,random_struct__cat_TRAIN_RATIO0.25,0.01,0.9315963067971864,0.006195613972435,0.0351474707005594,0.0011069619440212,struct+input
Ar,273,0.25,random_struct__gbm_TRAIN_RATIO0.25,0.01,0.9323582644389934,0.0065989822538804,0.0348787988917534,0.0018349269286301,struct+input
Ar,273,0.25,random_struct__rf_TRAIN_RATIO0.25,0.01,0.9303961184164852,0.006144462856276,0.0361647483486428,0.0016948510892512,struct+input
Ar,273,0.3,qt_then_rd__cat_TRAIN_RATIO0.3,0.01,0.9762717630877358,0.0012545130432867,0.0249792885649671,0.000521838110479,struct+input
Ar,273,0.3,qt_then_rd__gbm_TRAIN_RATIO0.3,0.01,0.976129806847306,0.0011410611715306,0.0223974340781521,0.000143154366694,struct+input
Ar,273,0.3,qt_then_rd__rf_TRAIN_RATIO0.3,0.01,0.9736902513550334,0.0013707749595621,0.0224489540928217,0.0001557142826358,struct+input
Ar,273,0.3,random_struct__cat_TRAIN_RATIO0.3,0.01,0.9378440170607732,0.0068382811983473,0.0353140650168665,0.0010927847924581,struct+input
Ar,273,0.3,random_struct__gbm_TRAIN_RATIO0.3,0.01,0.9376363575236658,0.0047560195378,0.0345109046920845,0.0010998055240065,struct+input
Ar,273,0.3,random_struct__rf_TRAIN_RATIO0.3,0.01,0.9356691810757864,0.0047319466918772,0.0356082647034276,0.001398427296119,struct+input
Ar,273,0.35,qt_then_rd__cat_TRAIN_RATIO0.35,0.01,0.9786862118011618,0.0006609956984867,0.0232079174089081,0.0002743990098178,struct+input
Ar,273,0.35,qt_then_rd__gbm_TRAIN_RATIO0.35,0.01,0.9780525594693936,0.0013554958639669,0.0214365829366391,0.0003405406601421,struct+input
Ar,273,0.35,qt_then_rd__rf_TRAIN_RATIO0.35,0.01,0.9762790720260854,0.0010917946621373,0.0213426737960002,0.0003406108391338,struct+input
Ar,273,0.35,random_struct__cat_TRAIN_RATIO0.35,0.01,0.9477321066037412,0.0072989893984532,0.0326279148353557,0.0008412026695739,struct+input
Ar,273,0.35,random_struct__gbm_TRAIN_RATIO0.35,0.01,0.9457699575716052,0.007168286580313,0.0329676808682779,0.0008961315565005,struct+input
Ar,273,0.35,random_struct__rf_TRAIN_RATIO0.35,0.01,0.9444179515033968,0.0081897639146677,0.0336296926410962,0.0014878719999453,struct+input
Ar,273,0.4,qt_then_rd__cat_TRAIN_RATIO0.4,0.01,0.9791933489483642,0.0010178394896834,0.0224252881497492,0.0001073183011798,struct+input
Ar,273,0.4,qt_then_rd__gbm_TRAIN_RATIO0.4,0.01,0.9785673531654152,0.0013213978461222,0.0204354339974433,0.0002726911805256,struct+input
Ar,273,0.4,qt_then_rd__rf_TRAIN_RATIO0.4,0.01,0.976134536172038,0.0026871378385495,0.0206384183073978,0.0002206310042915,struct+input
Ar,273,0.4,random_struct__cat_TRAIN_RATIO0.4,0.01,0.945506513439214,0.0120541116768834,0.033194589673062,0.0013593625777053,struct+input
Ar,273,0.4,random_struct__gbm_TRAIN_RATIO0.4,0.01,0.9447969351144904,0.0088388325806405,0.0330139727672729,0.0008415097009076,struct+input
Ar,273,0.4,random_struct__rf_TRAIN_RATIO0.4,0.01,0.9411029453464153,0.0086895225744314,0.0341332422998154,0.0012789313672101,struct+input
Ar,273,0.45,qt_then_rd__cat_TRAIN_RATIO0.45,0.01,0.9792602616957689,0.0002998521265772,0.0214778796772016,0.0004314797797178,struct+input
Ar,273,0.45,qt_then_rd__gbm_TRAIN_RATIO0.45,0.01,0.978464046960992,0.0017055602012697,0.020026684971872,0.0003923237767866,struct+input
Ar,273,0.45,qt_then_rd__rf_TRAIN_RATIO0.45,0.01,0.9757542872223028,0.0023076514521259,0.020198222039963,0.0004329596987286,struct+input
Ar,273,0.45,random_struct__cat_TRAIN_RATIO0.45,0.01,0.9481418286829838,0.0063089986262416,0.0326164066846191,0.0009664551641025,struct+input
Ar,273,0.45,random_struct__gbm_TRAIN_RATIO0.45,0.01,0.9467595723843274,0.0119303504710796,0.0324446679360737,0.0011255289159916,struct+input
Ar,273,0.45,random_struct__rf_TRAIN_RATIO0.45,0.01,0.9421656701851546,0.0091455592187693,0.0338484669552684,0.0011120382342711,struct+input
Ar,273,0.5,qt_then_rd__cat_TRAIN_RATIO0.5,0.01,0.9816280102743644,0.0011360883405991,0.0202204270114227,0.0002844525520411,struct+input
Ar,273,0.5,qt_then_rd__gbm_TRAIN_RATIO0.5,0.01,0.9814935231250288,0.0013020990212637,0.0192954452522914,0.0002929178823878,struct+input
Ar,273,0.5,qt_then_rd__rf_TRAIN_RATIO0.5,0.01,0.9790609618365091,0.0010770582949068,0.0192861078905799,0.0001511769135046,struct+input
Ar,273,0.5,random_struct__cat_TRAIN_RATIO0.5,0.01,0.9511604541209976,0.0067046537803817,0.0317096027881871,0.0009720835665324,struct+input
Ar,273,0.5,random_struct__gbm_TRAIN_RATIO0.5,0.01,0.9474928850094202,0.008063202967788,0.0317885328881629,0.001448354736305,struct+input
Ar,273,0.5,random_struct__rf_TRAIN_RATIO0.5,0.01,0.9446577455773,0.0071486251078517,0.0329714406499454,0.0011740979741552,struct+input
Ar,273,0.55,qt_then_rd__cat_TRAIN_RATIO0.55,0.01,0.9809071640882022,0.0015333021926976,0.0199809578361631,0.0005392358999315,struct+input
Ar,273,0.55,qt_then_rd__gbm_TRAIN_RATIO0.55,0.01,0.9811390388624488,0.0011652505382895,0.0185495036054896,0.0004662986222924,struct+input
Ar,273,0.55,qt_then_rd__rf_TRAIN_RATIO0.55,0.01,0.9792098394535186,0.0016087436490292,0.0187251461570771,0.0003563868065407,struct+input
Ar,273,0.55,random_struct__cat_TRAIN_RATIO0.55,0.01,0.953869103512036,0.0087450761100036,0.0307500042150123,0.0005918345744759,struct+input
Ar,273,0.55,random_struct__gbm_TRAIN_RATIO0.55,0.01,0.9539541413374628,0.0089248604838727,0.0304177619821621,0.0007973024978805,struct+input
Ar,273,0.55,random_struct__rf_TRAIN_RATIO0.55,0.01,0.9530832354071098,0.0072108488576478,0.0306816146495269,0.0008719664085185,struct+input
Ar,273,0.6,qt_then_rd__cat_TRAIN_RATIO0.6,0.01,0.982404156931566,0.0008998130119345,0.0189374653086188,0.0002711822057509,struct+input
Ar,273,0.6,qt_then_rd__gbm_TRAIN_RATIO0.6,0.01,0.9821002843882848,0.0007562351460152,0.0180102651651747,8.009174756865743e-05,struct+input
Ar,273,0.6,qt_then_rd__rf_TRAIN_RATIO0.6,0.01,0.9805442308413472,0.0014058777350978,0.0179955542597501,0.000270673407919,struct+input
Ar,273,0.6,random_struct__cat_TRAIN_RATIO0.6,0.01,0.9561241265041408,0.0104840047845987,0.0308326203969394,0.0006251935788366,struct+input
Ar,273,0.6,random_struct__gbm_TRAIN_RATIO0.6,0.01,0.9536895182618836,0.014419735295415,0.0306958258970339,0.0011208465996265,struct+input
Ar,273,0.6,random_struct__rf_TRAIN_RATIO0.6,0.01,0.9559115043237564,0.0130260208427273,0.030482766844433,0.0010548975308641,struct+input
Ar,273,0.65,qt_then_rd__cat_TRAIN_RATIO0.65,0.01,0.9809881413222844,0.0012077299612345,0.0189678657827112,0.000453824222648,struct+input
Ar,273,0.65,qt_then_rd__gbm_TRAIN_RATIO0.65,0.01,0.9808289736568498,0.0019806415659667,0.0181525834967837,0.0004387561172319,struct+input
Ar,273,0.65,qt_then_rd__rf_TRAIN_RATIO0.65,0.01,0.9800528672430422,0.0020458691963177,0.0179061935495207,0.0004961145396097,struct+input
Ar,273,0.65,random_struct__cat_TRAIN_RATIO0.65,0.01,0.9506951260946686,0.0082456348633994,0.0311729668014561,0.0013734559458806,struct+input
Ar,273,0.65,random_struct__gbm_TRAIN_RATIO0.65,0.01,0.9480967803125968,0.0148277470634223,0.0308189842588326,0.0018086079508009,struct+input
Ar,273,0.65,random_struct__rf_TRAIN_RATIO0.65,0.01,0.9503697246644162,0.0095348030131982,0.0310750377123343,0.0018937573878211,struct+input
Ar,273,0.7,qt_then_rd__cat_TRAIN_RATIO0.7,0.01,0.9815025586093148,0.001488516054331,0.018054210914677,0.0003327811930162,struct+input
Ar,273,0.7,qt_then_rd__gbm_TRAIN_RATIO0.7,0.01,0.9819298833186482,0.0011274532786708,0.0172339520138888,0.000442830923353,struct+input
Ar,273,0.7,qt_then_rd__rf_TRAIN_RATIO0.7,0.01,0.980417870659769,0.0007444990094559,0.0172494735649039,0.000461178329486,struct+input
Ar,273,0.7,random_struct__cat_TRAIN_RATIO0.7,0.01,0.9532680999318206,0.005538188663641,0.0311958349040106,0.0010722658599238,struct+input
Ar,273,0.7,random_struct__gbm_TRAIN_RATIO0.7,0.01,0.9575199119114536,0.0077820791051929,0.0299006888245681,0.000798285532236,struct+input
Ar,273,0.7,random_struct__rf_TRAIN_RATIO0.7,0.01,0.957713481851702,0.0081128036179194,0.030324369620348,0.0004894690228785,struct+input
Ar,273,0.75,qt_then_rd__cat_TRAIN_RATIO0.75,0.01,0.9809772608416942,0.0012312512835997,0.0181674646460309,0.0003734244093003,struct+input
Ar,273,0.75,qt_then_rd__gbm_TRAIN_RATIO0.75,0.01,0.981611810960128,0.0014925575672329,0.0170859496136312,0.0005013407536164,struct+input
Ar,273,0.75,qt_then_rd__rf_TRAIN_RATIO0.75,0.01,0.9794155707411936,0.0022494517927785,0.0171657081991126,0.0005240899947176,struct+input
Ar,273,0.75,random_struct__cat_TRAIN_RATIO0.75,0.01,0.9490363262341696,0.0100624626530113,0.0310346095691306,0.001613109697277,struct+input
Ar,273,0.75,random_struct__gbm_TRAIN_RATIO0.75,0.01,0.9502740384077768,0.0099311277204323,0.0302648881067264,0.0014531499829493,struct+input
Ar,273,0.75,random_struct__rf_TRAIN_RATIO0.75,0.01,0.9498402157300896,0.0088304680391487,0.0305657263557658,0.0009467516474811,struct+input
Ar,273,0.8,qt_then_rd__cat_TRAIN_RATIO0.8,0.01,0.9826655498420956,0.0012191388419381,0.0172590390502196,0.0003499033636017,struct+input
Ar,273,0.8,qt_then_rd__gbm_TRAIN_RATIO0.8,0.01,0.9826299100318407,0.0008021432412864,0.0165431385792021,0.0002770770656936,struct+input
Ar,273,0.8,qt_then_rd__rf_TRAIN_RATIO0.8,0.01,0.9809879834908556,0.0015285963550436,0.0167002802607973,0.0003150694500919,struct+input
Ar,273,0.8,random_struct__cat_TRAIN_RATIO0.8,0.01,0.9599358588118386,0.0159788062541914,0.0309274582853368,0.0026859918076119,struct+input
Ar,273,0.8,random_struct__gbm_TRAIN_RATIO0.8,0.01,0.9587264095996516,0.0143567233334622,0.0305746796684415,0.0027119875876175,struct+input
Ar,273,0.8,random_struct__rf_TRAIN_RATIO0.8,0.01,0.9603524771112448,0.010535766761737,0.0304959319762468,0.0021740048757205,struct+input
Ar,293,0.05,qt_then_rd__cat_TRAIN_RATIO0.05,0.01,0.9265573289391164,0.0122615907610351,0.0297582555259992,0.0017206851543336,struct+input
Ar,293,0.05,qt_then_rd__gbm_TRAIN_RATIO0.05,0.01,0.9315739100349372,0.0100717370148336,0.0223155124314732,0.0003210233042624,struct+input
Ar,293,0.05,qt_then_rd__rf_TRAIN_RATIO0.05,0.01,0.9260776453479558,0.0109222521193191,0.0230734145299247,0.000614140274179,struct+input
Ar,293,0.05,random_struct__cat_TRAIN_RATIO0.05,0.01,0.8042121488461328,0.0548603222861822,0.0333704971750718,0.0035736350521951,struct+input
Ar,293,0.05,random_struct__gbm_TRAIN_RATIO0.05,0.01,0.8297363283416856,0.0499307443680551,0.0298860590788867,0.0037339996376754,struct+input
Ar,293,0.05,random_struct__rf_TRAIN_RATIO0.05,0.01,0.8614117740916581,0.0332623816629814,0.028425522421666,0.0020655638142452,struct+input
Ar,293,0.1,qt_then_rd__cat_TRAIN_RATIO0.1,0.01,0.9553818786762416,0.0100879955154949,0.0239844739761257,0.0005853157153371,struct+input
Ar,293,0.1,qt_then_rd__gbm_TRAIN_RATIO0.1,0.01,0.9599402737773322,0.0050886976871945,0.0184266061663598,0.0001926514951534,struct+input
Ar,293,0.1,qt_then_rd__rf_TRAIN_RATIO0.1,0.01,0.9577622182160176,0.0073954583217505,0.0185161822359832,0.0003658195873573,struct+input
Ar,293,0.1,random_struct__cat_TRAIN_RATIO0.1,0.01,0.8610108315645263,0.0348250520525073,0.0272050062982526,0.0019514406020495,struct+input
Ar,293,0.1,random_struct__gbm_TRAIN_RATIO0.1,0.01,0.8730557407883159,0.0258855768260614,0.0256984034195419,0.0013274857619505,struct+input
Ar,293,0.1,random_struct__rf_TRAIN_RATIO0.1,0.01,0.8849532423498261,0.0209988856655991,0.02526084241248,0.001286643129239,struct+input
Ar,293,0.15,qt_then_rd__cat_TRAIN_RATIO0.15,0.01,0.9678216269244684,0.0037555811720732,0.0206603305756511,0.0005200919473275,struct+input
Ar,293,0.15,qt_then_rd__gbm_TRAIN_RATIO0.15,0.01,0.9689238860262424,0.0026794536919786,0.0165855903836533,0.0002465978277865,struct+input
Ar,293,0.15,qt_then_rd__rf_TRAIN_RATIO0.15,0.01,0.9671937308291152,0.0029222990223402,0.0165189871698108,0.0002112341949074,struct+input
Ar,293,0.15,random_struct__cat_TRAIN_RATIO0.15,0.01,0.8907472167724547,0.0158121462428788,0.0243168939482226,0.001054958912393,struct+input
Ar,293,0.15,random_struct__gbm_TRAIN_RATIO0.15,0.01,0.8998467491186268,0.0103558171570517,0.0234804450311678,0.0005793398936633,struct+input
Ar,293,0.15,random_struct__rf_TRAIN_RATIO0.15,0.01,0.9003742089365627,0.0115185197897714,0.0235989704293823,0.0005742735939265,struct+input
Ar,293,0.2,qt_then_rd__cat_TRAIN_RATIO0.2,0.01,0.9762164342422744,0.0039853466245951,0.0185230917706146,0.0002393168438025,struct+input
Ar,293,0.2,qt_then_rd__gbm_TRAIN_RATIO0.2,0.01,0.9761281761005768,0.0046805011326232,0.0150157806704245,0.0001200766092888,struct+input
Ar,293,0.2,qt_then_rd__rf_TRAIN_RATIO0.2,0.01,0.974913006281134,0.003446291161361,0.0149077354183382,0.0001356811759637,struct+input
Ar,293,0.2,random_struct__cat_TRAIN_RATIO0.2,0.01,0.9011054179422744,0.0106640878741403,0.0231853014186018,0.0004681630632461,struct+input
Ar,293,0.2,random_struct__gbm_TRAIN_RATIO0.2,0.01,0.9010844048294494,0.0077182591186539,0.0230878697191268,0.0006902426159478,struct+input
Ar,293,0.2,random_struct__rf_TRAIN_RATIO0.2,0.01,0.9061770296603544,0.0110096837371031,0.0229612996453035,0.0009058661492784,struct+input
Ar,293,0.25,qt_then_rd__cat_TRAIN_RATIO0.25,0.01,0.9800099750995418,0.0016066039579989,0.0168479258554404,0.0002796816986863,struct+input
Ar,293,0.25,qt_then_rd__gbm_TRAIN_RATIO0.25,0.01,0.9801526956137764,0.0021153018810834,0.0140760325022968,0.0002195622510281,struct+input
Ar,293,0.25,qt_then_rd__rf_TRAIN_RATIO0.25,0.01,0.980490116207789,0.002643854860683,0.0136964421940882,0.0001610529999638,struct+input
Ar,293,0.25,random_struct__cat_TRAIN_RATIO0.25,0.01,0.9079180113333344,0.0107743705389111,0.0225575817204545,0.00070414237117,struct+input
Ar,293,0.25,random_struct__gbm_TRAIN_RATIO0.25,0.01,0.9202772814472816,0.0091367453008122,0.0217946034067237,0.0006999733020804,struct+input
Ar,293,0.25,random_struct__rf_TRAIN_RATIO0.25,0.01,0.9108393669039964,0.0141134248536421,0.0224722962825439,0.001167288905077,struct+input
Ar,293,0.3,qt_then_rd__cat_TRAIN_RATIO0.3,0.01,0.982318246809734,0.0013351367272969,0.0159019756397265,0.000278052886064,struct+input
Ar,293,0.3,qt_then_rd__gbm_TRAIN_RATIO0.3,0.01,0.9827659259456564,0.0029164246073184,0.0135513506832061,0.0002722477963243,struct+input
Ar,293,0.3,qt_then_rd__rf_TRAIN_RATIO0.3,0.01,0.9823919715200204,0.0029864218490201,0.013274280226181,0.0001322959074496,struct+input
Ar,293,0.3,random_struct__cat_TRAIN_RATIO0.3,0.01,0.9084908845022588,0.0116534945371167,0.0223057623929696,0.0007665182638107,struct+input
Ar,293,0.3,random_struct__gbm_TRAIN_RATIO0.3,0.01,0.923732536928114,0.0116398556880391,0.021376540018593,0.0009882569519319,struct+input
Ar,293,0.3,random_struct__rf_TRAIN_RATIO0.3,0.01,0.91386342738025,0.0150820936163196,0.021966607241028,0.0012720827730553,struct+input
Ar,293,0.35,qt_then_rd__cat_TRAIN_RATIO0.35,0.01,0.9841556282708334,0.0006191422501327,0.0150024687286163,0.0002140724912467,struct+input
Ar,293,0.35,qt_then_rd__gbm_TRAIN_RATIO0.35,0.01,0.984855321023265,0.0014048538078068,0.0127538441051591,7.527684604621055e-05,struct+input
Ar,293,0.35,qt_then_rd__rf_TRAIN_RATIO0.35,0.01,0.984360929170854,0.0011905508926482,0.0126886845168323,0.0001367558954736,struct+input
Ar,293,0.35,random_struct__cat_TRAIN_RATIO0.35,0.01,0.9158312917520104,0.0175365076609072,0.0220307859072136,0.0006696302777194,struct+input
Ar,293,0.35,random_struct__gbm_TRAIN_RATIO0.35,0.01,0.9164538377272043,0.0399031075897909,0.0214261081437955,0.0023777063260812,struct+input
Ar,293,0.35,random_struct__rf_TRAIN_RATIO0.35,0.01,0.9134414716158216,0.0344851699253531,0.0217473769851664,0.0022274090102599,struct+input
Ar,293,0.4,qt_then_rd__cat_TRAIN_RATIO0.4,0.01,0.9846511608799636,0.0005734856416272,0.0144045172297198,0.0001420382779572,struct+input
Ar,293,0.4,qt_then_rd__gbm_TRAIN_RATIO0.4,0.01,0.9855171111696912,0.0007556980208808,0.012572169251367,0.000128206135829,struct+input
Ar,293,0.4,qt_then_rd__rf_TRAIN_RATIO0.4,0.01,0.984375013572949,0.0008983626287901,0.0125835736687374,0.0001188811608298,struct+input
Ar,293,0.4,random_struct__cat_TRAIN_RATIO0.4,0.01,0.9247418632100356,0.0059026482777257,0.0214171862411111,0.0005543704390479,struct+input
Ar,293,0.4,random_struct__gbm_TRAIN_RATIO0.4,0.01,0.9221048966313898,0.0369804025043582,0.0210019971811442,0.002424234654529,struct+input
Ar,293,0.4,random_struct__rf_TRAIN_RATIO0.4,0.01,0.9146096458193964,0.0348742494311342,0.0214468717689952,0.0021539280486943,struct+input
Ar,293,0.45,qt_then_rd__cat_TRAIN_RATIO0.45,0.01,0.9847310456036872,0.0007464971201068,0.0140021304242896,0.0001492950594224,struct+input
Ar,293,0.45,qt_then_rd__gbm_TRAIN_RATIO0.45,0.01,0.9858214493608544,0.0008353021931068,0.0122103897175434,0.000188571344037,struct+input
Ar,293,0.45,qt_then_rd__rf_TRAIN_RATIO0.45,0.01,0.9848327897386568,0.0009890352160676,0.012238397481677,0.0002358682637319,struct+input
Ar,293,0.45,random_struct__cat_TRAIN_RATIO0.45,0.01,0.9245313735477908,0.008267267573746,0.0211607327499076,0.0003391520522855,struct+input
Ar,293,0.45,random_struct__gbm_TRAIN_RATIO0.45,0.01,0.935726766276992,0.0127256337368229,0.0201405196904975,0.0011429163947503,struct+input
Ar,293,0.45,random_struct__rf_TRAIN_RATIO0.45,0.01,0.9291778961387028,0.0095475524543397,0.0206121108093174,0.0010398192589049,struct+input
Ar,293,0.5,qt_then_rd__cat_TRAIN_RATIO0.5,0.01,0.9847012902430832,0.0011312707848562,0.0134839084546394,0.0002385663652887,struct+input
Ar,293,0.5,qt_then_rd__gbm_TRAIN_RATIO0.5,0.01,0.985999405905456,0.0008568279827064,0.0120024378671229,0.0001770173658875,struct+input
Ar,293,0.5,qt_then_rd__rf_TRAIN_RATIO0.5,0.01,0.9845214774430132,0.0010878309692179,0.012026330607724,0.0001667835921326,struct+input
Ar,293,0.5,random_struct__cat_TRAIN_RATIO0.5,0.01,0.9252795907927354,0.0090619872929736,0.0209035549724826,0.0005650408871512,struct+input
Ar,293,0.5,random_struct__gbm_TRAIN_RATIO0.5,0.01,0.9402792634912984,0.0060900822161812,0.0195528199545892,0.0003469567036815,struct+input
Ar,293,0.5,random_struct__rf_TRAIN_RATIO0.5,0.01,0.9306241254015564,0.004665924355448,0.0201340937885094,0.0004006946067782,struct+input
Ar,293,0.55,qt_then_rd__cat_TRAIN_RATIO0.55,0.01,0.9857147618168915,0.0009593725729506,0.0129134550593515,0.0001308433527966,struct+input
Ar,293,0.55,qt_then_rd__gbm_TRAIN_RATIO0.55,0.01,0.986732662623977,0.0008813695527583,0.0115355041856164,0.0001036616547542,struct+input
Ar,293,0.55,qt_then_rd__rf_TRAIN_RATIO0.55,0.01,0.9855836637349576,0.001331453905968,0.0115599800194753,0.0001319487153842,struct+input
Ar,293,0.55,random_struct__cat_TRAIN_RATIO0.55,0.01,0.927431973331612,0.014191885381924,0.0205407693747886,0.0008058125182374,struct+input
Ar,293,0.55,random_struct__gbm_TRAIN_RATIO0.55,0.01,0.9444435820786398,0.0120119893632362,0.0190828158766393,0.000636445657356,struct+input
Ar,293,0.55,random_struct__rf_TRAIN_RATIO0.55,0.01,0.9351549479387552,0.0131889742108221,0.0197460792329874,0.0007093251536654,struct+input
Ar,293,0.6,qt_then_rd__cat_TRAIN_RATIO0.6,0.01,0.9864258667004628,0.0004119338394516,0.0124080580831138,0.0001178090471725,struct+input
Ar,293,0.6,qt_then_rd__gbm_TRAIN_RATIO0.6,0.01,0.986837719630216,0.0004088279779601,0.0113463465841543,0.000138229998078,struct+input
Ar,293,0.6,qt_then_rd__rf_TRAIN_RATIO0.6,0.01,0.98600664373165,0.0004274818880377,0.0113475428259674,9.573051823127782e-05,struct+input
Ar,293,0.6,random_struct__cat_TRAIN_RATIO0.6,0.01,0.9374817816375604,0.0179454491064667,0.020038705729945,0.0007691949751527,struct+input
Ar,293,0.6,random_struct__gbm_TRAIN_RATIO0.6,0.01,0.9487642316408698,0.0152867500418828,0.0186419502479469,0.0007197827545601,struct+input
Ar,293,0.6,random_struct__rf_TRAIN_RATIO0.6,0.01,0.9435734489603522,0.0145620074333449,0.0191384778232224,0.0006586176415175,struct+input
Ar,293,0.65,qt_then_rd__cat_TRAIN_RATIO0.65,0.01,0.9859769000917084,0.0009264549206981,0.0123986066789713,0.0001725463848274,struct+input
Ar,293,0.65,qt_then_rd__gbm_TRAIN_RATIO0.65,0.01,0.9867142579315444,0.0010557938093744,0.0112359203606989,0.0001853254596255,struct+input
Ar,293,0.65,qt_then_rd__rf_TRAIN_RATIO0.65,0.01,0.9857118393959118,0.0011632355901111,0.0112831725680121,0.0001404075237431,struct+input
Ar,293,0.65,random_struct__cat_TRAIN_RATIO0.65,0.01,0.9386453869365902,0.0182604396007867,0.0196459863435906,0.0010850432780166,struct+input
Ar,293,0.65,random_struct__gbm_TRAIN_RATIO0.65,0.01,0.9508555146620004,0.0137834440314436,0.0183142191284169,0.0009338158684782,struct+input
Ar,293,0.65,random_struct__rf_TRAIN_RATIO0.65,0.01,0.94546025327134,0.0140631145662079,0.0186474818110382,0.0008633285878144,struct+input
Ar,293,0.7,qt_then_rd__cat_TRAIN_RATIO0.7,0.01,0.985496116313155,0.0002411039944933,0.0122033871696675,6.335379095234415e-05,struct+input
Ar,293,0.7,qt_then_rd__gbm_TRAIN_RATIO0.7,0.01,0.9861832747337188,0.0004545183047521,0.0111381634779302,0.0001849840598443,struct+input
Ar,293,0.7,qt_then_rd__rf_TRAIN_RATIO0.7,0.01,0.9849983356862648,0.0004504501975301,0.0112529779792853,9.809050084999424e-05,struct+input
Ar,293,0.7,random_struct__cat_TRAIN_RATIO0.7,0.01,0.9413918069621828,0.0242767068105866,0.0192471688733966,0.0015939537552719,struct+input
Ar,293,0.7,random_struct__gbm_TRAIN_RATIO0.7,0.01,0.947453129444846,0.0184525299551325,0.0182062646248615,0.0015104062539747,struct+input
Ar,293,0.7,random_struct__rf_TRAIN_RATIO0.7,0.01,0.9447702622084416,0.0183298680162702,0.0183356231665804,0.0013220602972489,struct+input
Ar,293,0.75,qt_then_rd__cat_TRAIN_RATIO0.75,0.01,0.9858512441529892,0.0006816129414549,0.0118526928753654,0.0002508509052987,struct+input
Ar,293,0.75,qt_then_rd__gbm_TRAIN_RATIO0.75,0.01,0.9870722421326484,0.000372871671418,0.0107636757585646,0.000193409027686,struct+input
Ar,293,0.75,qt_then_rd__rf_TRAIN_RATIO0.75,0.01,0.98568834326876,0.0004635216585963,0.0108325945449578,0.0001621861226037,struct+input
Ar,293,0.75,random_struct__cat_TRAIN_RATIO0.75,0.01,0.9421135173561196,0.0208734641683382,0.0190826610867524,0.0009794267245418,struct+input
Ar,293,0.75,random_struct__gbm_TRAIN_RATIO0.75,0.01,0.9484710613461846,0.0169592737579444,0.0180444479801614,0.000907094811679,struct+input
Ar,293,0.75,random_struct__rf_TRAIN_RATIO0.75,0.01,0.9456115516318212,0.0153899706092789,0.0181804278762983,0.0007108937702429,struct+input
Ar,293,0.8,qt_then_rd__cat_TRAIN_RATIO0.8,0.01,0.9849173448844418,0.0017130862086053,0.0119298007489949,0.0002654287569493,struct+input
Ar,293,0.8,qt_then_rd__gbm_TRAIN_RATIO0.8,0.01,0.9861660777201842,0.0018214526298773,0.0107917105130292,0.0002375364476917,struct+input
Ar,293,0.8,qt_then_rd__rf_TRAIN_RATIO0.8,0.01,0.9852530502247192,0.0016906960983437,0.0107915375752515,0.0002688678743194,struct+input
Ar,293,0.8,random_struct__cat_TRAIN_RATIO0.8,0.01,0.936826529383508,0.0237545181684679,0.0194133731792852,0.0014878486750382,struct+input
Ar,293,0.8,random_struct__gbm_TRAIN_RATIO0.8,0.01,0.948798786635375,0.01660553861607,0.0181929939820461,0.0014316226901161,struct+input
Ar,293,0.8,random_struct__rf_TRAIN_RATIO0.8,0.01,0.9447414568213912,0.0192246529778427,0.0184955156475061,0.0012312357842143,struct+input
Ar,313,0.05,qt_then_rd__cat_TRAIN_RATIO0.05,0.01,0.9339227759404574,0.0094376584289012,0.0199603327719671,0.0009018127938108,struct+input
Ar,313,0.05,qt_then_rd__gbm_TRAIN_RATIO0.05,0.01,0.9197198818274628,0.0210539384599682,0.0138567308457266,0.0005200210485958,struct+input
Ar,313,0.05,qt_then_rd__rf_TRAIN_RATIO0.05,0.01,0.9342191692885936,0.0081409603209149,0.0140571475670842,0.0003450071992268,struct+input
Ar,313,0.05,random_struct__cat_TRAIN_RATIO0.05,0.01,0.8034888838142248,0.0479818621771936,0.0245970332933944,0.0018084707905056,struct+input
Ar,313,0.05,random_struct__gbm_TRAIN_RATIO0.05,0.01,0.8286336664210688,0.074293610779354,0.020046774408091,0.0021239751711642,struct+input
Ar,313,0.05,random_struct__rf_TRAIN_RATIO0.05,0.01,0.8633170352862354,0.0354277918817644,0.0192470351505706,0.0013828292452969,struct+input
Ar,313,0.1,qt_then_rd__cat_TRAIN_RATIO0.1,0.01,0.9497259080924444,0.0086312846734897,0.0140249338230088,0.0001054461365529,struct+input
Ar,313,0.1,qt_then_rd__gbm_TRAIN_RATIO0.1,0.01,0.9602378828643228,0.0045661054971983,0.0107207864178852,0.000157323803631,struct+input
Ar,313,0.1,qt_then_rd__rf_TRAIN_RATIO0.1,0.01,0.9537486807651072,0.0079621308325161,0.0110875413103935,0.0001991948597261,struct+input
Ar,313,0.1,random_struct__cat_TRAIN_RATIO0.1,0.01,0.8799187638615555,0.0288491863348389,0.0183992361435713,0.0017430309173994,struct+input
Ar,313,0.1,random_struct__gbm_TRAIN_RATIO0.1,0.01,0.9060746102074798,0.0081778906129317,0.0158697804873733,0.0006655801741649,struct+input
Ar,313,0.1,random_struct__rf_TRAIN_RATIO0.1,0.01,0.9150331016417634,0.0127896138366606,0.0156147320231677,0.0009310555275325,struct+input
Ar,313,0.15,qt_then_rd__cat_TRAIN_RATIO0.15,0.01,0.9744284218628456,0.0040245479931762,0.0120526367848598,0.0001801098554212,struct+input
Ar,313,0.15,qt_then_rd__gbm_TRAIN_RATIO0.15,0.01,0.9775822380314269,0.0047767928687576,0.009348807273265,7.513992489647195e-05,struct+input
Ar,313,0.15,qt_then_rd__rf_TRAIN_RATIO0.15,0.01,0.9753250663259454,0.0039314416289732,0.0094910951214368,0.0001346292884585,struct+input
Ar,313,0.15,random_struct__cat_TRAIN_RATIO0.15,0.01,0.9067866006208744,0.0147217995701406,0.0160667863285708,0.0006854666116383,struct+input
Ar,313,0.15,random_struct__gbm_TRAIN_RATIO0.15,0.01,0.9199597087462752,0.0100745412106392,0.0143629008856513,0.0003212455882498,struct+input
Ar,313,0.15,random_struct__rf_TRAIN_RATIO0.15,0.01,0.9258526723282672,0.0065849669737222,0.0143770009449937,0.0002451663825473,struct+input
Ar,313,0.2,qt_then_rd__cat_TRAIN_RATIO0.2,0.01,0.9749052295446698,0.0080698684694945,0.0107421078891287,0.000264948037389,struct+input
Ar,313,0.2,qt_then_rd__gbm_TRAIN_RATIO0.2,0.01,0.978970622250094,0.0071277284477529,0.0084549123594445,0.0001911069948072,struct+input
Ar,313,0.2,qt_then_rd__rf_TRAIN_RATIO0.2,0.01,0.9759286404515808,0.0084292595855633,0.0085928821793881,0.0002177408450316,struct+input
Ar,313,0.2,random_struct__cat_TRAIN_RATIO0.2,0.01,0.9225558568897876,0.0025898952322139,0.0153391201787859,0.0002554343893129,struct+input
Ar,313,0.2,random_struct__gbm_TRAIN_RATIO0.2,0.01,0.9115924329489876,0.0210185353185259,0.0140612640121669,0.0007217107442417,struct+input
Ar,313,0.2,random_struct__rf_TRAIN_RATIO0.2,0.01,0.9251015787139504,0.0070543039740666,0.0140728624917627,0.0003740258360291,struct+input
Ar,313,0.25,qt_then_rd__cat_TRAIN_RATIO0.25,0.01,0.986834358406723,0.0013083607993792,0.0095922509262762,9.836381579228649e-05,struct+input
Ar,313,0.25,qt_then_rd__gbm_TRAIN_RATIO0.25,0.01,0.989827823349227,0.001127801066497,0.0077939417588618,0.0001226819190466,struct+input
Ar,313,0.25,qt_then_rd__rf_TRAIN_RATIO0.25,0.01,0.9894487104616604,0.0011327446248246,0.0077967578551657,0.0001265333391875,struct+input
Ar,313,0.25,random_struct__cat_TRAIN_RATIO0.25,0.01,0.9115375555235452,0.011088027154914,0.0146996530862896,0.0009681312826544,struct+input
Ar,313,0.25,random_struct__gbm_TRAIN_RATIO0.25,0.01,0.9157097439909548,0.0106342114921635,0.0142227703574914,0.0008785275509158,struct+input
Ar,313,0.25,random_struct__rf_TRAIN_RATIO0.25,0.01,0.9213430176788716,0.0076046912542884,0.014045876497505,0.0006922377160949,struct+input
Ar,313,0.3,qt_then_rd__cat_TRAIN_RATIO0.3,0.01,0.9877649425113508,0.0004223055546047,0.0090799537592796,0.0003034160206214,struct+input
Ar,313,0.3,qt_then_rd__gbm_TRAIN_RATIO0.3,0.01,0.9901814138923932,0.0005721731648169,0.0075743499959446,0.0001336048182428,struct+input
Ar,313,0.3,qt_then_rd__rf_TRAIN_RATIO0.3,0.01,0.989541631778612,0.0006771178497153,0.0076336139378602,0.0001307152878068,struct+input
Ar,313,0.3,random_struct__cat_TRAIN_RATIO0.3,0.01,0.9173676719482756,0.0103046734884683,0.0143946008520325,0.000761415732142,struct+input
Ar,313,0.3,random_struct__gbm_TRAIN_RATIO0.3,0.01,0.9294753372082388,0.0082995599163698,0.0131686568678812,0.0004185548284867,struct+input
Ar,313,0.3,random_struct__rf_TRAIN_RATIO0.3,0.01,0.927782209965299,0.0078273813158559,0.0134659674966443,0.0004789847316008,struct+input
Ar,313,0.35,qt_then_rd__cat_TRAIN_RATIO0.35,0.01,0.988666614096238,0.0007498577508785,0.0085392373012937,0.0001945381233084,struct+input
Ar,313,0.35,qt_then_rd__gbm_TRAIN_RATIO0.35,0.01,0.9908125371912758,0.0003594397563075,0.0073563830496813,3.067493717250175e-05,struct+input
Ar,313,0.35,qt_then_rd__rf_TRAIN_RATIO0.35,0.01,0.9900796278726276,0.0004888959158123,0.007445971094311,7.929667708876724e-05,struct+input
Ar,313,0.35,random_struct__cat_TRAIN_RATIO0.35,0.01,0.9283938896867916,0.0177305076031822,0.0138067530169063,0.0005792866873944,struct+input
Ar,313,0.35,random_struct__gbm_TRAIN_RATIO0.35,0.01,0.9415229668378036,0.0152544930002179,0.0123999263071151,0.0007069164705665,struct+input
Ar,313,0.35,random_struct__rf_TRAIN_RATIO0.35,0.01,0.9430933331784604,0.0107268369956107,0.0126218989239387,0.0004807973487548,struct+input
Ar,313,0.4,qt_then_rd__cat_TRAIN_RATIO0.4,0.01,0.9891809030823602,0.000755594021394,0.0082028300468243,0.0001024207859109,struct+input
Ar,313,0.4,qt_then_rd__gbm_TRAIN_RATIO0.4,0.01,0.9911040149636484,0.0003583087525886,0.0071468584315755,4.682532408275013e-05,struct+input
Ar,313,0.4,qt_then_rd__rf_TRAIN_RATIO0.4,0.01,0.990179598008648,0.0005331343496053,0.007286950464508,9.611118088456026e-05,struct+input
Ar,313,0.4,random_struct__cat_TRAIN_RATIO0.4,0.01,0.9373570459578442,0.0104388650283736,0.0132732675424836,0.0004852224863276,struct+input
Ar,313,0.4,random_struct__gbm_TRAIN_RATIO0.4,0.01,0.924016774599016,0.0126511813816761,0.0126373108813026,0.0003501239936421,struct+input
Ar,313,0.4,random_struct__rf_TRAIN_RATIO0.4,0.01,0.9323798490666324,0.0083680103965441,0.0129737384091093,0.0005984242214643,struct+input
Ar,313,0.45,qt_then_rd__cat_TRAIN_RATIO0.45,0.01,0.9889068435090074,0.0006513646995605,0.008091261623507,0.0001035329794437,struct+input
Ar,313,0.45,qt_then_rd__gbm_TRAIN_RATIO0.45,0.01,0.9906579143584512,0.0005533086912868,0.0070855000545371,8.220721507531778e-05,struct+input
Ar,313,0.45,qt_then_rd__rf_TRAIN_RATIO0.45,0.01,0.9896883439007166,0.00065688294339,0.0071882834046667,9.387851919432649e-05,struct+input
Ar,313,0.45,random_struct__cat_TRAIN_RATIO0.45,0.01,0.929442721212128,0.0142376946881207,0.0132027908732333,0.0004812693893371,struct+input
Ar,313,0.45,random_struct__gbm_TRAIN_RATIO0.45,0.01,0.9200162706379084,0.0184179617823976,0.0128167089910784,0.0006061854804625,struct+input
Ar,313,0.45,random_struct__rf_TRAIN_RATIO0.45,0.01,0.9324994797948843,0.0144118376581737,0.0127827297639523,0.0003909964777294,struct+input
Ar,313,0.5,qt_then_rd__cat_TRAIN_RATIO0.5,0.01,0.98879109437446,0.0002463012395704,0.0079130657177832,0.0001090980940807,struct+input
Ar,313,0.5,qt_then_rd__gbm_TRAIN_RATIO0.5,0.01,0.9907015340255398,0.0005038499960003,0.0069754507394384,4.236737364901776e-05,struct+input
Ar,313,0.5,qt_then_rd__rf_TRAIN_RATIO0.5,0.01,0.990122972089712,0.0004328031867307,0.0070856013446896,7.522477906098185e-05,struct+input
Ar,313,0.5,random_struct__cat_TRAIN_RATIO0.5,0.01,0.9387566468107614,0.012910258074896,0.0131552010332865,0.0004974808341918,struct+input
Ar,313,0.5,random_struct__gbm_TRAIN_RATIO0.5,0.01,0.9245240765805636,0.0228823703068305,0.0124982874391515,0.0003666158016223,struct+input
Ar,313,0.5,random_struct__rf_TRAIN_RATIO0.5,0.01,0.9319027496281036,0.0148105919305769,0.0128084649444188,0.0005523722564641,struct+input
Ar,313,0.55,qt_then_rd__cat_TRAIN_RATIO0.55,0.01,0.9886762657764478,0.0006787378369879,0.0077351534434312,0.0001223558895908,struct+input
Ar,313,0.55,qt_then_rd__gbm_TRAIN_RATIO0.55,0.01,0.990008898598225,0.0006290246016982,0.0069487791010451,8.548444464274202e-05,struct+input
Ar,313,0.55,qt_then_rd__rf_TRAIN_RATIO0.55,0.01,0.9892974409720572,0.0007632549512105,0.0070339657566644,9.591470119602548e-05,struct+input
Ar,313,0.55,random_struct__cat_TRAIN_RATIO0.55,0.01,0.9366171964052892,0.014071465055717,0.0125428174211791,0.0008030659087312,struct+input
Ar,313,0.55,random_struct__gbm_TRAIN_RATIO0.55,0.01,0.950159690435212,0.0094871313866007,0.0116544097470163,0.0006730620208575,struct+input
Ar,313,0.55,random_struct__rf_TRAIN_RATIO0.55,0.01,0.9444003761279436,0.0118891872389809,0.0120010335001967,0.00070091858782,struct+input
Ar,313,0.6,qt_then_rd__cat_TRAIN_RATIO0.6,0.01,0.9884009601916728,0.000478111934554,0.0076144518101337,0.0001682666565682,struct+input
Ar,313,0.6,qt_then_rd__gbm_TRAIN_RATIO0.6,0.01,0.9901187519079572,0.0001662696815561,0.0068297091600556,9.85196243632618e-05,struct+input
Ar,313,0.6,qt_then_rd__rf_TRAIN_RATIO0.6,0.01,0.9893383149845124,0.0001793975800172,0.0069190265040988,0.00010603686531,struct+input
Ar,313,0.6,random_struct__cat_TRAIN_RATIO0.6,0.01,0.9354894122837468,0.0181699980897926,0.0129186806409514,0.0005515982523204,struct+input
Ar,313,0.6,random_struct__gbm_TRAIN_RATIO0.6,0.01,0.9352793780652352,0.0262698300373321,0.0121247617979759,0.00081940790434,struct+input
Ar,313,0.6,random_struct__rf_TRAIN_RATIO0.6,0.01,0.9388487771093316,0.0232865337105015,0.0122286748075244,0.0007593951905134,struct+input
Ar,313,0.65,qt_then_rd__cat_TRAIN_RATIO0.65,0.01,0.988168691243929,0.0005377637308965,0.007429464727048,0.0001135825351632,struct+input
Ar,313,0.65,qt_then_rd__gbm_TRAIN_RATIO0.65,0.01,0.9894944881840028,0.0006727220581215,0.0068333995453508,7.46731220220434e-05,struct+input
Ar,313,0.65,qt_then_rd__rf_TRAIN_RATIO0.65,0.01,0.9887985222520688,0.0005395264379051,0.006904758409869,8.325029613963485e-05,struct+input
Ar,313,0.65,random_struct__cat_TRAIN_RATIO0.65,0.01,0.926466973682604,0.0184157957817046,0.0135583779300819,0.0010685855599091,struct+input
Ar,313,0.65,random_struct__gbm_TRAIN_RATIO0.65,0.01,0.9252277129747584,0.0151504363940014,0.0128297108674745,0.0008450201865253,struct+input
Ar,313,0.65,random_struct__rf_TRAIN_RATIO0.65,0.01,0.9253432725424128,0.0165836367819038,0.0129049233661642,0.0009336905415212,struct+input
Ar,313,0.7,qt_then_rd__cat_TRAIN_RATIO0.7,0.01,0.9879243624888592,0.0005564022666632,0.007334182684811,9.849314443759396e-05,struct+input
Ar,313,0.7,qt_then_rd__gbm_TRAIN_RATIO0.7,0.01,0.98926523509143,0.0007578685927741,0.0067344679373053,0.0001833960366738,struct+input
Ar,313,0.7,qt_then_rd__rf_TRAIN_RATIO0.7,0.01,0.9882857986517648,0.0008319933871129,0.0068467624427761,0.000148724901871,struct+input
Ar,313,0.7,random_struct__cat_TRAIN_RATIO0.7,0.01,0.9369497372058314,0.0250589556305443,0.0127497687943315,0.0009317845402253,struct+input
Ar,313,0.7,random_struct__gbm_TRAIN_RATIO0.7,0.01,0.9225842679096192,0.0338148210591372,0.0121608816826355,0.0010695922309215,struct+input
Ar,313,0.7,random_struct__rf_TRAIN_RATIO0.7,0.01,0.9296790032204776,0.0211688946231879,0.0124570989917779,0.001138656717892,struct+input
Ar,313,0.75,qt_then_rd__cat_TRAIN_RATIO0.75,0.01,0.9879138173491,0.0007362672644126,0.0072100379108083,0.0001275311205836,struct+input
Ar,313,0.75,qt_then_rd__gbm_TRAIN_RATIO0.75,0.01,0.9889083739751232,0.0009670919722526,0.0067093965912239,0.0001616170822372,struct+input
Ar,313,0.75,qt_then_rd__rf_TRAIN_RATIO0.75,0.01,0.9879958069516024,0.0010940799244293,0.0068598584984758,0.0001461156272146,struct+input
Ar,313,0.75,random_struct__cat_TRAIN_RATIO0.75,0.01,0.9469580343778412,0.0201594877714763,0.0127341586342983,0.0011264449695292,struct+input
Ar,313,0.75,random_struct__gbm_TRAIN_RATIO0.75,0.01,0.9549653750654848,0.0175863312283439,0.0116032717824396,0.0013206653783164,struct+input
Ar,313,0.75,random_struct__rf_TRAIN_RATIO0.75,0.01,0.9501938185210514,0.0236751052196094,0.0120880892267722,0.0014280300244841,struct+input
Ar,313,0.8,qt_then_rd__cat_TRAIN_RATIO0.8,0.01,0.9871820725115018,0.0007840515173219,0.007144400336533,9.29834272414382e-05,struct+input
Ar,313,0.8,qt_then_rd__gbm_TRAIN_RATIO0.8,0.01,0.988632786943474,0.0006299249348081,0.0066219292741679,5.867463121279866e-05,struct+input
Ar,313,0.8,qt_then_rd__rf_TRAIN_RATIO0.8,0.01,0.9877610208558506,0.0009481459597625,0.0067347750145369,7.602223101809366e-05,struct+input
Ar,313,0.8,random_struct__cat_TRAIN_RATIO0.8,0.01,0.965216851613426,0.0238583252965095,0.0112658643932634,0.0011866218479042,struct+input
Ar,313,0.8,random_struct__gbm_TRAIN_RATIO0.8,0.01,0.9697347630885468,0.0217773671554401,0.010505405127366,0.0013714759284322,struct+input
Ar,313,0.8,random_struct__rf_TRAIN_RATIO0.8,0.01,0.9673409718061258,0.0277955619285642,0.0109932804694151,0.0016880530190909,struct+input
He,273,0.05,qt_then_rd__cat_TRAIN_RATIO0.05,0.01,0.9428104828919992,0.0309776697579903,0.0015431599435813,4.561974406816824e-05,struct+input
He,273,0.05,qt_then_rd__gbm_TRAIN_RATIO0.05,0.01,0.9555540695641828,0.0166837366059233,0.0013562888617128,2.3599543520119173e-05,struct+input
He,273,0.05,qt_then_rd__rf_TRAIN_RATIO0.05,0.01,0.9566358748679512,0.0204940125022232,0.0013072659759088,3.150496242760879e-05,struct+input
He,273,0.05,random_struct__cat_TRAIN_RATIO0.05,0.01,0.884290784194414,0.0226975489806545,0.0016426401567885,5.158905594225861e-05,struct+input
He,273,0.05,random_struct__gbm_TRAIN_RATIO0.05,0.01,0.9192661721670504,0.019345815830944,0.0014484246975506,4.673957099212216e-05,struct+input
He,273,0.05,random_struct__rf_TRAIN_RATIO0.05,0.01,0.90864172734905,0.0167821990782172,0.0014165894161688,5.099269304715493e-05,struct+input
He,273,0.1,qt_then_rd__cat_TRAIN_RATIO0.1,0.01,0.966946444014106,0.0225431104923344,0.0013403517733335,4.380076088418856e-05,struct+input
He,273,0.1,qt_then_rd__gbm_TRAIN_RATIO0.1,0.01,0.9768918820357524,0.0167322725321909,0.0012211487690226,2.249551319294528e-05,struct+input
He,273,0.1,qt_then_rd__rf_TRAIN_RATIO0.1,0.01,0.974180500101147,0.0203067291495533,0.0011875520582087,2.492109265751748e-05,struct+input
He,273,0.1,random_struct__cat_TRAIN_RATIO0.1,0.01,0.8983924154675769,0.0162692020417573,0.0014543366385275,4.9082068839130063e-05,struct+input
He,273,0.1,random_struct__gbm_TRAIN_RATIO0.1,0.01,0.9252844234807084,0.013109421055537,0.0013387354311184,2.5248670336361848e-05,struct+input
He,273,0.1,random_struct__rf_TRAIN_RATIO0.1,0.01,0.9178561959751568,0.0138570284523002,0.0013217235814931,2.405582747737821e-05,struct+input
He,273,0.15,qt_then_rd__cat_TRAIN_RATIO0.15,0.01,0.9867796112443618,0.0014956062040265,0.0012428273874673,1.3196434979348107e-05,struct+input
He,273,0.15,qt_then_rd__gbm_TRAIN_RATIO0.15,0.01,0.9903294297905584,0.0001496042505694,0.0011572716004965,6.931879518119643e-06,struct+input
He,273,0.15,qt_then_rd__rf_TRAIN_RATIO0.15,0.01,0.9903313296882224,0.0003945397256058,0.0011343293889381,4.725267837470014e-06,struct+input
He,273,0.15,random_struct__cat_TRAIN_RATIO0.15,0.01,0.9123751207708368,0.0208761947330089,0.0013354997208057,4.374196923608466e-05,struct+input
He,273,0.15,random_struct__gbm_TRAIN_RATIO0.15,0.01,0.9287065496710352,0.0158236614774803,0.0012678184527054,3.730709568355415e-05,struct+input
He,273,0.15,random_struct__rf_TRAIN_RATIO0.15,0.01,0.922120089591016,0.0172859030942959,0.0012664334311646,4.460954024885176e-05,struct+input
He,273,0.2,qt_then_rd__cat_TRAIN_RATIO0.2,0.01,0.9857638247819522,0.0017839564278314,0.0011873453119292,2.1707696903576416e-05,struct+input
He,273,0.2,qt_then_rd__gbm_TRAIN_RATIO0.2,0.01,0.9891885020394112,0.000577895458255,0.0011428360999075,1.0718818354683562e-05,struct+input
He,273,0.2,qt_then_rd__rf_TRAIN_RATIO0.2,0.01,0.989213693302644,0.0007586288500674,0.001123973836769,1.0239318057654127e-05,struct+input
He,273,0.2,random_struct__cat_TRAIN_RATIO0.2,0.01,0.9130569273801198,0.0233240854474456,0.0013185253327506,4.688747860208615e-05,struct+input
He,273,0.2,random_struct__gbm_TRAIN_RATIO0.2,0.01,0.9322933905851724,0.0209006856038662,0.0012492991364153,4.4338424478803217e-05,struct+input
He,273,0.2,random_struct__rf_TRAIN_RATIO0.2,0.01,0.9259979183671426,0.020641656897286,0.0012443868422843,5.10062324257658e-05,struct+input
He,273,0.25,qt_then_rd__cat_TRAIN_RATIO0.25,0.01,0.9868676581374264,0.0008912612134441,0.0011480835392202,1.7070595699771823e-05,struct+input
He,273,0.25,qt_then_rd__gbm_TRAIN_RATIO0.25,0.01,0.9887899538041952,0.0002216886512587,0.0011177803293954,6.718220308535848e-06,struct+input
He,273,0.25,qt_then_rd__rf_TRAIN_RATIO0.25,0.01,0.9889069534769448,0.0001122536431437,0.0010977299273759,4.615540061674235e-06,struct+input
He,273,0.25,random_struct__cat_TRAIN_RATIO0.25,0.01,0.9161637294344044,0.0129713846208789,0.0012774844740925,2.8951775425842e-05,struct+input
He,273,0.25,random_struct__gbm_TRAIN_RATIO0.25,0.01,0.9350139386959168,0.0130774269128731,0.0012206827038443,1.613102563444995e-05,struct+input
He,273,0.25,random_struct__rf_TRAIN_RATIO0.25,0.01,0.9283106272019844,0.0118262832428133,0.0012213077981921,2.196622940008505e-05,struct+input
He,273,0.3,qt_then_rd__cat_TRAIN_RATIO0.3,0.01,0.9871286828954836,0.0006750300892769,0.0011380741783335,1.6237695431023888e-05,struct+input
He,273,0.3,qt_then_rd__gbm_TRAIN_RATIO0.3,0.01,0.9878819698818324,0.0002549018675288,0.0011084937261974,4.884758546224516e-06,struct+input
He,273,0.3,qt_then_rd__rf_TRAIN_RATIO0.3,0.01,0.9878502079999822,0.0002277349209148,0.0010973779272846,9.445261284120694e-06,struct+input
He,273,0.3,random_struct__cat_TRAIN_RATIO0.3,0.01,0.920355193832388,0.0088644929753562,0.0012588539760649,3.534290178926306e-05,struct+input
He,273,0.3,random_struct__gbm_TRAIN_RATIO0.3,0.01,0.9400150931191362,0.0122907876757118,0.0012023381839081,8.016797633715266e-06,struct+input
He,273,0.3,random_struct__rf_TRAIN_RATIO0.3,0.01,0.9330178265537784,0.0107598011604268,0.0012039593149791,7.562036433203001e-06,struct+input
He,273,0.35,qt_then_rd__cat_TRAIN_RATIO0.35,0.01,0.9865389110834772,0.0005804549714976,0.0011110593289561,1.4178313739190706e-05,struct+input
He,273,0.35,qt_then_rd__gbm_TRAIN_RATIO0.35,0.01,0.986988769942232,0.0001014012502038,0.0010959976130195,3.4238896137797847e-06,struct+input
He,273,0.35,qt_then_rd__rf_TRAIN_RATIO0.35,0.01,0.987007320340479,0.0001779801277865,0.0010817617067847,8.360138503372077e-06,struct+input
He,273,0.35,random_struct__cat_TRAIN_RATIO0.35,0.01,0.9209361851995452,0.0076371841042237,0.0012443466179101,2.6031736590577306e-05,struct+input
He,273,0.35,random_struct__gbm_TRAIN_RATIO0.35,0.01,0.9379765614357388,0.0113605991903649,0.0011977660703731,1.2694989855245245e-05,struct+input
He,273,0.35,random_struct__rf_TRAIN_RATIO0.35,0.01,0.931292088338582,0.0096626218541854,0.0012000029264869,7.785110404408986e-06,struct+input
He,273,0.4,qt_then_rd__cat_TRAIN_RATIO0.4,0.01,0.9855424664363296,0.0006352842819116,0.0010959780458648,1.5303604789395308e-05,struct+input
He,273,0.4,qt_then_rd__gbm_TRAIN_RATIO0.4,0.01,0.986265502579022,0.0002559518553598,0.0010801223159789,8.562447980041011e-06,struct+input
He,273,0.4,qt_then_rd__rf_TRAIN_RATIO0.4,0.01,0.9860585813679372,0.0002506660664277,0.0010710339534116,9.33876269859146e-06,struct+input
He,273,0.4,random_struct__cat_TRAIN_RATIO0.4,0.01,0.9273944308653878,0.0233394243346276,0.001220763582114,1.565856125317637e-05,struct+input
He,273,0.4,random_struct__gbm_TRAIN_RATIO0.4,0.01,0.9421911801747956,0.0217797032659164,0.001170389356529,1.0457121109292466e-05,struct+input
He,273,0.4,random_struct__rf_TRAIN_RATIO0.4,0.01,0.9376525486910324,0.0254127295913223,0.0011692674900315,1.7563343139704826e-05,struct+input
He,273,0.45,qt_then_rd__cat_TRAIN_RATIO0.45,0.01,0.9850941227452548,0.0004161668348438,0.0010880899282252,7.109492062353675e-06,struct+input
He,273,0.45,qt_then_rd__gbm_TRAIN_RATIO0.45,0.01,0.9853150128762336,0.0004081445054215,0.001079042550815,1.2382217430504534e-05,struct+input
He,273,0.45,qt_then_rd__rf_TRAIN_RATIO0.45,0.01,0.985133131158956,0.0005533759488264,0.0010617959262228,1.0666382387853833e-05,struct+input
He,273,0.45,random_struct__cat_TRAIN_RATIO0.45,0.01,0.922475591101282,0.0278198821205475,0.001218553310031,2.245331330219873e-05,struct+input
He,273,0.45,random_struct__gbm_TRAIN_RATIO0.45,0.01,0.9380239624165136,0.0217268472712613,0.0011691340485108,1.7111819344277513e-05,struct+input
He,273,0.45,random_struct__rf_TRAIN_RATIO0.45,0.01,0.9343187692107116,0.026936123879461,0.0011673012084335,2.0928387715320177e-05,struct+input
He,273,0.5,qt_then_rd__cat_TRAIN_RATIO0.5,0.01,0.984149870382484,0.0003524534172511,0.0010781693158785,1.5935844542129355e-05,struct+input
He,273,0.5,qt_then_rd__gbm_TRAIN_RATIO0.5,0.01,0.9842973462086888,0.0002946740042713,0.0010707539040864,1.4215093698449068e-05,struct+input
He,273,0.5,qt_then_rd__rf_TRAIN_RATIO0.5,0.01,0.9841256549943256,0.0003886743189967,0.0010556670917132,1.570918462065247e-05,struct+input
He,273,0.5,random_struct__cat_TRAIN_RATIO0.5,0.01,0.9197058153858902,0.0267852757147753,0.0012174604743906,2.2951745248618928e-05,struct+input
He,273,0.5,random_struct__gbm_TRAIN_RATIO0.5,0.01,0.9347790327125908,0.0259363449497028,0.0011664074051508,2.1506594088073356e-05,struct+input
He,273,0.5,random_struct__rf_TRAIN_RATIO0.5,0.01,0.9302254528003944,0.0289619068289151,0.0011637823410667,2.7799904556978e-05,struct+input
He,273,0.55,qt_then_rd__cat_TRAIN_RATIO0.55,0.01,0.9834490180426704,0.0002307135403079,0.0010591862152592,7.543680432149453e-06,struct+input
He,273,0.55,qt_then_rd__gbm_TRAIN_RATIO0.55,0.01,0.9833675553002144,0.0002480147830062,0.0010575604923053,6.070072489095875e-06,struct+input
He,273,0.55,qt_then_rd__rf_TRAIN_RATIO0.55,0.01,0.9831121018501374,0.0002380983606514,0.0010456760726855,7.257114232122461e-06,struct+input
He,273,0.55,random_struct__cat_TRAIN_RATIO0.55,0.01,0.9294913960593076,0.0404943047337844,0.0012120957716971,4.0575568902330095e-05,struct+input
He,273,0.55,random_struct__gbm_TRAIN_RATIO0.55,0.01,0.944637546846078,0.0319983602711336,0.001153872256495,3.3634714945344406e-05,struct+input
He,273,0.55,random_struct__rf_TRAIN_RATIO0.55,0.01,0.9413250173337224,0.03709273414626,0.0011412269846478,4.124202577580208e-05,struct+input
He,273,0.6,qt_then_rd__cat_TRAIN_RATIO0.6,0.01,0.9822083259336876,0.0006209089228047,0.0010664243402296,1.4804893162540046e-05,struct+input
He,273,0.6,qt_then_rd__gbm_TRAIN_RATIO0.6,0.01,0.981929500881722,0.0003281657453504,0.0010690591636019,3.994470149066277e-06,struct+input
He,273,0.6,qt_then_rd__rf_TRAIN_RATIO0.6,0.01,0.9817175151024748,0.0004884216777118,0.0010492938732432,6.115029337936978e-06,struct+input
He,273,0.6,random_struct__cat_TRAIN_RATIO0.6,0.01,0.955633095099104,0.0397130043471638,0.0011685727745641,4.286520642536717e-05,struct+input
He,273,0.6,random_struct__gbm_TRAIN_RATIO0.6,0.01,0.9593970121817122,0.0323114525986346,0.0011322683445036,3.5592313066019954e-05,struct+input
He,273,0.6,random_struct__rf_TRAIN_RATIO0.6,0.01,0.956618470747747,0.0370680666715123,0.0011201144751443,3.9029228531407945e-05,struct+input
He,273,0.65,qt_then_rd__cat_TRAIN_RATIO0.65,0.01,0.9808888312789156,0.0005151941842666,0.0010580648609247,4.336630553539315e-06,struct+input
He,273,0.65,qt_then_rd__gbm_TRAIN_RATIO0.65,0.01,0.9809804107131675,0.0005191788595842,0.0010547881483191,1.3382418848303016e-05,struct+input
He,273,0.65,qt_then_rd__rf_TRAIN_RATIO0.65,0.01,0.9808648507794212,0.0004172555255245,0.001036133170034,7.536139591372732e-06,struct+input
He,273,0.65,random_struct__cat_TRAIN_RATIO0.65,0.01,0.9725192367711752,0.0345557571570326,0.0011353851725701,5.768071646532954e-05,struct+input
He,273,0.65,random_struct__gbm_TRAIN_RATIO0.65,0.01,0.9744639075431252,0.0217617818674665,0.0011082659929911,3.6897839412732935e-05,struct+input
He,273,0.65,random_struct__rf_TRAIN_RATIO0.65,0.01,0.9742940765190792,0.0272400657335639,0.0010878011918847,3.996765700292705e-05,struct+input
He,273,0.7,qt_then_rd__cat_TRAIN_RATIO0.7,0.01,0.9797779181728736,0.000574242266689,0.0010378533094354,9.117746553799684e-06,struct+input
He,273,0.7,qt_then_rd__gbm_TRAIN_RATIO0.7,0.01,0.9792299196275838,0.0004107502279743,0.0010420499033404,9.301299791394134e-06,struct+input
He,273,0.7,qt_then_rd__rf_TRAIN_RATIO0.7,0.01,0.9790455431077746,0.0006675299254684,0.0010241278095314,1.6956503630451133e-05,struct+input
He,273,0.7,random_struct__cat_TRAIN_RATIO0.7,0.01,0.9707764078099036,0.0369394209309553,0.0011276299784448,5.274547600111932e-05,struct+input
He,273,0.7,random_struct__gbm_TRAIN_RATIO0.7,0.01,0.9703432856211548,0.0259037141915128,0.0010980942636716,4.660215689435588e-05,struct+input
He,273,0.7,random_struct__rf_TRAIN_RATIO0.7,0.01,0.972019794770312,0.0313383010906834,0.0010829284251837,4.753445149932237e-05,struct+input
He,273,0.75,qt_then_rd__cat_TRAIN_RATIO0.75,0.01,0.9765950964248596,0.000442247294788,0.0010613377497462,9.233080996163884e-06,struct+input
He,273,0.75,qt_then_rd__gbm_TRAIN_RATIO0.75,0.01,0.976564888294907,0.0007144517286023,0.0010599663094797,1.610103727687348e-05,struct+input
He,273,0.75,qt_then_rd__rf_TRAIN_RATIO0.75,0.01,0.9761544811339998,0.000603851229839,0.0010436576811629,8.93345009024186e-06,struct+input
He,273,0.75,random_struct__cat_TRAIN_RATIO0.75,0.01,0.9657734847662912,0.0445706683692419,0.0011330943787376,6.347164471504672e-05,struct+input
He,273,0.75,random_struct__gbm_TRAIN_RATIO0.75,0.01,0.9659558903488148,0.0287951938034432,0.0011083427464333,4.963125593898164e-05,struct+input
He,273,0.75,random_struct__rf_TRAIN_RATIO0.75,0.01,0.969545019859486,0.0355933349300374,0.0010815320243537,5.347206017130194e-05,struct+input
He,273,0.8,qt_then_rd__cat_TRAIN_RATIO0.8,0.01,0.9764032094741564,0.0005627184330817,0.0010440695146975,1.7696126808463898e-05,struct+input
He,273,0.8,qt_then_rd__gbm_TRAIN_RATIO0.8,0.01,0.9761843133001074,0.0005905692388119,0.0010474220745719,1.4099789536436248e-05,struct+input
He,273,0.8,qt_then_rd__rf_TRAIN_RATIO0.8,0.01,0.9760806638636128,0.0002369879106857,0.0010268579995688,9.580386799171307e-06,struct+input
He,273,0.8,random_struct__cat_TRAIN_RATIO0.8,0.01,0.9626337130994128,0.0490054280375102,0.0011315052699552,5.6453890289582165e-05,struct+input
He,273,0.8,random_struct__gbm_TRAIN_RATIO0.8,0.01,0.9576121589653808,0.0359937372549007,0.0011178090924308,6.075675233135931e-05,struct+input
He,273,0.8,random_struct__rf_TRAIN_RATIO0.8,0.01,0.9624553953937508,0.0454605407526951,0.0010886901061374,5.788382936802719e-05,struct+input
He,293,0.05,qt_then_rd__cat_TRAIN_RATIO0.05,0.01,0.9529774251096402,0.0214625173490134,0.001363251182553,4.0915855347364325e-05,struct+input
He,293,0.05,qt_then_rd__gbm_TRAIN_RATIO0.05,0.01,0.9613661750570696,0.0188697214389131,0.0011613491217558,1.4804174781423253e-05,struct+input
He,293,0.05,qt_then_rd__rf_TRAIN_RATIO0.05,0.01,0.961103143120741,0.0204483315185632,0.0011333963556317,1.0096758237837692e-05,struct+input
He,293,0.05,random_struct__cat_TRAIN_RATIO0.05,0.01,0.8836085580116844,0.0214042407990023,0.0014502908453625,4.5054377179450446e-05,struct+input
He,293,0.05,random_struct__gbm_TRAIN_RATIO0.05,0.01,0.9192037018861888,0.0186071944086388,0.001273077284394,3.5196067401577503e-05,struct+input
He,293,0.05,random_struct__rf_TRAIN_RATIO0.05,0.01,0.909510330906558,0.0163539847817709,0.0012458851175146,4.4432951716861045e-05,struct+input
He,293,0.1,qt_then_rd__cat_TRAIN_RATIO0.1,0.01,0.9778109840534466,0.0180869187977727,0.0011657824063,3.124546150562042e-05,struct+input
He,293,0.1,qt_then_rd__gbm_TRAIN_RATIO0.1,0.01,0.9794700761774252,0.0134104360524279,0.0010692189915682,1.923738444297334e-05,struct+input
He,293,0.1,qt_then_rd__rf_TRAIN_RATIO0.1,0.01,0.9811195549587404,0.0158571133752886,0.0010382583704973,1.5011993784086104e-05,struct+input
He,293,0.1,random_struct__cat_TRAIN_RATIO0.1,0.01,0.900290458708916,0.0165206280703837,0.0012803594748688,5.5823921763264726e-05,struct+input
He,293,0.1,random_struct__gbm_TRAIN_RATIO0.1,0.01,0.925807145978342,0.0147781028067081,0.0011803524435642,2.3500049241643083e-05,struct+input
He,293,0.1,random_struct__rf_TRAIN_RATIO0.1,0.01,0.9186662561020988,0.0146543287313412,0.0011535873025163,2.8554219913615768e-05,struct+input
He,293,0.15,qt_then_rd__cat_TRAIN_RATIO0.15,0.01,0.9871380329519204,0.0011110537388443,0.0011171827627137,2.7178156187903e-05,struct+input
He,293,0.15,qt_then_rd__gbm_TRAIN_RATIO0.15,0.01,0.9875304811351828,0.0074774124150434,0.0010221481227201,1.3933893031599863e-05,struct+input
He,293,0.15,qt_then_rd__rf_TRAIN_RATIO0.15,0.01,0.9898741425674552,0.0029178490380151,0.0009990959332136,1.116380411038367e-05,struct+input
He,293,0.15,random_struct__cat_TRAIN_RATIO0.15,0.01,0.915085285635568,0.0216805386450622,0.0011744008319105,4.995818329206432e-05,struct+input
He,293,0.15,random_struct__gbm_TRAIN_RATIO0.15,0.01,0.929513641480605,0.0164282347675796,0.001121525113845,3.204687738735693e-05,struct+input
He,293,0.15,random_struct__rf_TRAIN_RATIO0.15,0.01,0.9229269068134835,0.0177886065686749,0.0011168207872049,3.9914615748315296e-05,struct+input
He,293,0.2,qt_then_rd__cat_TRAIN_RATIO0.2,0.01,0.9885519435312312,0.000979975041788,0.0010278412123185,1.2828495600552743e-05,struct+input
He,293,0.2,qt_then_rd__gbm_TRAIN_RATIO0.2,0.01,0.9906446802800708,0.0001885572516133,0.0009940608942936,3.854942299285041e-06,struct+input
He,293,0.2,qt_then_rd__rf_TRAIN_RATIO0.2,0.01,0.9907038716073842,0.0002025942711941,0.0009738770873599,5.413615533132847e-06,struct+input
He,293,0.2,random_struct__cat_TRAIN_RATIO0.2,0.01,0.9153309745883896,0.0227093475463682,0.0011613433534599,4.295496798463626e-05,struct+input
He,293,0.2,random_struct__gbm_TRAIN_RATIO0.2,0.01,0.933505433044608,0.0222691333328429,0.0010998163691996,4.511309655979683e-05,struct+input
He,293,0.2,random_struct__rf_TRAIN_RATIO0.2,0.01,0.9270618398058704,0.0213901572438226,0.0010949772035165,4.811870241780855e-05,struct+input
He,293,0.25,qt_then_rd__cat_TRAIN_RATIO0.25,0.01,0.9885539759836592,0.0007070204710564,0.0010058547954787,1.2256553500697337e-05,struct+input
He,293,0.25,qt_then_rd__gbm_TRAIN_RATIO0.25,0.01,0.990012425928022,0.0001464994487169,0.0009778652305749,7.802596191318256e-06,struct+input
He,293,0.25,qt_then_rd__rf_TRAIN_RATIO0.25,0.01,0.9900915864504374,0.0001766074589776,0.0009634273939147,7.1927782934667405e-06,struct+input
He,293,0.25,random_struct__cat_TRAIN_RATIO0.25,0.01,0.9164003945354512,0.0144442065544702,0.0011298466354403,2.9538708934205117e-05,struct+input
He,293,0.25,random_struct__gbm_TRAIN_RATIO0.25,0.01,0.937495870699478,0.0125747355681549,0.0010686277513107,1.9618177861543335e-05,struct+input
He,293,0.25,random_struct__rf_TRAIN_RATIO0.25,0.01,0.9296608595374928,0.0123032261412533,0.0010730592201587,2.631631471808372e-05,struct+input
He,293,0.3,qt_then_rd__cat_TRAIN_RATIO0.3,0.01,0.9878500064491694,0.0009354807968752,0.0009869860491309,1.0158018067070142e-05,struct+input
He,293,0.3,qt_then_rd__gbm_TRAIN_RATIO0.3,0.01,0.989129082423241,0.0001044593261466,0.0009634008111324,4.580004543641831e-06,struct+input
He,293,0.3,qt_then_rd__rf_TRAIN_RATIO0.3,0.01,0.9892461101684392,0.0002179752228316,0.0009450389666472,4.777034296992303e-06,struct+input
He,293,0.3,random_struct__cat_TRAIN_RATIO0.3,0.01,0.9236795513339284,0.0094498841755727,0.0011032830796065,2.0354403760221036e-05,struct+input
He,293,0.3,random_struct__gbm_TRAIN_RATIO0.3,0.01,0.9417532332294718,0.0125848976533707,0.0010521462561573,8.692930206830985e-06,struct+input
He,293,0.3,random_struct__rf_TRAIN_RATIO0.3,0.01,0.9344610141957108,0.0111292775797841,0.0010528786739239,5.062456158075379e-06,struct+input
He,293,0.35,qt_then_rd__cat_TRAIN_RATIO0.35,0.01,0.9873434454104502,0.0007578975087808,0.0009717273440847,1.1935184724243482e-05,struct+input
He,293,0.35,qt_then_rd__gbm_TRAIN_RATIO0.35,0.01,0.9881585158300048,0.0002144655158514,0.0009582661681528,5.561266521193776e-06,struct+input
He,293,0.35,qt_then_rd__rf_TRAIN_RATIO0.35,0.01,0.9881356798790584,0.0002270569815361,0.0009429574102388,5.078589585174858e-06,struct+input
He,293,0.35,random_struct__cat_TRAIN_RATIO0.35,0.01,0.9211888959302575,0.0087176032907298,0.001094959583578,2.2584131583173857e-05,struct+input
He,293,0.35,random_struct__gbm_TRAIN_RATIO0.35,0.01,0.9399184087291272,0.0114026278309672,0.0010429221019794,9.751005713979952e-06,struct+input
He,293,0.35,random_struct__rf_TRAIN_RATIO0.35,0.01,0.9333036135038502,0.0096377284561454,0.0010461870000276,5.8461655676757664e-06,struct+input
He,293,0.4,qt_then_rd__cat_TRAIN_RATIO0.4,0.01,0.98670045292385,0.0006330762240648,0.000957331202378,7.198911181252808e-06,struct+input
He,293,0.4,qt_then_rd__gbm_TRAIN_RATIO0.4,0.01,0.9871318333324446,0.0001842395446411,0.0009556035149017,6.1806695665256965e-06,struct+input
He,293,0.4,qt_then_rd__rf_TRAIN_RATIO0.4,0.01,0.9871901391442792,0.0003134570081462,0.0009373239071641,5.079259705248396e-06,struct+input
He,293,0.4,random_struct__cat_TRAIN_RATIO0.4,0.01,0.9286018245193952,0.0253537567131874,0.0010827056131935,1.7531563993637917e-05,struct+input
He,293,0.4,random_struct__gbm_TRAIN_RATIO0.4,0.01,0.9448677963200464,0.0254716886127606,0.0010178724608511,1.804568520440301e-05,struct+input
He,293,0.4,random_struct__rf_TRAIN_RATIO0.4,0.01,0.9392577136675696,0.0257396366197106,0.0010214187450499,1.5195164286954405e-05,struct+input
He,293,0.45,qt_then_rd__cat_TRAIN_RATIO0.45,0.01,0.9859095109824648,0.0007079697980844,0.0009475819158619,9.294521470492644e-06,struct+input
He,293,0.45,qt_then_rd__gbm_TRAIN_RATIO0.45,0.01,0.986172079095154,0.0002087901196399,0.0009465899139296,7.286261714359838e-06,struct+input
He,293,0.45,qt_then_rd__rf_TRAIN_RATIO0.45,0.01,0.9864043404915224,0.000212071215509,0.0009227857626662,7.625348716136899e-06,struct+input
He,293,0.45,random_struct__cat_TRAIN_RATIO0.45,0.01,0.9258461353583106,0.0290473884481009,0.0010716154898152,1.702875795204161e-05,struct+input
He,293,0.45,random_struct__gbm_TRAIN_RATIO0.45,0.01,0.9411733519047004,0.0247593684994223,0.0010240675023602,1.996225293198124e-05,struct+input
He,293,0.45,random_struct__rf_TRAIN_RATIO0.45,0.01,0.936233132611586,0.0274624179801529,0.0010179207359422,1.995984848662746e-05,struct+input
He,293,0.5,qt_then_rd__cat_TRAIN_RATIO0.5,0.01,0.9847391294966088,0.0002819755848996,0.0009519252401193,7.233265406408898e-06,struct+input
He,293,0.5,qt_then_rd__gbm_TRAIN_RATIO0.5,0.01,0.9855936612353025,0.0001262104032914,0.0009335027585229,5.672666383328567e-06,struct+input
He,293,0.5,qt_then_rd__rf_TRAIN_RATIO0.5,0.01,0.9854949417072127,0.0002759708171088,0.0009188409444324,1.0472967957751698e-05,struct+input
He,293,0.5,random_struct__cat_TRAIN_RATIO0.5,0.01,0.9198827379622878,0.0265629315172886,0.0010785418436551,1.4106792070787436e-05,struct+input
He,293,0.5,random_struct__gbm_TRAIN_RATIO0.5,0.01,0.9350564491826614,0.021846407118214,0.0010260204939003,1.6119417476594364e-05,struct+input
He,293,0.5,random_struct__rf_TRAIN_RATIO0.5,0.01,0.9315158727227422,0.028001160680501,0.0010174911278206,2.3177459495481613e-05,struct+input
He,293,0.55,qt_then_rd__cat_TRAIN_RATIO0.55,0.01,0.9843721819111448,0.0003840545271739,0.0009360091007197,9.495360046317874e-06,struct+input
He,293,0.55,qt_then_rd__gbm_TRAIN_RATIO0.55,0.01,0.984533589218786,0.000344193452859,0.0009324164640497,8.631636695631751e-06,struct+input
He,293,0.55,qt_then_rd__rf_TRAIN_RATIO0.55,0.01,0.9844472386373188,0.0001598149649361,0.0009166451251056,6.52502818896036e-06,struct+input
He,293,0.55,random_struct__cat_TRAIN_RATIO0.55,0.01,0.9321631440092504,0.0419176483001028,0.0010616778183282,3.742521628548465e-05,struct+input
He,293,0.55,random_struct__gbm_TRAIN_RATIO0.55,0.01,0.9454300220720032,0.0307744765528447,0.0010033386691517,2.7997194928978632e-05,struct+input
He,293,0.55,random_struct__rf_TRAIN_RATIO0.55,0.01,0.9429293447034356,0.0365904239279667,0.000996253850686,3.4923864166703126e-05,struct+input
He,293,0.6,qt_then_rd__cat_TRAIN_RATIO0.6,0.01,0.9826949317974242,0.0005583888887828,0.0009371953790557,1.514045342116339e-05,struct+input
He,293,0.6,qt_then_rd__gbm_TRAIN_RATIO0.6,0.01,0.9832510499673052,0.0003029825556918,0.0009266803457054,1.0497901648176096e-05,struct+input
He,293,0.6,qt_then_rd__rf_TRAIN_RATIO0.6,0.01,0.9829812665801568,0.000302892183086,0.0009145079754022,8.919968153016356e-06,struct+input
He,293,0.6,random_struct__cat_TRAIN_RATIO0.6,0.01,0.9572920548128556,0.041117565709271,0.0010216614171163,4.1652155266629374e-05,struct+input
He,293,0.6,random_struct__gbm_TRAIN_RATIO0.6,0.01,0.9563133594379148,0.0305213911921162,0.000991373350744,2.514029840847937e-05,struct+input
He,293,0.6,random_struct__rf_TRAIN_RATIO0.6,0.01,0.9567716686802982,0.0364513468503492,0.0009797272357907,2.7821408327479315e-05,struct+input
He,293,0.65,qt_then_rd__cat_TRAIN_RATIO0.65,0.01,0.9824667756708416,0.0004850640716269,0.0009231824951162,1.845396574333625e-05,struct+input
He,293,0.65,qt_then_rd__gbm_TRAIN_RATIO0.65,0.01,0.982364819701836,0.0005316531412627,0.0009229040900255,1.7009175349289094e-05,struct+input
He,293,0.65,qt_then_rd__rf_TRAIN_RATIO0.65,0.01,0.9826839819924812,0.0004803957135513,0.0008965355263274,1.3431808615579722e-05,struct+input
He,293,0.65,random_struct__cat_TRAIN_RATIO0.65,0.01,0.9739035691227664,0.0334051433382308,0.0009999248735981,4.547467931805848e-05,struct+input
He,293,0.65,random_struct__gbm_TRAIN_RATIO0.65,0.01,0.9693220124633392,0.0223325605707046,0.0009675427341291,2.454216953022586e-05,struct+input
He,293,0.65,random_struct__rf_TRAIN_RATIO0.65,0.01,0.97314885203214,0.0266036129594166,0.0009494121063778,2.1271371270096294e-05,struct+input
He,293,0.7,qt_then_rd__cat_TRAIN_RATIO0.7,0.01,0.9810662171355892,0.0006047902917494,0.0009161720743699,1.07996627223875e-05,struct+input
He,293,0.7,qt_then_rd__gbm_TRAIN_RATIO0.7,0.01,0.980887165895172,0.0005226364692811,0.0009199530545073,1.2104191963506603e-05,struct+input
He,293,0.7,qt_then_rd__rf_TRAIN_RATIO0.7,0.01,0.9809072087783568,0.0005679021489007,0.0009003611111183,9.028280023152094e-06,struct+input
He,293,0.7,random_struct__cat_TRAIN_RATIO0.7,0.01,0.9724945440712534,0.037429834206137,0.0009884752075181,4.887707861092054e-05,struct+input
He,293,0.7,random_struct__gbm_TRAIN_RATIO0.7,0.01,0.9617251178777168,0.0265805601384936,0.0009687530822048,2.9589900267905628e-05,struct+input
He,293,0.7,random_struct__rf_TRAIN_RATIO0.7,0.01,0.9697533166291888,0.0304540397132715,0.0009442598220873,3.058374438696792e-05,struct+input
He,293,0.75,qt_then_rd__cat_TRAIN_RATIO0.75,0.01,0.9792428454505078,0.0006677046529954,0.0009273626551049,9.144075124764214e-06,struct+input
He,293,0.75,qt_then_rd__gbm_TRAIN_RATIO0.75,0.01,0.979209898222616,0.0006317006977285,0.0009221188844327,1.360231778025523e-05,struct+input
He,293,0.75,qt_then_rd__rf_TRAIN_RATIO0.75,0.01,0.9793852672348312,0.0006886489036465,0.0008962406931698,9.31871474316912e-06,struct+input
He,293,0.75,random_struct__cat_TRAIN_RATIO0.75,0.01,0.9683941692076824,0.0426870629904123,0.0009906141945644,4.872154921538028e-05,struct+input
He,293,0.75,random_struct__gbm_TRAIN_RATIO0.75,0.01,0.960521829439689,0.031013217244659,0.0009680281628841,3.389283691743568e-05,struct+input
He,293,0.75,random_struct__rf_TRAIN_RATIO0.75,0.01,0.967302886817032,0.0345188286188849,0.0009451196140484,3.496434444630603e-05,struct+input
He,293,0.8,qt_then_rd__cat_TRAIN_RATIO0.8,0.01,0.9783872433757108,0.0012044339129404,0.0009077720194099,1.546895558788532e-05,struct+input
He,293,0.8,qt_then_rd__gbm_TRAIN_RATIO0.8,0.01,0.9784850993501304,0.0008539605941266,0.0009080237129616,1.5597180158359876e-05,struct+input
He,293,0.8,qt_then_rd__rf_TRAIN_RATIO0.8,0.01,0.9783012013624562,0.0011903614466171,0.0008880069853399,1.927493155946598e-05,struct+input
He,293,0.8,random_struct__cat_TRAIN_RATIO0.8,0.01,0.9620504214815976,0.0518890758377667,0.0009927329122881,5.896333573133213e-05,struct+input
He,293,0.8,random_struct__gbm_TRAIN_RATIO0.8,0.01,0.9599495312369916,0.0361854096988093,0.0009724075681951,5.048087328450679e-05,struct+input
He,293,0.8,random_struct__rf_TRAIN_RATIO0.8,0.01,0.9604971662721162,0.0447838911291771,0.0009527077834962,5.4615317008350944e-05,struct+input
He,313,0.05,qt_then_rd__cat_TRAIN_RATIO0.05,0.01,0.9509612197970894,0.0247096290121944,0.0012136785093641,6.449569049801464e-05,struct+input
He,313,0.05,qt_then_rd__gbm_TRAIN_RATIO0.05,0.01,0.9581322404166064,0.0188778791588381,0.0010697355564118,3.1214541417196384e-05,struct+input
He,313,0.05,qt_then_rd__rf_TRAIN_RATIO0.05,0.01,0.9591683181593978,0.0227802930890735,0.0010326800926552,2.633556291548133e-05,struct+input
He,313,0.05,random_struct__cat_TRAIN_RATIO0.05,0.01,0.8851230418143334,0.0225037424188671,0.0013113620833901,4.378091635009943e-05,struct+input
He,313,0.05,random_struct__gbm_TRAIN_RATIO0.05,0.01,0.9178418724613056,0.0189938981544291,0.0011590985618053,4.119289730756982e-05,struct+input
He,313,0.05,random_struct__rf_TRAIN_RATIO0.05,0.01,0.9078954628295016,0.0164120673961814,0.001141313490701,3.714689767275532e-05,struct+input
He,313,0.1,qt_then_rd__cat_TRAIN_RATIO0.1,0.01,0.964973375639704,0.0277134805655455,0.0010579091394517,9.590089768881091e-06,struct+input
He,313,0.1,qt_then_rd__gbm_TRAIN_RATIO0.1,0.01,0.9768243081803366,0.017424461667634,0.0009856903070253,1.6728498917663432e-05,struct+input
He,313,0.1,qt_then_rd__rf_TRAIN_RATIO0.1,0.01,0.9736314628927903,0.0214710739465663,0.0009636557172593,1.3415449547123462e-05,struct+input
He,313,0.1,random_struct__cat_TRAIN_RATIO0.1,0.01,0.9001542256863772,0.016232140446582,0.0011609271771453,4.267747196194407e-05,struct+input
He,313,0.1,random_struct__gbm_TRAIN_RATIO0.1,0.01,0.9252819797908756,0.0149795031983151,0.0010829990587053,2.8826449346580423e-05,struct+input
He,313,0.1,random_struct__rf_TRAIN_RATIO0.1,0.01,0.9167556600745336,0.0149918637549299,0.0010695275673996,2.930487828798329e-05,struct+input
He,313,0.15,qt_then_rd__cat_TRAIN_RATIO0.15,0.01,0.988299616810305,0.0013502175995277,0.0009798707505289,1.6041808286174812e-05,struct+input
He,313,0.15,qt_then_rd__gbm_TRAIN_RATIO0.15,0.01,0.9910716744665444,0.0003196837977439,0.0009305512102013,4.5512281433566185e-06,struct+input
He,313,0.15,qt_then_rd__rf_TRAIN_RATIO0.15,0.01,0.9908643311159976,0.0004698472679875,0.0009172045254293,9.723768084241164e-06,struct+input
He,313,0.15,random_struct__cat_TRAIN_RATIO0.15,0.01,0.9144148025066066,0.0226438184569764,0.0010694652881352,4.436786100445411e-05,struct+input
He,313,0.15,random_struct__gbm_TRAIN_RATIO0.15,0.01,0.9281735051045604,0.0177810970066903,0.0010247524498073,4.013001765611932e-05,struct+input
He,313,0.15,random_struct__rf_TRAIN_RATIO0.15,0.01,0.9217876991557772,0.0184977117843916,0.0010186544591184,4.064982063260082e-05,struct+input
He,313,0.2,qt_then_rd__cat_TRAIN_RATIO0.2,0.01,0.9874859094226442,0.0017387380863988,0.0009542527217172,1.539817768524889e-05,struct+input
He,313,0.2,qt_then_rd__gbm_TRAIN_RATIO0.2,0.01,0.99060665781173,0.0005809073380726,0.0009012055837228,7.365265271276499e-06,struct+input
He,313,0.2,qt_then_rd__rf_TRAIN_RATIO0.2,0.01,0.9907198073208524,0.0002694449398962,0.0008914541331516,3.3207925403783e-06,struct+input
He,313,0.2,random_struct__cat_TRAIN_RATIO0.2,0.01,0.9161123473889128,0.0242045829137977,0.0010523317768359,4.305585950832695e-05,struct+input
He,313,0.2,random_struct__gbm_TRAIN_RATIO0.2,0.01,0.9325377968027146,0.0223616480874925,0.0009995103703219,4.293974365515484e-05,struct+input
He,313,0.2,random_struct__rf_TRAIN_RATIO0.2,0.01,0.9259503246542664,0.0220495471969868,0.0009961747043078,4.283513967544395e-05,struct+input
He,313,0.25,qt_then_rd__cat_TRAIN_RATIO0.25,0.01,0.9886818953883356,0.0006932813945345,0.0009179888929606,1.063114707967701e-05,struct+input
He,313,0.25,qt_then_rd__gbm_TRAIN_RATIO0.25,0.01,0.99002335812543,0.0002056386888233,0.0008915286666591,4.989835763811628e-06,struct+input
He,313,0.25,qt_then_rd__rf_TRAIN_RATIO0.25,0.01,0.9898132097298432,0.0002161593859508,0.0008826963278103,8.219359801413864e-06,struct+input
He,313,0.25,random_struct__cat_TRAIN_RATIO0.25,0.01,0.9183433454160228,0.0149834756969538,0.0010242373699712,2.768705602112426e-05,struct+input
He,313,0.25,random_struct__gbm_TRAIN_RATIO0.25,0.01,0.935125855476836,0.0146838265924767,0.0009736350849069,2.087597761252264e-05,struct+input
He,313,0.25,random_struct__rf_TRAIN_RATIO0.25,0.01,0.9286833923713514,0.012494021318596,0.0009772218297813,1.955923918016348e-05,struct+input
He,313,0.3,qt_then_rd__cat_TRAIN_RATIO0.3,0.01,0.9875736745474916,0.0008231958368167,0.0009071490133401,8.900805213416246e-06,struct+input
He,313,0.3,qt_then_rd__gbm_TRAIN_RATIO0.3,0.01,0.9892286031763272,0.000239353723292,0.0008802786709697,2.9907827349949584e-06,struct+input
He,313,0.3,qt_then_rd__rf_TRAIN_RATIO0.3,0.01,0.9889807464411908,0.000251742422998,0.0008759537971402,4.251515824753514e-06,struct+input
He,313,0.3,random_struct__cat_TRAIN_RATIO0.3,0.01,0.9230182676802428,0.0102910440912843,0.0010060106417433,2.1268446655842887e-05,struct+input
He,313,0.3,random_struct__gbm_TRAIN_RATIO0.3,0.01,0.940129979294602,0.0124829801809092,0.0009575827259211,1.0290398458081066e-05,struct+input
He,313,0.3,random_struct__rf_TRAIN_RATIO0.3,0.01,0.9332142732727104,0.011430596364088,0.0009613363882895,4.80403292812764e-06,struct+input
He,313,0.35,qt_then_rd__cat_TRAIN_RATIO0.35,0.01,0.9869884454733108,0.0009028639006909,0.0008860847505247,5.169921856066558e-06,struct+input
He,313,0.35,qt_then_rd__gbm_TRAIN_RATIO0.35,0.01,0.988195571961478,0.0001628364597936,0.0008676957212924,3.907157091319175e-06,struct+input
He,313,0.35,qt_then_rd__rf_TRAIN_RATIO0.35,0.01,0.9878055737527252,0.0002795647952275,0.0008671701483936,7.524477052053316e-06,struct+input
He,313,0.35,random_struct__cat_TRAIN_RATIO0.35,0.01,0.9190290724994702,0.0118019409348165,0.0009945922066249,1.8955728735867075e-05,struct+input
He,313,0.35,random_struct__gbm_TRAIN_RATIO0.35,0.01,0.9386034082831064,0.0108234944743802,0.0009473236906343,1.5200980544591676e-05,struct+input
He,313,0.35,random_struct__rf_TRAIN_RATIO0.35,0.01,0.9319740728903813,0.0094436590309972,0.000954534872514,5.836759181938127e-06,struct+input
He,313,0.4,qt_then_rd__cat_TRAIN_RATIO0.4,0.01,0.985299957288016,0.0017535622794647,0.0008819962296093,9.206655493036228e-06,struct+input
He,313,0.4,qt_then_rd__gbm_TRAIN_RATIO0.4,0.01,0.9871215852035832,0.0002954416441211,0.0008631068551469,3.6791090075665535e-06,struct+input
He,313,0.4,qt_then_rd__rf_TRAIN_RATIO0.4,0.01,0.9867233918156796,0.0002660638383632,0.000861243277827,3.512594184368631e-06,struct+input
He,313,0.4,random_struct__cat_TRAIN_RATIO0.4,0.01,0.926792357788097,0.0257419035517124,0.0009856578714203,8.49112570993897e-06,struct+input
He,313,0.4,random_struct__gbm_TRAIN_RATIO0.4,0.01,0.9425519041990548,0.0231739569154987,0.0009300102132176,1.4373548839256995e-05,struct+input
He,313,0.4,random_struct__rf_TRAIN_RATIO0.4,0.01,0.9383850654933936,0.0270874387885547,0.0009395382756793,1.5797865696696882e-05,struct+input
He,313,0.45,qt_then_rd__cat_TRAIN_RATIO0.45,0.01,0.9853185371423734,0.0008663246714193,0.0008682522017772,5.322129462002256e-06,struct+input
He,313,0.45,qt_then_rd__gbm_TRAIN_RATIO0.45,0.01,0.986305095278467,0.0002035895100182,0.0008576332330596,2.890488044474797e-06,struct+input
He,313,0.45,qt_then_rd__rf_TRAIN_RATIO0.45,0.01,0.9859668198031614,0.0002806271568741,0.0008518713687432,6.561796241653325e-06,struct+input
He,313,0.45,random_struct__cat_TRAIN_RATIO0.45,0.01,0.9237982543255048,0.031003316509723,0.0009734412894249,1.5678667918300266e-05,struct+input
He,313,0.45,random_struct__gbm_TRAIN_RATIO0.45,0.01,0.9391114740531096,0.0240816153051922,0.0009268062360194,1.639729396385459e-05,struct+input
He,313,0.45,random_struct__rf_TRAIN_RATIO0.45,0.01,0.9349320405239752,0.0282923576016254,0.0009365832926936,1.746345073604451e-05,struct+input
He,313,0.5,qt_then_rd__cat_TRAIN_RATIO0.5,0.01,0.9842667569036274,0.0008285439121398,0.0008657338324655,3.504470310147653e-06,struct+input
He,313,0.5,qt_then_rd__gbm_TRAIN_RATIO0.5,0.01,0.9850988895106048,0.000409053452437,0.000856602958216,7.555772868627501e-06,struct+input
He,313,0.5,qt_then_rd__rf_TRAIN_RATIO0.5,0.01,0.9846962000756984,0.0004324970814865,0.0008507097227947,7.845076082891782e-06,struct+input
He,313,0.5,random_struct__cat_TRAIN_RATIO0.5,0.01,0.9178787252460444,0.0275417839414681,0.000981269552757,1.8510077633420204e-05,struct+input
He,313,0.5,random_struct__gbm_TRAIN_RATIO0.5,0.01,0.9368883640398432,0.0289717980786203,0.0009215732893488,2.5323211422229324e-05,struct+input
He,313,0.5,random_struct__rf_TRAIN_RATIO0.5,0.01,0.9306951479848712,0.0302958531472256,0.0009340220011877,2.157856026857752e-05,struct+input
He,313,0.55,qt_then_rd__cat_TRAIN_RATIO0.55,0.01,0.9833157747112862,0.0005662488490465,0.0008599444000343,1.0252405987362433e-05,struct+input
He,313,0.55,qt_then_rd__gbm_TRAIN_RATIO0.55,0.01,0.9844619821311102,0.0004256908258128,0.0008516003507332,1.1153374398847055e-05,struct+input
He,313,0.55,qt_then_rd__rf_TRAIN_RATIO0.55,0.01,0.9840604775286528,0.0002689589968545,0.0008432414616507,4.9726581786193085e-06,struct+input
He,313,0.55,random_struct__cat_TRAIN_RATIO0.55,0.01,0.9310114334098564,0.04491935115442,0.0009629956951338,4.0035550427136384e-05,struct+input
He,313,0.55,random_struct__gbm_TRAIN_RATIO0.55,0.01,0.942072657085385,0.0314430262521101,0.0009146406980298,2.935832365569544e-05,struct+input
He,313,0.55,random_struct__rf_TRAIN_RATIO0.55,0.01,0.9419018806111504,0.0383874059514872,0.0009164764186159,3.895597960233927e-05,struct+input
He,313,0.6,qt_then_rd__cat_TRAIN_RATIO0.6,0.01,0.983072750144168,0.0003109632898283,0.0008498024331264,4.738407427174608e-06,struct+input
He,313,0.6,qt_then_rd__gbm_TRAIN_RATIO0.6,0.01,0.9836590352833736,0.0003042554253206,0.0008385142436258,6.739518629585939e-06,struct+input
He,313,0.6,qt_then_rd__rf_TRAIN_RATIO0.6,0.01,0.9829780777492516,0.0003842631824102,0.0008371298375791,6.257566594717595e-06,struct+input
He,313,0.6,random_struct__cat_TRAIN_RATIO0.6,0.01,0.9575494334385464,0.0414620869623509,0.0009324323517608,4.629053562038879e-05,struct+input
He,313,0.6,random_struct__gbm_TRAIN_RATIO0.6,0.01,0.9579515297431692,0.0328129830449272,0.0008981268445264,3.231519077265476e-05,struct+input
He,313,0.6,random_struct__rf_TRAIN_RATIO0.6,0.01,0.9560356980180184,0.0372043037546855,0.0009000956832816,3.530437033915429e-05,struct+input
He,313,0.65,qt_then_rd__cat_TRAIN_RATIO0.65,0.01,0.9808295682961792,0.000620558435988,0.0008514518824975,3.674389754467258e-06,struct+input
He,313,0.65,qt_then_rd__gbm_TRAIN_RATIO0.65,0.01,0.9818246734996516,0.0003720171280312,0.0008439181129916,9.659122688733217e-06,struct+input
He,313,0.65,qt_then_rd__rf_TRAIN_RATIO0.65,0.01,0.981124573214638,0.0001800445715043,0.0008402999343938,6.287264211341658e-06,struct+input
He,313,0.65,random_struct__cat_TRAIN_RATIO0.65,0.01,0.9735638404516916,0.0351470066427313,0.0009067328955827,5.52820539312559e-05,struct+input
He,313,0.65,random_struct__gbm_TRAIN_RATIO0.65,0.01,0.9683906696068596,0.0235612303258702,0.0008806636997437,3.089573873067773e-05,struct+input
He,313,0.65,random_struct__rf_TRAIN_RATIO0.65,0.01,0.9731686056121605,0.0277883303318922,0.000873536785854,3.776120862869771e-05,struct+input
He,313,0.7,qt_then_rd__cat_TRAIN_RATIO0.7,0.01,0.9802471841395318,0.0005204119588126,0.0008391294309158,7.834049395229995e-06,struct+input
He,313,0.7,qt_then_rd__gbm_TRAIN_RATIO0.7,0.01,0.97996711357402,0.0004845791747094,0.0008395381622386,6.269020077254414e-06,struct+input
He,313,0.7,qt_then_rd__rf_TRAIN_RATIO0.7,0.01,0.9793668120130288,0.0004143350543707,0.0008336039435775,6.886621442422968e-06,struct+input
He,313,0.7,random_struct__cat_TRAIN_RATIO0.7,0.01,0.9723847742788214,0.0377218142509383,0.0009009470990273,5.154415510198464e-05,struct+input
He,313,0.7,random_struct__gbm_TRAIN_RATIO0.7,0.01,0.9694289741632526,0.0261013145954322,0.0008704847154155,3.5686953711097004e-05,struct+input
He,313,0.7,random_struct__rf_TRAIN_RATIO0.7,0.01,0.970157320254182,0.0319104030041052,0.0008679057092792,4.406194138215293e-05,struct+input
He,313,0.75,qt_then_rd__cat_TRAIN_RATIO0.75,0.01,0.9788630293707484,0.0004936210376134,0.0008346525948144,1.3248431601810715e-05,struct+input
He,313,0.75,qt_then_rd__gbm_TRAIN_RATIO0.75,0.01,0.978825318477612,0.0006293800408092,0.0008371567402765,9.149047286168149e-06,struct+input
He,313,0.75,qt_then_rd__rf_TRAIN_RATIO0.75,0.01,0.978203430817668,0.0006806110564755,0.0008265081691908,1.0171874428085582e-05,struct+input
He,313,0.75,random_struct__cat_TRAIN_RATIO0.75,0.01,0.9685786982050744,0.0434660733428751,0.0008965742739658,5.031760489929924e-05,struct+input
He,313,0.75,random_struct__gbm_TRAIN_RATIO0.75,0.01,0.9663316119966828,0.0316032730522676,0.0008729073490629,4.3667904607412815e-05,struct+input
He,313,0.75,random_struct__rf_TRAIN_RATIO0.75,0.01,0.9693071469942206,0.0366746780724732,0.0008636842211212,4.651946480166028e-05,struct+input
He,313,0.8,qt_then_rd__cat_TRAIN_RATIO0.8,0.01,0.9779711319701494,0.0010261405363458,0.0008157376888623,1.1475856403111154e-05,struct+input
He,313,0.8,qt_then_rd__gbm_TRAIN_RATIO0.8,0.01,0.9780616007657074,0.0006139651570722,0.0008170277962671,1.2177745306419176e-05,struct+input
He,313,0.8,qt_then_rd__rf_TRAIN_RATIO0.8,0.01,0.9772636298430804,0.0003785517474836,0.0008105965893385,9.96502841329668e-06,struct+input
He,313,0.8,random_struct__cat_TRAIN_RATIO0.8,0.01,0.9624298429221244,0.0516806328489812,0.0009069404529878,6.186052855165056e-05,struct+input
He,313,0.8,random_struct__gbm_TRAIN_RATIO0.8,0.01,0.9608399280603204,0.0388239498206964,0.0008826308234183,5.297997611286263e-05,struct+input
He,313,0.8,random_struct__rf_TRAIN_RATIO0.8,0.01,0.9625839571856551,0.0471276844611325,0.0008726773990321,6.225399774146955e-05,struct+input
