folder,filename,num_atoms,a,b,c,aspect_ratio_ab,aspect_ratio_ac,aspect_ratio_bc
disorder_1877,MODPAW_charged.cif,102,11.129000000000001,15.2774,15.2774,0.7284616492335084,0.7284616492335084,1.0
disorder_1877,NAXKOO01_SL.cif,42,6.608,7.7998,10.616974446674698,0.8472012102874432,0.6223995388883757,0.7346537414378864
disorder_1877,YAQZAT_ion_b.cif,132,9.1844,11.5401,21.615,0.7958683200318888,0.42490862826740694,0.5338931297709925
disorder_1877,TEQPEM_SL.cif,142,20.626999999999995,20.626999999999995,20.626999999999995,1.0,1.0,1.0
disorder_1877,DANZOJ_neutral.cif,180,18.8072,18.8072,18.8072,1.0,1.0,1.0
disorder_1877,ACECIV_ion_b.cif,228,10.601,11.464,26.841,0.9247208653175157,0.39495547855892105,0.4271077828694907
disorder_1877,PUWCEP_charged.cif,180,13.4677,13.4677,13.4677,1.0,1.0,1.0
disorder_1877,QUQGEP_neutral.cif,222,11.908,16.3176,16.31754581487849,0.7297641810070109,0.7297666043102006,1.0000033206661176
structure_10143,WEGDIX_charged.cif,110,7.8398,14.425,14.4884,0.5434870017331023,0.5411087490682202,0.9956240854752768
disorder_1877,MODMUN_charged.cif,228,10.946,15.847,23.705,0.6907301066447908,0.4617591225479857,0.668508753427547
disorder_1877,LIKCOY_charged.cif,208,15.316300000000002,15.3163,16.881,1.0000000000000002,0.9073099934837985,0.9073099934837984
disorder_1877,VAKRIK_ion_b.cif,162,9.767015962937672,17.318799999999996,18.311,0.5639545443643713,0.5333960986804474,0.9458139915897545
disorder_1877,MIQLEE_charged.cif,348,11.3684,17.0175,24.5043,0.6680417217570148,0.4639349012214182,0.6944699501720105
disorder_1877,FEVNEA_charged.cif,436,17.5661,23.432700000000004,27.091,0.7496404596994796,0.6484109113727805,0.864962533682773
structure_10143,YUVGOL_SL.cif,324,20.306720684988054,20.3067,20.3067,1.0000010186287311,1.0000010186287311,1.0
structure_10143,XICYIT_SL.cif,332,13.57,19.8,28.39,0.6853535353535354,0.4779852060584713,0.6974286720676295
structure_10143,SOYWOT_neutral_b.cif,156,18.6069,18.6069,18.6069,1.0,1.0,1.0
structure_10143,VEQBOJ_charged.cif,376,10.547,22.651,24.627,0.4656306564831575,0.4282697851951111,0.9197628618995412
structure_10143,ICITUK_charged.cif,356,17.6646,17.6646,28.0569,1.0,0.6295991360414016,0.6295991360414016
structure_10143,HIXDOH01_manual.cif,46,9.745,9.745,10.774176754683406,1.0,0.9044774577105359,0.9044774577105359
structure_10143,LAJDUV02_charged.cif,54,8.931000000000001,8.931,10.893,1.0000000000000002,0.8198843293858441,0.819884329385844
structure_10143,KAGCAY_charged.cif,272,21.3514,21.3514,21.3514,1.0,1.0,1.0
structure_10143,OKIVIO01_charged.cif,428,15.844,15.844,21.837,1.0,0.7255575399551221,0.7255575399551221
structure_10143,DANZID_charged.cif,422,9.9941,29.2846,29.2846,0.34127493631465,0.34127493631465,1.0
structure_10143,ZAYJOA_charged.cif,380,12.283000000000001,21.743,22.757,0.5649174446948444,0.5397460122160215,0.9554422814958033
structure_10143,MINVUA_SL.cif,38,6.812,11.139899277035678,11.139899277035678,0.6114956545471272,0.6114956545471272,1.0
structure_10143,ECUFAL_charged.cif,86,9.533,12.9239,12.9239,0.7376256393194005,0.7376256393194005,1.0
structure_10143,YUSGOJ_SL.cif,122,9.5591,9.782,18.288,0.9772132488243713,0.5226979440069992,0.5348862642169728
structure_10143,NEVPUA_charged.cif,264,13.256,18.193,18.193,0.7286318913867971,0.7286318913867971,1.0
structure_10143,SOKKOT_ion_b.cif,176,13.5065,13.5065,15.9076,1.0,0.8490595690110387,0.8490595690110387
structure_10143,HAFVUH_SL.cif,76,12.301,12.440337089283393,12.440337089283393,0.9887995728505281,0.9887995728505281,1.0
disorder_1877,CAXSUR_SL.cif,264,19.0518,19.0518,19.0518,1.0,1.0,1.0
structure_10143,CAVPIA_manual.cif,516,27.449,27.449,27.449,1.0,1.0,1.0
structure_10143,IKOSUW_charged.cif,280,10.815,16.413,22.7861,0.6589288978248948,0.4746314639187926,0.7203075559222508
structure_10143,FEVNIE_charged.cif,420,20.495,22.701,27.435,0.9028236641557641,0.7470384545288865,0.82744669218152
structure_10143,NOQLOV_charged.cif,80,8.661800000000001,9.0311,16.172792616439086,0.9591079713434688,0.5355784993616737,0.5584131457185816
structure_10143,OGOJOJ_charged.cif,484,15.0699,15.7002,27.248,0.9598540145985401,0.5530644450968878,0.5761964180857311
disorder_1877,ISAYOQ_charged.cif,292,13.4623,13.462299999999999,25.110289732459783,1.0000000000000002,0.5361268286202783,0.5361268286202783
structure_10143,IFAREN_charged.cif,688,18.217400000000005,20.2987,28.4749,0.8974663402089791,0.6397704645143619,0.7128629073324225
disorder_1877,LUXFEQ_charged.cif,606,26.832800000000002,26.832800000000002,26.8328,1.0,1.0000000000000002,1.0000000000000002
structure_10143,TAMZUE_charged.cif,210,11.145000000000001,12.424,22.18,0.8970540888602706,0.5024797114517584,0.5601442741208296
structure_10143,ILUFEB_charged.cif,237,13.7819,15.1675,15.169,0.9086467776495797,0.9085569253081943,0.999901114114312
structure_10143,QEPZUH_charged.cif,702,23.8713,23.8713,32.565,1.0,0.7330354675264856,0.7330354675264856
structure_10143,FEZCOD_charged.cif,484,15.132799999999998,15.7292,27.2884,0.9620832591613049,0.554550651558904,0.576406091965817
disorder_1877,WAVQIV_ion_b.cif,675,27.1319,27.1319,27.1319,1.0,1.0,1.0
structure_10143,OKIYIR02_charged.cif,428,15.8029,15.8029,21.845,1.0,0.7234103913939116,0.7234103913939116
structure_10143,PEJMUN_charged.cif,436,21.464033776207586,21.4638,21.463799999999996,1.0000108916504806,1.0000108916504808,1.0000000000000002
disorder_1877,FIHHUB_SL.cif,432,19.8941,25.412500000000005,25.4125,0.7828470241023118,0.7828470241023119,1.0000000000000002
structure_10143,HAFWAO_charged.cif,424,21.800085819522007,21.8004,21.8004,0.9999855883159028,0.9999855883159028,1.0
structure_10143,WENKIL_manual.cif,208,9.2706,15.663,22.31,0.591878950392645,0.41553563424473333,0.7020618556701032
structure_10143,ZARMAI_charged.cif,252,18.829340164540785,18.8292,18.829199999999997,1.0000074439987245,1.0000074439987248,1.0000000000000002
structure_10143,KUBQAA_charged.cif,480,17.939799999999998,19.7466,25.7517,0.9085007039186491,0.6966452700210083,0.7668076282342525
structure_10143,FAWCEN01_SL.cif,138,14.646414919243849,14.6464,14.646399999999998,1.0000010186287311,1.0000010186287314,1.0000000000000002
structure_10143,HUZFOY_charged.cif,155,13.979300000000002,13.979300000000002,13.9793,1.0,1.0000000000000002,1.0000000000000002
structure_10143,TADWIG_manual.cif,344,12.7526,26.64653675576304,26.6465,0.47858376932386537,0.4785844294747903,1.0000013793842735
structure_10143,HUZFIS_charged.cif,250,13.0315,13.031500000000001,25.0942,0.9999999999999999,0.5193032652963633,0.5193032652963633
structure_10143,TONBUU_charged.cif,344,14.1157,17.866899999999998,19.8394,0.7900475180361451,0.7114983316027702,0.9005766303416433
structure_10143,FUTKEL_manual.cif,196,15.2904,15.2904,17.667498058035143,1.0,0.8654536114719399,0.8654536114719399
structure_10143,WUNVIL_charged.cif,408,15.8506,15.8506,21.576,1.0,0.7346403411197627,0.7346403411197627
structure_10143,ITIWIS_charged.cif,408,15.8746,15.8746,21.497,1.0,0.7384565288179745,0.7384565288179745
structure_10143,IDAGEA_charged.cif,180,9.0518,16.8846,16.8846,0.5360979827772053,0.5360979827772053,1.0
structure_10143,YAQZEX_ion_b.cif,256,13.198,14.852,23.407,0.8886345273363857,0.563848421412398,0.6345110437048747
structure_10143,UDOVUG_charged.cif,288,10.481,23.986,23.986,0.4369632285499875,0.4369632285499875,1.0
structure_10143,VEHROR_charged.cif,228,15.698,17.3214,17.9367,0.9062777835509832,0.875188858597178,0.9656960310424996
structure_10143,KIBYAW_charged.cif,184,13.627,14.044,16.321,0.9703076046710339,0.8349365847680902,0.8604864897984191
structure_10143,LIRVAK_charged.cif,274,11.5557,14.099900000000002,25.6278,0.819559003964567,0.4509048767354201,0.5501798827835398
structure_10143,FECZAQ_manual.cif,252,17.3043,17.9565,18.377,0.9636788906524102,0.9416281221091584,0.9771181368014366
structure_10143,AXUBAW_manual.cif,178,18.1115,18.1115,18.1115,1.0,1.0,1.0
structure_10143,OKIXIQ_charged.cif,408,15.8832,15.8832,21.7,1.0,0.7319447004608295,0.7319447004608295
structure_10143,NANYUX02_charged.cif,120,9.4801,11.551000000000002,16.3027,0.8207168210544541,0.5815049040956406,0.7085329423960449
structure_10143,ja4050828_auto.cif,546,16.4829,39.38750000000001,39.3875,0.4184804823865439,0.41848048238654395,1.0000000000000002
structure_10143,WILGEE_charged.cif,288,7.738499999999999,19.472799999999996,25.696342317669934,0.3974004765621791,0.3011518100254551,0.7578043504895886
structure_10143,MINVUA01_SL.cif,38,6.812,11.139899277035678,11.139899277035678,0.6114956545471272,0.6114956545471272,1.0
structure_10143,ADOBUR_charged.cif,274,14.6533,17.0616,17.0616,0.8588467670089558,0.8588467670089558,1.0
structure_10143,YAPRUE_charged.cif,340,15.454,18.7345,18.734471421461304,0.8248952467373029,0.824896505075486,1.000001525452096
structure_10143,XOQXOR_SL.cif,346,12.0891,14.828774646359017,28.0555358148809,0.8152460529143113,0.4308989170539326,0.5285507553376937
structure_10143,KEHGAH_charged.cif,264,14.3967,18.5633,18.563299999999998,0.775546373758976,0.7755463737589761,1.0000000000000002
structure_10143,CAJWIV_ion_b.cif,132,9.737972843178667,9.944,23.1185,0.9792812593703406,0.4212199253056499,0.4301317126976231
disorder_1877,LAJKUE_charged.cif,996,26.732791161046478,26.7325,26.7325,1.0000108916504808,1.0000108916504808,1.0
structure_10143,YAPSAL_charged.cif,504,17.4843,17.4843,22.5856,1.0,0.774134846982148,0.774134846982148
structure_10143,RUHCED_SL.cif,38,6.712,11.022838750656422,11.022838750656422,0.6089175530759073,0.6089175530759073,1.0
structure_10143,WIYMOG_charged.cif,300,19.853,24.151199999999996,30.5734,0.8220295471860614,0.6493553219465288,0.7899415832063165
structure_10143,XESKEN_SL.cif,90,6.2202,16.438713805830428,16.438713805830435,0.37838726760933333,0.37838726760933317,0.9999999999999996
structure_10143,SONTAR_manual.cif,56,10.4951,11.339600000000003,12.7954,0.9255264735969522,0.8202244556637541,0.8862247370148648
structure_10143,PUNSUN_charged.cif,98,8.929400000000001,12.4238,12.4238,0.7187333987990793,0.7187333987990793,1.0
structure_10143,SIZPAT_charged.cif,316,14.127,15.532,16.645,0.909541591552923,0.8487233403424452,0.9331330729948933
disorder_1877,LAJLEP_charged.cif,1020,26.915493150951015,26.915199999999995,26.915199999999995,1.0000108916504808,1.0000108916504808,1.0
structure_10143,SINXET_charged.cif,336,11.559,20.748,23.684,0.557113938692886,0.4880510048978213,0.8760344536395879
structure_10143,LECFUW_charged.cif,351,16.9906,19.4438,19.44392436279526,0.8738312469784714,0.8738256579783069,0.9999936040280274
structure_10143,BOYCEY_auto.cif,486,18.341100000000004,18.3411,52.6041,1.0000000000000002,0.3486629369193657,0.3486629369193656
structure_10143,EHODOV_SL.cif,240,13.966787972599564,13.9668,25.18209116318191,0.9999991388578318,0.5546317770868865,0.5546322547041089
structure_10143,SOXHUI_SL.cif,90,5.543,14.915000000000001,14.915,0.3716392893060677,0.37163928930606777,1.0000000000000002
structure_10143,LETQAE01_ion_b.cif,522,10.0376,41.10707457664678,41.10707457664678,0.24418181306685421,0.24418181306685421,1.0
structure_10143,IKETOH_manual.cif,156,18.6238,18.623799999999996,18.623799999999996,1.0000000000000002,1.0000000000000002,1.0
structure_10143,NANYUX_charged.cif,120,9.455,11.0347,16.0074,0.8568425059131648,0.5906643177530392,0.6893499256593826
structure_10143,VEHKOK_charged.cif,572,17.398,17.441,35.188,0.9975345450375552,0.4944299192906672,0.4956519267932249
structure_10143,ZILFOR_manual.cif,424,18.601,26.07,26.07,0.7135021097046413,0.7135021097046413,1.0
structure_10143,PUQHIT_SL.cif,100,9.8401,11.0617,13.5307,0.8895648950884584,0.7272424929974058,0.8175260703437369
structure_10143,IFEQIV_SL.cif,144,5.396,18.7159,18.715926035697805,0.2883110082870714,0.2883106072180422,0.9999986089014375
structure_10143,LAGDII_ion_b.cif,218,15.808400000000002,15.8084,16.5823,1.0000000000000002,0.9533297552209284,0.9533297552209283
structure_10143,GOJFAN_charged.cif,348,22.571,22.571,22.571,1.0,1.0,1.0
structure_10143,HOXJIO_charged.cif,272,13.0479,19.147699999999997,19.9355,0.6814343237046748,0.65450578114419,0.9604825562438863
structure_10143,EBIMOT_charged.cif,364,10.781,15.8837,25.1737,0.6787461359758747,0.4282644188180522,0.6309640616993132
disorder_1877,IYIHUU_manual.cif,90,11.106,15.916,16.224,0.697788389042473,0.6845414201183432,0.9810157790927022
structure_10143,YUNKIC_charged.cif,400,18.028,18.484,18.924,0.9753300151482361,0.9526527161276686,0.9767491016698374
structure_10143,MIXBIG_auto.cif,342,18.454188038953067,18.466,35.3859,0.9993603400277844,0.5215124679308162,0.5218462721027303
structure_10143,ZEDWAI_charged.cif,664,11.35,23.896,32.793,0.4749748911951791,0.3461104504010002,0.7286920989235508
structure_10143,IRISAD01_charged.cif,36,9.2545,9.463199999999999,9.463229176012527,0.9779461492941078,0.977943134195501,0.9999969169073277
structure_10143,EBIDOK_ion_b.cif,556,17.4801,27.684100000000004,27.6841,0.6314129771240531,0.6314129771240532,1.0000000000000002
structure_10143,IFUDES_charged.cif,120,9.105000000000002,9.105,23.656,1.0000000000000002,0.38489178221170117,0.38489178221170106
structure_10143,XIGFOJ_manual.cif,324,9.0389,24.498,45.853,0.3689648134541595,0.1971277778989379,0.534272566680479
disorder_1877,LAJLAL_charged.cif,1020,26.852292462598708,26.851999999999997,26.851999999999997,1.0000108916504808,1.0000108916504808,1.0
structure_10143,GEZFOI_charged.cif,112,10.5415,10.541499999999997,16.9981,1.0000000000000002,0.620157547019961,0.6201575470199608
structure_10143,IFENOY03_SL.cif,144,5.3287,18.882416971947737,18.882416971947737,0.2822043389845945,0.2822043389845945,1.0
structure_10143,UMARAC_charged.cif,596,22.6467,22.6467,22.6467,1.0,1.0,1.0
structure_10143,OKITIM01_charged.cif,428,15.8539,15.8539,21.66,1.0,0.7319436749769159,0.7319436749769159
structure_10143,BUYNAL_charged.cif,147,14.0756,14.0756,14.0756,1.0,1.0,1.0
structure_10143,ZARLUB_charged.cif,276,19.345307519350836,19.3455,19.3455,0.9999900503657613,0.9999900503657613,1.0
structure_10143,VEGMOK03_charged.cif,202,9.8791,17.493800000000004,18.1814,0.5647200722541699,0.543362997348939,0.962181130165994
structure_10143,CDLGLU02_SL.cif,72,7.247,10.718,11.545,0.6761522672140324,0.6277176266782156,0.9283672585534863
structure_10143,LARPOL_charged.cif,368,14.3712,18.125799999999998,19.907,0.792858797956504,0.7219169136484653,0.9105239363038127
structure_10143,WEHRIL_charged.cif,236,15.1185,15.1185,19.734,1.0,0.7661143204621464,0.7661143204621464
structure_10143,GURTIX_charged.cif,320,13.502,15.465,32.416,0.8730682185580343,0.4165227048371175,0.4770792201382034
structure_10143,IRAGEN_charged.cif,480,11.942,21.5758,25.1163,0.5534904847097211,0.4754681222950833,0.8590357656183435
structure_10143,NEVQAH_charged.cif,264,13.2342,18.0808,18.0808,0.7319477014291402,0.7319477014291402,1.0
structure_10143,NIGHOA_charged.cif,264,12.28,12.553,19.49,0.9782522106269417,0.6300667008722421,0.6440738840430991
structure_10143,KEBDIG_charged.cif,246,13.922,17.031000000000002,17.031,0.8174505313839469,0.817450531383947,1.0000000000000002
structure_10143,EGELUY_SL.cif,38,6.6352,11.067486848083444,11.067486848083444,0.5995218328313638,0.5995218328313638,1.0
structure_10143,OKIKEZ_charged.cif,184,10.0613,11.993,26.359,0.8389310431084799,0.3817026442581281,0.4549869114913312
structure_10143,UDIHIZ_charged.cif,906,12.781900000000002,12.7819,85.294,1.0000000000000002,0.14985696531995218,0.14985696531995218
structure_10143,FEDJUU_charged.cif,174,11.269,13.1064,13.1064,0.8598089483000672,0.8598089483000672,1.0
structure_10143,QUSFEP_charged.cif,136,10.949,13.371000000000002,14.453,0.8188617156532794,0.7575589842939182,0.9251366498304852
structure_10143,NAJMIV_charged.cif,424,14.3905,22.2074,22.273196449048033,0.6480047191476714,0.6460904716985539,0.9970459359437452
structure_10143,OKIWUB_charged.cif,408,15.8496,15.8496,21.709,1.0,0.7300935096043116,0.7300935096043116
structure_10143,DUVNIS_charged.cif,776,17.78,24.58,39.386,0.7233523189585029,0.451429441933682,0.624079622200782
structure_10143,YIKLUZ_SL_part.cif,112,9.885,10.02,16.438,0.9865269461077845,0.6013505292614674,0.6095632072028228
structure_10143,OKIYIR03_charged.cif,428,15.8562,15.8562,21.765,1.0,0.7285182632667125,0.7285182632667125
structure_10143,UGUQOC_charged.cif,62,9.5866,9.5866,11.072,1.0,0.8658417630057804,0.8658417630057804
structure_10143,OBONUO_charged.cif,440,21.103053717185905,21.1031,21.1031,0.9999978068239218,0.9999978068239218,1.0
structure_10143,WAYMEQ_SL.cif,38,6.6125,11.033703743870413,11.033703743870413,0.5993001220169122,0.5993001220169122,1.0
structure_10143,EZUCOS_SL.cif,144,9.8868,13.657396398380625,17.549075612388478,0.7239154309947604,0.5633801015148956,0.7782402161820656
structure_10143,CAWVIH_SL.cif,296,11.9887,17.9807,18.6365,0.6667537971269194,0.6432913905508008,0.9648109891878839
structure_10143,MUDLIH_manual.cif,264,18.271925404723017,18.2721,18.2721,0.9999904447065755,0.9999904447065755,1.0
structure_10143,QALGUH_SL.cif,38,6.8365,11.18429492491592,11.18429492491592,0.6112589167127489,0.6112589167127489,1.0
structure_10143,SABVOH_manual.cif,76,6.6284,12.1816,17.129,0.5441321337098575,0.3869694669858135,0.7111681942903847
structure_10143,PEMGIZ_charged.cif,320,13.9842,18.473100000000002,18.473078802497017,0.757003426604089,0.757004295250976,1.000001147480786
structure_10143,GESBOW_charged.cif,900,24.4332,24.4332,24.4332,1.0,1.0,1.0
structure_10143,XAZGAG_charged.cif,316,6.543,16.849,29.402,0.388331651730073,0.22253588191279505,0.5730562546765526
structure_10143,NABCEA_charged.cif,476,10.6597,18.8495,39.7552,0.5655163266930158,0.2681334768784964,0.4741392321004547
structure_10143,SUKNOC_charged.cif,344,21.056,21.367600000000003,21.367599999999996,0.9854171736648009,0.9854171736648012,1.0000000000000002
structure_10143,SONTUL_neutral_b.cif,156,18.6,18.6,18.6,1.0,1.0,1.0
structure_10143,OLEKUM_manual.cif,432,21.817939517855446,21.817939517855446,24.7318,1.0,0.8821816251892481,0.8821816251892481
structure_10143,XOJWID_charged.cif,116,10.075000000000001,13.051000000000002,13.24,0.7719714964370546,0.76095166163142,0.985725075528701
structure_10143,FAZRAA_charged.cif,72,8.415,12.503,12.682,0.6730384707670158,0.663538873994638,0.9858855070178205
structure_10143,EXOTUH_SL.cif,207,15.214000000000002,15.214,19.686,1.0000000000000002,0.7728334857258967,0.7728334857258966
structure_10143,PADBAZ_charged.cif,180,12.681,16.1637,16.163658987646127,0.784535718925741,0.784537709542875,1.0000025373186792
structure_10143,NICZAA01_charged.cif,75,10.926200000000001,10.9262,10.9262,1.0000000000000002,1.0000000000000002,1.0
structure_10143,QUSBIQ_charged.cif,153,11.9893,16.119200000000003,16.1192,0.7437900143927737,0.7437900143927739,1.0000000000000002
structure_10143,CEXSEE_charged.cif,704,12.327,26.914,33.375,0.45801441628892026,0.36934831460674156,0.8064119850187267
structure_10143,FURRUG01_ion_b.cif,198,8.3337,20.148526912489984,20.14852691248999,0.4136133642025202,0.4136133642025201,0.9999999999999997
structure_10143,VEPDEB_charged.cif,350,14.834399999999999,19.0682,19.0682,0.7779654083762494,0.7779654083762494,1.0
structure_10143,VEXTUO_manual.cif,220,18.8523,18.8523,18.8523,1.0,1.0,1.0
structure_10143,VAKREG_charged.cif,178,9.851,17.3273,17.7341,0.5685248134446798,0.555483503532742,0.9770611420934809
structure_10143,DANZAV_charged.cif,432,10.3646,28.9318,28.9318,0.3582424875050982,0.3582424875050982,1.0
structure_10143,HOHMEX_manual.cif,312,27.9999,27.9999,29.585802421753367,1.0,0.9463965046766043,0.9463965046766043
structure_10143,UNABIV_charged.cif,204,13.7619,15.394899999999998,17.35,0.8939259105288117,0.7931930835734871,0.8873141210374638
structure_10143,FASYUU_charged.cif,568,22.4779580944549,22.4779,22.4779,1.0000025845143405,1.0000025845143405,1.0
structure_10143,ADASAB_charged.cif,1088,45.205999999999996,45.205999999999996,45.205999999999996,1.0,1.0,1.0
structure_10143,VARWIW_charged.cif,368,11.561,20.8211,23.6909,0.555254045175327,0.4879932801202149,0.8788648806081661
structure_10143,OFUYUL_SL.cif,144,12.9256,14.555,16.78402833005321,0.8880522157334249,0.7701130947721071,0.8671934838156852
structure_10143,GUNFAW01_neutral.cif,80,15.4901,15.4901,15.4901,1.0,1.0,1.0
structure_10143,MITSIS_charged.cif,316,10.243,17.971,36.485,0.5699738467531023,0.28074551185418667,0.492558585720159
structure_10143,WUNSEE02_charged.cif,408,15.8178,15.8178,21.503,1.0,0.7356089847928196,0.7356089847928196
structure_10143,TEYHIP_charged.cif,412,21.43953350936215,21.4393,21.4393,1.0000108916504806,1.0000108916504806,1.0
structure_10143,CAWDOU01_charged.cif,276,13.905,16.403,16.403,0.8477107846125709,0.8477107846125709,1.0
structure_10143,OKIVIO_charged.cif,428,15.8318,15.8318,21.957,1.0,0.7210365714806212,0.7210365714806212
structure_10143,ZOXFAV_charged.cif,150,11.629,12.38,17.902,0.9393376413570274,0.6495922243324768,0.6915428443749302
structure_10143,YEYCUC_SL.cif,306,23.092000000000002,23.092,23.092,1.0000000000000002,1.0000000000000002,1.0
structure_10143,CITZIP_manual.cif,73,10.8123,11.1357,11.1357,0.9709582693499287,0.9709582693499287,1.0
structure_10143,NEDVOJ_charged.cif,159,11.725799999999998,15.4489,16.7107,0.7590054955368989,0.7016941241240641,0.9244914934742411
structure_10143,ja512762r_si_002_auto.cif,324,14.918,24.348,24.348,0.61269919500575,0.61269919500575,1.0
structure_10143,HIWXER01_SL.cif,70,8.5505,9.109141516355972,14.211310644323198,0.9386724297396302,0.6016686436599394,0.6409782844339328
structure_10143,VEGMIE01_charged.cif,202,9.7794,17.3026,18.2274,0.5651982938980269,0.5365219394976793,0.9492631971647082
structure_10143,RATNIL_charged.cif,242,10.9249,12.6148,29.957,0.8660383042140977,0.36468605000500715,0.4210969055646427
structure_10143,VAPBAR_charged.cif,139,12.336,12.488000000000001,12.487999999999998,0.9878283151825752,0.9878283151825755,1.0000000000000002
structure_10143,GIWBEU_charged.cif,364,13.082,16.616600000000002,31.2505,0.787285004152474,0.41861730212316606,0.531722692436921
structure_10143,BUCROH_charged.cif,262,13.532,14.661,16.931,0.9229929745583522,0.7992439903136258,0.8659264071820919
structure_10143,VETVAS_manual.cif,524,16.153,16.1512,31.2991,1.0001114468274803,0.5160851270483815,0.5160276174075292
structure_10143,ja406030p_si_009_manual.cif,416,19.2343,19.234299999999998,36.009,1.0000000000000002,0.5341525729678692,0.5341525729678691
structure_10143,SUGDIJ_auto.cif,226,16.909,24.36,24.36,0.6941297208538587,0.6941297208538587,1.0
structure_10143,FEVTEF_charged.cif,216,11.301,13.1942,20.3262,0.8565127101302087,0.5559819346459249,0.6491228070175439
structure_10143,GAZZIS04_charged.cif,328,17.3712,17.3712,26.785,1.0,0.6485420944558522,0.6485420944558522
structure_10143,GUSNEN01_SL.cif,38,6.778,7.7005,10.567016297067967,0.8802025842477761,0.6414298804366085,0.7287298309681475
disorder_1877,NIFYOS_charged.cif,1392,18.4705,18.528,49.3489,0.9968965889464596,0.37428392527493015,0.3754490981561899
structure_10143,TAMJAU_charged.cif,162,11.7766,16.8551,16.85505371186203,0.698696536953207,0.6986984557463628,1.0000027462468386
structure_10143,YIWPEZ_SL_part.cif,34,8.775000000000002,8.775,20.546,1.0000000000000002,0.42709043122748963,0.4270904312274896
structure_10143,LASMAV_neutral.cif,452,16.3693,24.803000000000008,24.803,0.6599725839616173,0.6599725839616175,1.0000000000000002
structure_10143,ODIXAC_charged.cif,178,13.981699999999998,14.181699999999998,14.27,0.9858973183750891,0.9797967764540995,0.9938121934127538
disorder_1877,EVOTIT_SL.cif,1142,17.812942647760963,31.2768,31.2768,0.5695257394541948,0.5695257394541948,1.0
structure_10143,HAFWUI01_charged.cif,202,11.8062,12.2694,19.4114,0.9622475426671232,0.6082096087865894,0.6320718752897782
structure_10143,OTENEH_charged.cif,372,17.03,17.086,21.121,0.9967224628350698,0.8063065195776716,0.8089579091899057
structure_10143,FEZCUJ_charged.cif,472,15.0805,15.6823,27.3024,0.9616255268678702,0.5523507090951711,0.574392727379278
structure_10143,GERWOR_charged.cif,382,14.987899999999998,14.9879,26.112,0.9999999999999999,0.5739851409313725,0.5739851409313725
structure_10143,MODMOH_charged.cif,102,11.0655,13.192100000000002,15.7838,0.8387974621174793,0.7010669167120719,0.8357999974657562
structure_10143,ILAGUY_charged.cif,804,18.3196,21.4448,22.3854,0.8542677012609118,0.8183726893421606,0.9579815415404683
structure_10143,OBUFIB_SL.cif,156,8.54159184677104,13.6688,18.22500206307327,0.6248969804789769,0.46867439670021505,0.7500026585837894
structure_10143,SONVIB_neutral_b.cif,156,18.6138,18.613799999999998,18.613799999999998,1.0000000000000002,1.0000000000000002,1.0
structure_10143,TANLAX_charged.cif,306,10.1514,18.9094,21.102,0.536844109278983,0.4810634063121979,0.89609515685717
structure_10143,BOWQAG_SL.cif,172,6.7185999999999995,17.082,17.352,0.3933146001639152,0.3871945597049331,0.9844398340248963
structure_10143,OKIVAG_charged.cif,428,15.937,15.937,21.884,1.0,0.7282489490038384,0.7282489490038384
structure_10143,WEBLAQ_charged.cif,616,19.0382,21.755599999999998,23.8341,0.8750942286124034,0.7987798993878519,0.9127930150498654
structure_10143,OBUBOC_manual.cif,166,13.811,15.498000000000003,15.497999999999998,0.8911472448057812,0.8911472448057816,1.0000000000000004
structure_10143,FAWCEN03_SL.cif,138,14.730860441635734,14.730699999999999,14.730699999999999,1.0000108916504806,1.0000108916504806,1.0
structure_10143,WOQDUB_charged.cif,272,14.011,18.822,23.421,0.7443948570821379,0.5982238162332949,0.8036377609837325
structure_10143,JITPOS_SL.cif,464,10.5482,23.1451,27.3976,0.45574225213976177,0.3850045259438783,0.8447856746576342
structure_10143,LIZWEX_charged.cif,664,31.3658,31.365799999999997,31.3658,1.0000000000000002,1.0,0.9999999999999999
structure_10143,MAXFIA_charged.cif,96,11.396,11.396,13.913,1.0,0.8190900596564364,0.8190900596564364
structure_10143,HEWFUL_ion_b.cif,162,8.681044842755592,16.6939,16.6939,0.5200129893407527,0.5200129893407527,1.0
structure_10143,VAXVEX_charged.cif,262,10.690800000000001,10.6908,31.4941,1.0000000000000002,0.3394540564740698,0.33945405647406973
structure_10143,TANBAN_charged.cif,210,11.0396,12.511000000000001,22.498,0.882391495483974,0.4906925060005334,0.5560938750111121
structure_10143,WUNSEE01_charged.cif,408,15.8591,15.8591,21.685,1.0,0.7313396356928753,0.7313396356928753
structure_10143,QUGPAJ_charged.cif,354,20.5732,20.5732,20.5732,1.0,1.0,1.0
structure_10143,RAXROX_charged.cif,112,10.562,11.476,15.663,0.9203555245730218,0.674328034220775,0.7326821170912342
structure_10143,OJICEQ_charged.cif,550,21.7544,21.7544,21.956,1.0,0.990817999635635,0.990817999635635
structure_10143,PANYOU_charged.cif,192,4.8855,22.2025,24.0866,0.22004278797432722,0.2028306195145849,0.9217780840799449
structure_10143,FURQOZ01_ion_b.cif,180,8.5169,20.1417755100631,20.141775510063106,0.42284752879629917,0.42284752879629905,0.9999999999999997
structure_10143,VUQLEZ_charged.cif,306,10.1333,18.697899999999997,20.4951,0.5419485610683553,0.4944254968260706,0.9123107474469505
structure_10143,MEFHUC_charged.cif,486,22.323500000000003,22.3235,22.3235,1.0000000000000002,1.0000000000000002,1.0
structure_10143,NIFZIN_charged.cif,1392,18.3672,18.5625,49.0712,0.9894787878787878,0.3742969399566345,0.37827687115864295
structure_10143,OKITIM_charged.cif,408,15.826,15.826,21.639,1.0,0.7313646656499839,0.7313646656499839
structure_10143,NOZZOT_charged.cif,176,14.097,14.201500000000001,14.2649,0.9926416223638347,0.9882298508927506,0.9955555243990495
structure_10143,ic101935f_si_002_auto.cif,428,27.26,27.26,27.26,1.0,1.0,1.0
structure_10143,WIZMAV02_auto.cif,348,18.9384409205193,18.9384409205193,26.783,1.0,0.7071067811865475,0.7071067811865475
structure_10143,SEFNIB_charged.cif,204,7.591800000000001,10.0452,31.696113983914255,0.7557639469597421,0.23951832088478833,0.31692213137225367
structure_10143,RAGREY_charged.cif,164,7.3201,21.101,22.207,0.3469077294914933,0.329630296753276,0.9501958841806637
structure_10143,FEHCIG_manual.cif,216,13.956205303235343,18.0802,18.0802,0.7719054713573601,0.7719054713573601,1.0
structure_10143,VEFJOG_charged.cif,184,10.409999999999998,13.126000000000001,19.282,0.7930824318147187,0.5398817550046675,0.6807385126024272
structure_10143,WIKXUJ_charged.cif,776,15.36,22.493,23.83,0.682879117947806,0.6445656735207722,0.943894250944188
structure_10143,PEYPAM_SL.cif,320,13.815,19.5078,19.5078,0.7081782671546766,0.7081782671546766,1.0
structure_10143,UGOSOY_charged.cif,224,13.477,13.477,24.973178913897836,1.0,0.5396589695875645,0.5396589695875645
structure_10143,CIPRID_charged.cif,316,14.237,15.739,16.611,0.9045682699027892,0.8570826560712781,0.9475046655830474
structure_10143,TAMJEY_charged.cif,162,13.9544,17.0179,17.01800196586551,0.8199836642593974,0.8199787512064904,0.9999940083527014
structure_10143,WAJLEA_charged.cif,264,16.0231,16.0231,18.52,1.0,0.8651781857451404,0.8651781857451404
structure_10143,ja5103103_si_002_auto.cif,1356,38.4265,38.4265,38.4265,1.0,1.0,1.0
structure_10143,RUTNOK_manual.cif,286,30.3522,30.352199999999996,30.352199999999996,1.0000000000000002,1.0000000000000002,1.0
structure_10143,TASZEU_charged.cif,594,28.264807847055014,28.2645,28.2645,1.0000108916504806,1.0000108916504806,1.0
structure_10143,EMIHAK_charged.cif,528,22.4835,22.522,34.4841,0.9982905603409999,0.6519961373502571,0.6531125939200965
structure_10143,ETEKAQ01_manual.cif,56,10.414,10.954,12.432,0.9507029395654555,0.8376769626769627,0.8811132561132561
structure_10143,QOVWOO_SL.cif,152,6.6812,15.1642,19.2395,0.44059033776921963,0.3472647418072195,0.7881805660230256
structure_10143,CIMTAV_charged.cif,1520,18.4835,27.1472,37.927,0.680862114693228,0.48734410841880454,0.7157750415271443
structure_10143,IFENOY02_SL.cif,144,5.2854,18.893867389579086,18.893867389579086,0.2797415632818066,0.2797415632818066,1.0
structure_10143,FARHIR_ion_b.cif,124,5.8727,13.5107,23.38,0.43467029835611776,0.2511847733105218,0.577874251497006
structure_10143,DOTTUC_charged.cif,222,12.991300000000003,12.9913,17.3911,1.0000000000000002,0.7470085273501964,0.7470085273501963
structure_10143,IBIYOI_ion_b.cif,568,22.494003084742378,22.494000000000003,22.494,1.0000001371362308,1.0000001371362308,1.0000000000000002
structure_10143,QAYTOZ_charged.cif,216,12.856,13.097,18.002,0.9815988394288768,0.7141428730141096,0.727530274413954
structure_10143,EREFEN01_SL.cif,156,13.1741,13.219,14.0288,0.9966033739314623,0.9390753307481751,0.94227588959854
structure_10143,ja5111317_ja5111317_si_002_auto.cif,393,25.3468,25.3468,25.3468,1.0,1.0,1.0
structure_10143,NOQLOV01_charged.cif,68,8.6688,9.0355,16.18278110386484,0.959415638315533,0.5356804831234898,0.558340370669792
structure_10143,RIHXIR_charged.cif,328,18.8058,18.8058,18.8058,1.0,1.0,1.0
structure_10143,YENLUA_ion_b.cif,728,15.208,36.332,36.332,0.4185841682263569,0.4185841682263569,1.0
structure_10143,FEWQIJ_manual.cif,96,7.0054,15.98704586650635,15.987045866506351,0.4381922750767019,0.43819227507670183,0.9999999999999999
structure_10143,HEFFAB_charged.cif,398,19.834,20.224,20.284,0.9807159810126582,0.9778150266219681,0.9970420035495958
structure_10143,GIWBOE_charged.cif,720,12.563,27.172,33.7,0.4623509495068453,0.3727893175074184,0.8062908011869435
structure_10143,TOVJAP_charged.cif,190,10.15,14.383,18.355,0.705694222345825,0.5529828384636339,0.7836011985834922
structure_10143,IYUHIU_ion_b.cif,983,14.5284,29.7388,29.756,0.48853349832542,0.48825110902002955,0.9994219653179192
structure_10143,GAZZIS05_charged.cif,328,17.401700000000005,17.4017,27.015,1.0000000000000002,0.6441495465482141,0.644149546548214
structure_10143,KESBIU_charged.cif,720,12.6272,26.847,33.438,0.47033933027898833,0.3776302410431246,0.802888928763682
structure_10143,WOSZEL_charged.cif,288,9.0269,14.079700000000003,27.4319,0.6411287172311908,0.3290657956612557,0.5132601095804521
structure_10143,IXEDOE_charged.cif,208,13.1569,13.1569,23.688,1.0,0.5554246876055388,0.5554246876055388
structure_10143,DOQKAW_charged.cif,262,13.7995,13.7995,17.669,1.0,0.7810006225592846,0.7810006225592846
structure_10143,VEFMAW_charged.cif,627,24.3345,24.3345,24.3345,1.0,1.0,1.0
structure_10143,DAJHOM_manual.cif,210,13.171699999999998,13.1901,16.2347,0.9986050143668356,0.8113300522953918,0.8124634271036729
structure_10143,QIBTEA_charged.cif,1480,15.814,21.958,48.422,0.7201930959103744,0.3265870885134856,0.4534715625129074
structure_10143,OSILOS_charged.cif,110,4.995,16.875699999999995,16.875698768754496,0.2959877219907916,0.2959877435859596,1.000000072959675
structure_10143,JUTCUW_SL.cif,10,8.9364,8.936399999999999,8.936399999999999,1.0000000000000002,1.0000000000000002,1.0
structure_10143,SAHNIZ_charged.cif,276,17.847400000000004,17.8474,18.0638,1.0000000000000002,0.9880202393737754,0.9880202393737751
structure_10143,GAZZIS02_charged.cif,328,17.344,17.344,26.443,1.0,0.6559013727640586,0.6559013727640586
structure_10143,EXEQII_SL.cif,72,12.3845,12.4944,12.49439186993089,0.9912040594186194,0.9912047043925877,1.0000006506974646
structure_10143,DARSEV_SL.cif,171,10.2343,19.117999999999995,20.9287,0.5353227325034,0.48900791735750426,0.9134824427699759
structure_10143,FARHOX_ion_b.cif,359,11.3401,22.874,25.0935,0.49576374923493927,0.4519138422300596,0.9115508000079702
structure_10143,SAHYAD02_charged.cif,408,15.8545,15.8545,21.596,1.0,0.7341405815891832,0.7341405815891832
structure_10143,FURQUF_ion_b.cif,180,8.5082,19.885724388895444,19.885724388895447,0.4278546676806572,0.42785466768065716,0.9999999999999998
structure_10143,RUBTAK01_SL.cif,114,14.8174,14.817399999999997,14.817399999999997,1.0000000000000002,1.0000000000000002,1.0
structure_10143,EVAKOB_charged.cif,358,20.405822250663046,20.4056,20.4056,1.0000108916504806,1.0000108916504806,1.0
structure_10143,ja507947d_si_001_auto.cif,936,32.6205,32.6205,32.6205,1.0,1.0,1.0
structure_10143,ENAFOP_ion_b.cif,506,18.5386,18.6236,27.2733,0.9954358985373397,0.6797343922444296,0.6828509934624707
structure_10143,ZAXQUM_charged.cif,308,14.639,14.639,20.056,1.0,0.7299062624650977,0.7299062624650977
structure_10143,SUKNUI_charged.cif,344,20.143200000000004,20.1432,21.962,1.0000000000000002,0.9171842273017031,0.917184227301703
structure_10143,YUWHOO_SL.cif,118,10.820981546368987,12.169,12.194499999999998,0.8892252071960709,0.8873657424551223,0.9979088933535613
structure_10143,WEMJII_charged.cif,280,9.5276,11.657,28.682,0.8173286437333791,0.3321804616135555,0.4064221462938428
structure_10143,JOHFIW_manual.cif,76,10.223,10.223,14.493,1.0,0.7053750086248534,0.7053750086248534
structure_10143,YAYPAR_charged.cif,156,10.1611,10.249,20.5782,0.9914235535174162,0.4937798252519657,0.49805133587971745
structure_10143,QEGGUE_charged.cif,1120,24.4478,24.4478,38.47260063961439,1.0,0.6354600311273639,0.6354600311273639
structure_10143,OYUSAD_charged.cif,164,17.2821,17.2821,17.598445877554326,1.0,0.9820242151065279,0.9820242151065279
structure_10143,MODNOI_ion_b.cif,248,13.639,13.718,27.232,0.9942411430237643,0.5008445945945946,0.5037455934195064
structure_10143,EWEWUZ_charged.cif,170,8.0506,18.6868,18.825919280440303,0.43081747543720694,0.4276338318503462,0.9926102264453645
structure_10143,XENMIO_SL.cif,93,6.3107999999999995,12.639,15.631,0.4993116544030382,0.40373616531251993,0.8085855031667839
structure_10143,MANLAP_ion_b.cif,154,13.583499999999999,13.583499999999999,15.296908281467479,1.0,0.8879898963934229,0.8879898963934229
structure_10143,KOJZEP_manual.cif,174,12.2618,25.7328,25.732788406204566,0.4765046943978113,0.4765049090849203,1.0000004505456328
structure_10143,GALHOS_ion_b.cif,599,22.97532589372252,22.9753,23.525000000000002,1.0000011270243487,0.9766344694462281,0.9766333687566419
structure_10143,IVEHEW_manual.cif,98,11.0837,11.1496,16.937,0.9940894740618498,0.6544075101848025,0.6582983999527661
structure_10143,LAJDUV_charged.cif,54,8.935000000000002,8.935,10.878,1.0000000000000002,0.821382607096893,0.8213826070968928
structure_10143,BIYYEP_charged.cif,700,23.9061,24.0393,24.5496,0.9944590732675244,0.9737877602893732,0.9792135106070974
structure_10143,XUKYEI_neutral.cif,122,17.3335,17.3335,23.82970325706148,1.0,0.7273905097774789,0.7273905097774789
structure_10143,VEQBUP_charged.cif,376,10.531,22.917,24.525,0.4595278614129249,0.4293985728848115,0.9344342507645261
structure_10143,YOMBAE_charged.cif,146,11.1688,11.1688,24.9014,1.0,0.44852096669263575,0.44852096669263575
structure_10143,GATBUZ_charged.cif,202,9.8727,17.5138,18.1642,0.5637097603033037,0.5435251758954427,0.9641933033109082
structure_10143,NEXDOK_charged.cif,684,23.627,23.627,23.627,1.0,1.0,1.0
structure_10143,YAWFEI_charged.cif,142,8.8622,14.8612,19.1014,0.5963313864290904,0.46395552158480524,0.7780162710586658
structure_10143,CUSDIE_charged.cif,202,18.218798430623448,18.2186,18.2186,1.0000108916504808,1.0000108916504808,1.0
structure_10143,EGEHOO_charged.cif,1000,29.572,29.572,33.2638076607463,1.0,0.8890142794715921,0.8890142794715921
structure_10143,cg500175k_si_001_auto.cif,228,25.79447756022595,25.79447756022595,25.79447756022595,1.0,1.0,1.0
structure_10143,PUTYAE_charged.cif,120,12.362,12.652,12.652,0.977078722731584,0.977078722731584,1.0
structure_10143,ICORAV_ion_b.cif,66,6.5366,12.827,16.096,0.5095969439463631,0.4061008946322068,0.7969060636182903
structure_10143,EWIDUK_SL.cif,138,14.753460687787037,14.753300000000001,14.7533,1.0000108916504806,1.0000108916504806,1.0000000000000002
structure_10143,SAHYAD_charged.cif,408,15.9014,15.9014,21.666,1.0,0.7339333517954398,0.7339333517954398
structure_10143,EMIHEO_charged.cif,130,16.616,23.316300000000002,23.316299316092124,0.7126345089057868,0.7126345298086046,1.0000000293317506
structure_10143,AGUVOO_charged.cif,560,17.4259,21.5209,26.8326,0.8097198537235896,0.6494301707624307,0.8020430372010168
structure_10143,HUCBAJ_charged.cif,212,9.7589,18.9319,19.6525,0.5154738827059091,0.4965729550947717,0.9633329092990713
structure_10143,TIVXOM_charged.cif,204,9.8195,17.6984,17.698351523202145,0.5548241648962619,0.5548256845914069,1.0000027390572388
structure_10143,PUSXIL_charged.cif,164,17.390783616450392,17.3909,17.3909,0.9999933077903037,0.9999933077903037,1.0
structure_10143,ADODAA_charged.cif,272,21.3336,21.3336,21.3336,1.0,1.0,1.0
structure_10143,WEBKIX_charged.cif,576,19.0412,21.5681,23.654,0.8828408621992665,0.8049885854400947,0.9118161833093769
structure_10143,TIZVED_charged.cif,92,9.599000000000002,13.367,14.468224581706053,0.7181117677863396,0.6634538982852942,0.9238866817772192
structure_10143,RAXCEA_charged.cif,116,10.533999999999999,13.2664,13.2664,0.7940360610263522,0.7940360610263522,1.0
structure_10143,HAFWUI_charged.cif,202,11.737,12.2554,19.301,0.957700279060659,0.6081032070877157,0.6349619190715508
structure_10143,IXEFAS_charged.cif,666,24.1412,24.303099999999997,24.4706,0.9933382984063763,0.9865389487793516,0.9931550513677636
structure_10143,WEHNAA_SL_part.cif,110,8.61740655687744,9.703,15.391500000000002,0.88811775295037,0.5598808795034557,0.6304128902316212
structure_10143,ja406030p_si_002_manual.cif,368,19.209500000000002,19.209500000000002,36.0245,1.0,0.5332343266388152,0.5332343266388152
structure_10143,VEBHUG_SL.cif,106,20.636200000000002,20.636199999999995,20.636199999999995,1.0000000000000004,1.0000000000000004,1.0
structure_10143,OXALIJ_ion_b.cif,155,11.97,16.341,16.436,0.7325133100789425,0.7282793867120955,0.9942200048673644
structure_10143,OKIWUB01_charged.cif,408,15.8633,15.8633,21.76,1.0,0.7290119485294118,0.7290119485294118
structure_10143,XADDEN_manual.cif,156,18.651,18.650999999999996,18.650999999999996,1.0000000000000002,1.0000000000000002,1.0
structure_10143,SONVEX_neutral_b.cif,156,18.621499999999997,18.621499999999997,18.621499999999997,1.0,1.0,1.0
structure_10143,YOZBOF_SL.cif,672,19.797,25.789,25.789,0.7676528752568924,0.7676528752568924,1.0
structure_10143,OKIKAV_charged.cif,172,9.8704,12.1381,26.39,0.813175043870128,0.37402046229632435,0.45995073891625615
structure_10143,DONNAW01_SL.cif,76,6.7475,12.1541,17.437,0.5551624554677023,0.3869645007742157,0.6970293054997992
structure_10143,ja4012707_si_005_manual.cif,68,12.4815,12.4815,12.4815,1.0,1.0,1.0
structure_10143,EGEJIK_manual.cif,166,16.998100000000004,16.998100000000004,17.12,1.0,0.9928796728971965,0.9928796728971965
structure_10143,XAXQEU_SL.cif,50,7.1622,9.093999999999998,9.749,0.7875742247635806,0.7346599651246282,0.9328136219099392
structure_10143,WENKUX_manual.cif,208,9.2574,15.601,22.274,0.59338503942055,0.4156146179401993,0.70041303762234
structure_10143,KAPHOZ_ion_b.cif,46,9.5545,9.5545,11.1085,1.0,0.8601071251744161,0.8601071251744161
structure_10143,PARKUQ_charged.cif,120,10.0957,12.9606,14.3518,0.7789531348857307,0.7034448640588638,0.903064423974693
structure_10143,DELGEI_manual.cif,159,16.3816,16.3816,16.3816,1.0,1.0,1.0
structure_10143,SONVAT_neutral_b.cif,156,18.6103,18.6103,18.6103,1.0,1.0,1.0
structure_10143,LAJLIT_charged.cif,1023,26.3896,26.3896,26.3896,1.0,1.0,1.0
structure_10143,POZHUI_ion_b.cif,828,26.832931110857047,26.832931110857047,26.832931110857047,1.0,1.0,1.0
structure_10143,RINPEJ_charged.cif,272,13.1187,13.3892,22.9554,0.979797149941744,0.5714864476332366,0.5832701673680267
structure_10143,MUBZOA_auto.cif,252,22.071,22.071,22.071,1.0,1.0,1.0
structure_10143,IMUTUG_ion_b.cif,310,22.269022683843207,22.268999999999995,22.269,1.0000010186287311,1.000001018628731,0.9999999999999999
structure_10143,EPUTUF_charged.cif,290,14.9443,17.1237,17.3069,0.8727261047553975,0.8634879730049865,0.989414626536237
structure_10143,ja406030p_si_006_manual.cif,392,19.1692,19.1692,35.986,1.0,0.5326849330295115,0.5326849330295115
structure_10143,GUPBUP_SL.cif,138,15.693070921581826,15.692899999999998,15.692899999999998,1.0000108916504806,1.0000108916504806,1.0
structure_10143,FERGUG_charged.cif,878,22.313899999999997,22.313899999999997,26.749768299333695,1.0,0.834171711332386,0.834171711332386
structure_10143,TANBER_charged.cif,210,11.2397,12.496399999999998,22.302,0.8994350372907398,0.5039772217738319,0.5603264281230382
structure_10143,TANBIV_charged.cif,210,11.1668,12.455400000000001,22.2593,0.8965428649421134,0.5016689653313446,0.5595593751825081
structure_10143,WOWHIZ_charged.cif,292,12.4122,13.937,24.949,0.8905933845160365,0.49750290592809326,0.5586195839512605
structure_10143,VEGMOK_charged.cif,202,9.7844,17.3353,18.2156,0.5644205753577959,0.537143986473133,0.9516732910252751
structure_10143,OQIRAI_charged.cif,401,19.226465959950502,19.2266,19.2266,0.9999930284059845,0.9999930284059845,1.0
structure_10143,OKIWEL_charged.cif,428,15.8731,15.8731,21.776,1.0,0.7289263409257899,0.7289263409257899
structure_10143,ANONAT_manual.cif,112,10.921999999999999,14.981,20.41175505241768,0.7290568052866964,0.535083826547602,0.7339398283748055
structure_10143,FIJFEK_manual.cif,76,10.2792,10.2792,14.5376,1.0,0.7070768214836012,0.7070768214836012
structure_10143,XOJPIW_charged.cif,732,22.6827,22.6827,34.369,1.0,0.6599755593703629,0.6599755593703629
structure_10143,NIFZOT_charged.cif,1360,18.5617,18.7144,49.0783,0.9918405078442267,0.3782058465757779,0.38131720128855323
structure_10143,AVUPIR_SL.cif,90,9.572829120244998,11.9464,11.9464,0.8013149668724467,0.8013149668724467,1.0
structure_10143,ja512311a_si_007_auto.cif,904,30.052,37.12950000000001,37.12950000000001,0.8093833744057958,0.8093833744057958,1.0
structure_10143,HABRAF_manual.cif,744,37.2914,37.291399999999996,37.291399999999996,1.0000000000000002,1.0000000000000002,1.0
structure_10143,HUMQUC_charged.cif,196,8.2189,12.683099999999998,23.755,0.6480198058834198,0.34598610818774994,0.5339128604504314
structure_10143,ITIWOY_charged.cif,408,15.8763,15.8763,21.507,1.0,0.7381922164876552,0.7381922164876552
structure_10143,ADATEG_manual.cif,1160,48.5104,48.51039999999999,48.5104,1.0000000000000002,1.0,0.9999999999999999
structure_10143,XAYNAM_charged.cif,292,15.1658,16.981,19.436,0.8931040574760025,0.7802942992385264,0.8736880016464293
structure_10143,HEBPUB_charged.cif,342,13.169799999999999,19.6747,19.674641752022435,0.6693774237980756,0.669379405530788,1.0000029605610257
structure_10143,LOVNIV_charged.cif,512,16.6017,17.4095,25.5133,0.9536000459519228,0.6507076701171546,0.6823695876268456
structure_10143,FUYZAB_ion_b.cif,548,18.2339,20.319,20.319,0.8973817609134307,0.8973817609134307,1.0
structure_10143,ACUJOZ_manual.cif,426,21.332,27.818264176216633,27.81826417621664,0.766834331030543,0.7668343310305428,0.9999999999999998
structure_10143,LAJDUV03_charged.cif,54,8.947000000000001,8.947,10.898,1.0000000000000002,0.8209763259313637,0.8209763259313635
structure_10143,MAFDII_SL.cif,240,13.985002958973588,13.985002958973588,24.996693067083893,1.0,0.5594741240948107,0.5594741240948107
structure_10143,EHALOP_manual.cif,76,6.631,13.9205,15.9473,0.4763478323336087,0.41580706451875865,0.8729063854069341
structure_10143,GATJIV_charged.cif,447,12.7517,26.209000000000007,26.209,0.48653897516120403,0.48653897516120415,1.0000000000000002
structure_10143,MANLOD_manual.cif,920,28.342808696603754,28.342500000000005,28.3425,1.0000108916504806,1.0000108916504808,1.0000000000000002
structure_10143,SIZPEX_charged.cif,316,13.563,15.03,16.193,0.9023952095808384,0.8375841412956215,0.9281788427098128
structure_10143,OKIYAJ_charged.cif,428,15.88,15.88,21.505,1.0,0.7384329225761451,0.7384329225761451
structure_10143,XAJQAC_SL.cif,160,14.3253,15.6323,16.1854,0.9163910620957888,0.8850754383580263,0.9658272270070557
structure_10143,TICPOL_charged.cif,334,15.744,17.892,18.302,0.8799463447350772,0.8602338542235821,0.9775980767129275
structure_10143,AMEJOS_charged.cif,286,14.363399999999999,15.9165,17.4598,0.9024220148902082,0.8226554714257894,0.9116083803938189
structure_10143,MOXDOT_charged.cif,516,14.187,22.55,25.681,0.6291352549889134,0.5524317588878938,0.878081071609361
structure_10143,XICDUI_charged.cif,312,8.9646,22.8924,23.9497,0.3915972113015674,0.37430949030676797,0.9558533092272554
structure_10143,GERWIL_charged.cif,390,14.86,14.86,25.483,1.0,0.5831338539418436,0.5831338539418436
disorder_1877,MAMVED_charged.cif,2004,27.1653,27.1653,37.9051,1.0,0.7166660950637249,0.7166660950637249
structure_10143,OQIQUB_charged.cif,426,19.303385678190143,19.3033,19.3033,1.0000044385255444,1.0000044385255444,1.0
structure_10143,DAXKOE_charged.cif,58,10.1149,10.114899999999999,11.467,1.0000000000000002,0.8820877300078486,0.8820877300078485
structure_10143,HIFZAY_charged.cif,282,12.0861,14.6555,21.5673,0.8246801542083178,0.560390034913967,0.6795240943465339
structure_10143,HAWWEJ_charged.cif,156,11.5047,14.0214,15.8315,0.8205100774530361,0.7266967754161008,0.8856646559075261
structure_10143,VEQCEA_charged.cif,376,10.511,23.016,24.579,0.45668230795968023,0.42764148256641843,0.9364091297449041
structure_10143,KEFWEZ_charged.cif,154,9.2915,15.0734,17.8179,0.6164169994825321,0.5214699824333955,0.8459695025788672
structure_10143,VEGMOK02_charged.cif,202,9.8455,17.419699999999995,18.1908,0.5651934304264713,0.5412351298458561,0.9576104404424212
structure_10143,OKIXIQ01_charged.cif,408,15.8725,15.8725,21.673,1.0,0.7323628477829558,0.7323628477829558
structure_10143,HIFGIO_SL.cif,91,5.966,19.0132,19.0132,0.313782004081375,0.313782004081375,1.0
structure_10143,ja406030p_si_008_manual.cif,392,19.204000000000004,19.204,35.998,1.0000000000000002,0.5334740818934387,0.5334740818934386
structure_10143,XOTKIA_charged.cif,408,10.4867,23.026,24.55,0.45542864587857207,0.42715682281059064,0.9379226069246436
structure_10143,GIWCIZ_ion_b.cif,1092,14.9678,31.54726999771891,37.2856,0.47445626835799987,0.40143647949878775,0.8460979573271963
structure_10143,WELTUD_charged.cif,236,12.0195,12.254300000000002,28.954,0.980839378830288,0.41512398977688747,0.42323340471092086
structure_10143,OKIJUO_charged.cif,172,9.549,12.141,26.717,0.7865085248332098,0.3574128831829921,0.45442976382078826
structure_10143,KIFJIT_charged.cif,142,7.6634,9.6825,27.1105,0.79146914536535,0.28267276516478856,0.35714944394238396
structure_10143,VEGMOK01_charged.cif,202,9.8105,17.3723,18.1988,0.564720848707425,0.5390740048794426,0.9545849176868805
structure_10143,WAYMOA_manual.cif,38,6.672,11.128375094774619,11.128375094774619,0.5995484464872926,0.5995484464872926,1.0
structure_10143,CUTFUT_charged.cif,1272,13.6581,32.4156,40.5791,0.4213434272387369,0.33657966785857746,0.7988250109046282
structure_10143,OKIYIR_charged.cif,428,15.8508,15.8508,21.766,1.0,0.7282366994394929,0.7282366994394929
structure_10143,GIWCAR_ion_b.cif,352,12.857023986037808,16.6441,30.3685428664519,0.7724673599676646,0.42336650930463143,0.5480704185641624
structure_10143,GAJVEU_charged.cif,170,9.5959,17.2532,18.495,0.5561808823870354,0.5188375236550419,0.9328575290619086
structure_10143,ZEDVUB_charged.cif,664,11.365,24.003000000000004,32.883,0.47348248135649706,0.3456193169722957,0.7299516467475596
structure_10143,BIWSIK_ion_b.cif,435,25.231725701734558,25.2317,25.2317,1.0000010186287311,1.0000010186287311,1.0
structure_10143,MOXPEV_charged.cif,262,14.1838,14.1838,21.64,1.0,0.6554436229205175,0.6554436229205175
structure_10143,IJISOK_charged.cif,228,10.409,11.154,22.258,0.9332078178232025,0.467652080150957,0.5011231916614252
structure_10143,GITTOT01_manual.cif,136,14.68695996349228,14.6868,14.6868,1.0000108916504806,1.0000108916504806,1.0
structure_10143,IFUDAO_charged.cif,108,9.061,9.061,23.394,1.0,0.3873215354364367,0.3873215354364367
structure_10143,OKIYIR01_charged.cif,408,15.8548,15.8548,21.746,1.0,0.7290904074312518,0.7290904074312518
structure_10143,FEVVIM_charged.cif,216,11.262,13.4386,21.16,0.8380337237509861,0.5322306238185255,0.6350945179584121
structure_10143,GIYTIS_SL.cif,75,8.9508,9.0892,19.802,0.9847731373498216,0.452014947985052,0.459004140995859
structure_10143,OKIXIQ02_charged.cif,408,15.8878,15.8878,21.703,1.0,0.7320554762014468,0.7320554762014468
structure_10143,ERIRIG_auto.cif,808,30.0333,37.072,37.072,0.8101343331894691,0.8101343331894691,1.0
structure_10143,QOWQUO_manual.cif,396,23.33655417082311,23.3363,23.3363,1.0000108916504806,1.0000108916504806,1.0
structure_10143,MODNAU_charged.cif,248,13.5497,13.6454,27.2037,0.9929866475149134,0.4980829813591533,0.5016008851737079
structure_10143,OKIWEL02_charged.cif,428,15.8721,15.8721,21.636,1.0,0.7335967831392124,0.7335967831392124
structure_10143,ALOLES_ion_b.cif,268,9.604992679329008,15.256100000000002,28.086,0.6295837520289593,0.34198507011781704,0.5431923378195543
structure_10143,TIZVIH_charged.cif,92,9.59,13.415999999999999,14.528619491798256,0.7148181276088253,0.6600764790772983,0.9234187740668439
structure_10143,XADDIR_manual.cif,156,18.6626,18.662599999999998,18.662599999999998,1.0000000000000002,1.0000000000000002,1.0
structure_10143,ja406030p_si_007_manual.cif,392,19.2087,19.2087,36.042,1.0,0.5329532212418845,0.5329532212418845
structure_10143,XOVQEF_SL.cif,900,28.833,30.561,41.687,0.9434573475998822,0.6916544726173627,0.7331062441528534
structure_10143,XUVGUQ01_ion_b.cif,230,10.212,17.229011094538443,18.2382,0.5927211924100032,0.5599236766786196,0.9446662003124455
structure_10143,BAKGIF_manual.cif,70,7.5423,12.5387,13.6887,0.6015216888513163,0.5509873107015275,0.9159891004989517
structure_10143,XAYMUF_charged.cif,104,11.02,12.828,12.828,0.859058309946991,0.859058309946991,1.0
structure_10143,CAWDOU_charged.cif,236,13.7327,16.4189,16.5975,0.8363958608676585,0.8273956921223076,0.9892393432745896
structure_10143,NISPEL_charged.cif,188,8.577,13.687699999999998,25.822,0.6266209808806448,0.3321586244287817,0.5300790024010533
structure_10143,INEBOT_charged.cif,594,17.591,19.058,22.781,0.9230244516738378,0.7721785698608491,0.8365743382643431
structure_10143,EMIGEN_charged.cif,216,24.8438,24.8438,25.316121185114362,1.0,0.9813430666704155,0.9813430666704155
structure_10143,QONQEQ_manual.cif,38,6.654,11.1097147240602,11.109714724060199,0.5989352710911197,0.5989352710911198,1.0000000000000002
structure_10143,VEHNAZ_charged.cif,376,22.2357,22.2357,23.142471588661092,1.0,0.9608178588364186,0.9608178588364186
structure_10143,MUBZUG_auto.cif,264,21.983,21.983,21.983,1.0,1.0,1.0
structure_10143,NESVAK_charged.cif,318,21.5221,21.5221,25.3339,1.0,0.8495375761331654,0.8495375761331654
structure_10143,FURRUG_ion_b.cif,198,8.4057,20.227322609365118,20.227322609365125,0.41556167182048187,0.4155616718204817,0.9999999999999997
structure_10143,CAVPUM_manual.cif,516,27.6821,27.6821,27.6821,1.0,1.0,1.0
structure_10143,MAVNUU_manual.cif,376,7.2309,26.9842,31.2626,0.2679679219691523,0.23129554163761173,0.8631463793798341
structure_10143,IFEPUG_SL.cif,144,5.0662,19.099387100375758,19.09938710037576,0.26525458504897936,0.2652545850489793,0.9999999999999998
structure_10143,LIRTEM_SL.cif,118,12.032804319928097,12.0328,12.0328,1.0000003590127067,1.0000003590127067,1.0
structure_10143,WUNTAB_charged.cif,408,15.8267,15.8267,21.778,1.0,0.7267288088897053,0.7267288088897053
structure_10143,HUKQUZ_charged.cif,642,20.783,20.783,23.135,1.0,0.8983358547655068,0.8983358547655068
structure_10143,SAHYIL_charged.cif,408,15.8638,15.8638,21.568,1.0,0.7355248516320474,0.7355248516320474
structure_10143,TIFHAT_charged.cif,304,20.5381,20.5381,21.02693725599354,1.0,0.9767518564381409,0.9767518564381409
structure_10143,GIWBIY_charged.cif,364,13.207999999999998,16.921899999999997,31.712,0.7805270093783795,0.4164984863773965,0.5336118819374368
structure_10143,SAHYAD01_charged.cif,428,15.8632,15.8632,21.76,1.0,0.7290073529411765,0.7290073529411765
structure_10143,QAPQAA_charged.cif,136,10.7898,10.7898,15.9983,1.0,0.6744341586293543,0.6744341586293543
structure_10143,VEGMIE_charged.cif,202,9.834,17.3661,18.296,0.5662756750220257,0.5374945343244425,0.9491746829908176
structure_10143,NANYUX01_charged.cif,120,9.4469,11.5176,16.2456,0.8202142807529346,0.5815051460087655,0.7089673511596987
structure_10143,FAWCEN_SL.cif,138,14.593314865154662,14.5933,14.5933,1.0000010186287311,1.0000010186287311,1.0
structure_10143,WOZSOT_charged.cif,554,18.5846,20.815,20.815,0.8928465049243333,0.8928465049243333,1.0
structure_10143,UFASAW_charged.cif,348,11.319699999999997,11.3197,37.354,0.9999999999999999,0.3030384965465545,0.30303849654655457
structure_10143,KIBXUP_charged.cif,176,12.489,14.085,16.293,0.8866879659211928,0.7665255017492175,0.8644816792487572
structure_10143,LOQLEJ_manual.cif,114,7.233,21.7582,21.7582,0.33242639556580966,0.33242639556580966,1.0
structure_10143,XENMOU_SL.cif,93,6.330299999999999,12.6819,15.6877,0.4991602204716958,0.40351995512407807,0.8083976618624783
structure_10143,KAVJAT_charged.cif,380,23.407154939773637,23.4069,23.4069,1.0000108916504806,1.0000108916504806,1.0
structure_10143,UTULUR_SL_part.cif,392,8.239,22.251,37.791,0.3702754932362591,0.2180148712656453,0.5887909819798366
structure_10143,AWEBIO_charged.cif,404,10.8346,13.842699999999999,27.9882,0.7826941275907158,0.3871131405377981,0.49459057745764284
structure_10143,HIHGEM_manual.cif,326,17.56979433573427,17.569794335734272,24.89,0.9999999999999998,0.7058977234123852,0.7058977234123853
structure_10143,DANZEZ_charged.cif,466,10.3718,28.505,28.505,0.36385897211015616,0.36385897211015616,1.0
structure_10143,NANMAS_charged.cif,328,18.4732,18.4732,18.4732,1.0,1.0,1.0
structure_10143,BIYXUE_charged.cif,550,24.05,24.1042,24.6219,0.9977514292115068,0.9767727104731967,0.9789740028186289
structure_10143,LOQLIN_SL.cif,112,6.7423,21.17601091160886,21.1869,0.3183933002369118,0.31822966078095427,0.9994860461704571
structure_10143,REHJIZ_charged.cif,132,10.0372,10.0372,17.607,1.0,0.570068722667121,0.570068722667121
structure_10143,IPICUG_charged.cif,308,14.803,14.803,19.901,1.0,0.743831968242802,0.743831968242802
structure_10143,FITHAS_charged.cif,364,12.8061,20.7872,21.6247,0.6160569966133006,0.5921978108366821,0.9612711390215817
structure_10143,JENKET_SL.cif,744,10.1287,40.3822,41.041,0.2508209062408685,0.2467946687458883,0.9839477595575157
structure_10143,GAZZIS01_charged.cif,328,17.3175,17.3175,26.33,1.0,0.6577098366881884,0.6577098366881884
structure_10143,GUSNEN_SL.cif,38,6.782,7.849,10.596060895446005,0.8640591158109313,0.6400491717554002,0.740746969788873
structure_10143,AFEJOK_ion_b.cif,107,11.1085,13.477899999999998,13.477899999999998,0.8242010995778275,0.8242010995778275,1.0
structure_10143,CELZIE_SL.cif,184,10.5698,16.002318345008636,16.00231834500864,0.6605167933868082,0.6605167933868081,0.9999999999999998
structure_10143,ICITEU_charged.cif,364,27.230000000000004,27.23,27.23,1.0000000000000002,1.0000000000000002,1.0
structure_10143,FOXQIT_charged.cif,186,9.333,12.2631,20.4796,0.7610636788414022,0.4557217914412391,0.598795874919432
structure_10143,NARHEV_charged.cif,306,10.152,18.8793,20.9003,0.5377318014968775,0.48573465452649,0.9033028234044487
structure_10143,VEDDIT_charged.cif,194,12.051,12.051,21.4272,1.0,0.562415994623656,0.562415994623656
structure_10143,DEGPEL_charged.cif,200,17.5504,17.5504,17.5504,1.0,1.0,1.0
structure_10143,FAFJIH_SL.cif,202,12.489500000000001,12.4895,18.254,1.0000000000000002,0.6842062013805194,0.6842062013805192
structure_10143,LAZJAZ_SL.cif,93,9.0056,10.7263,12.9899,0.8395812162628306,0.6932770845041146,0.825741537656179
structure_10143,FOQSUA_charged.cif,52,7.2158,9.8974,10.8116,0.7290601572130054,0.6674127788671427,0.9154426726848939
structure_10143,GEDQUD_charged.cif,152,13.6945,14.771099999999999,16.06520340122041,0.9271144329129178,0.852432406735646,0.9194468088015554
structure_10143,WUNSII02_charged.cif,408,15.8955,15.8955,21.599,1.0,0.7359368489281911,0.7359368489281911
structure_10143,BOMCUB_charged.cif,54,9.025000000000002,9.025,11.343,1.0000000000000002,0.7956448911222782,0.7956448911222781
structure_10143,PEJPIF_charged.cif,192,14.4189,14.593199999999998,18.0571,0.9880560809143987,0.7985169268597949,0.808169639643132
structure_10143,ja406030p_si_005_manual.cif,404,19.277000000000005,19.277,36.023,1.0000000000000002,0.5351303333981069,0.5351303333981068
structure_10143,WAYMIU_manual.cif,38,6.5603,10.946332697072569,10.946332697072569,0.5993148738987673,0.5993148738987673,1.0
structure_10143,WUNSEE_charged.cif,408,15.869,15.869,21.649,1.0,0.7330130721973301,0.7330130721973301
structure_10143,POQXAV_charged.cif,348,7.4106,20.0651,31.1884,0.3693278378876756,0.2376075720460171,0.64335137422888
structure_10143,ja512973b_si_005_auto.cif,420,28.9202,28.9202,28.9202,1.0,1.0,1.0
structure_10143,BUCSIC_charged.cif,262,13.596,14.676,17.16,0.9264104660670482,0.7923076923076923,0.8552447552447553
structure_10143,NERNON_charged.cif,416,15.169000000000002,19.067,24.303,0.7955630146326115,0.624161626136691,0.7845533473233757
structure_10143,EDORIY_charged.cif,672,14.189399999999997,26.734599999999997,27.1323,0.530750413322062,0.5229707765283443,0.9853421936216242
structure_10143,OLURUI_charged.cif,174,15.0384,15.0384,15.0384,1.0,1.0,1.0
structure_10143,MOXPIZ_charged.cif,424,15.031,16.253,39.952,0.9248138805143666,0.3762264717661194,0.4068131758109732
structure_10143,ADOBOL_charged.cif,274,14.625,17.066,17.066,0.8569670690261338,0.8569670690261338,1.0
structure_10143,ja500330a_si_009_auto.cif,560,19.7065,22.8097,25.9146,0.863952616649934,0.7604400608151389,0.8801872303643505
structure_10143,WOJJOV_SL.cif,200,6.6095,21.1012,21.1012,0.313228631547021,0.313228631547021,1.0
structure_10143,SOGWIV_charged.cif,84,9.6172,11.7826,12.2734,0.8162205285760359,0.7835807518698975,0.9600110808740854
structure_10143,OKIVAG01_charged.cif,428,15.8926,15.8926,21.972,1.0,0.7233114873475331,0.7233114873475331
structure_10143,EPUVAN_charged.cif,290,14.936500000000002,17.1361,17.3016,0.8716394045319532,0.8633016599620845,0.9904344106903407
structure_10143,GIWCOF_ion_b.cif,360,12.863722804058401,17.1679,31.177219985240228,0.7492892435334783,0.41260005895805607,0.5506552543211853
structure_10143,BUFNEW_charged.cif,1464,34.1709,34.1709,34.1709,1.0,1.0,1.0
structure_10143,GAZZIS_charged.cif,328,17.285699999999995,17.2857,26.219,0.9999999999999998,0.6592814371257483,0.6592814371257484
structure_10143,NARHAR_charged.cif,306,10.1472,18.9515,21.1076,0.5354299131994829,0.48073679622505633,0.8978519585362618
structure_10143,GAZZIS03_charged.cif,328,17.339099999999995,17.3391,26.562,0.9999999999999998,0.652778405240569,0.6527784052405692
structure_10143,OFIWIK_charged.cif,260,9.0655,16.7679,16.7679,0.5406461154944865,0.5406461154944865,1.0
structure_10143,GESBUC_charged.cif,792,24.043,24.043,24.043,1.0,1.0,1.0
structure_10143,NAYZUK_SL.cif,200,7.1812,21.893,21.893,0.3280135203032933,0.3280135203032933,1.0
structure_10143,NUFTOY_charged.cif,496,8.2835,31.745,31.745,0.2609387305087415,0.2609387305087415,1.0
structure_10143,VETSOE_charged.cif,1142,35.7945,35.79449999999999,35.7945,1.0000000000000002,1.0,0.9999999999999998
structure_10143,DARNOB_charged.cif,170,10.6414,12.3868,18.8433,0.8590919365776473,0.5647312307292248,0.6573583183412671
structure_10143,OGIYOT_charged.cif,436,18.9307,18.9307,20.989,1.0,0.9019343465624852,0.9019343465624852
structure_10143,YAXBOP_SL.cif,38,6.889,11.073,11.096868159643064,0.6221439537614016,0.6208057896059196,0.9978491084782041
structure_10143,MEFZUU_manual.cif,1617,38.1428,38.1428,39.24554172594668,1.0,0.9719014777870268,0.9719014777870268
structure_10143,WAQDOJ_charged.cif,218,18.8832,18.8832,18.8832,1.0,1.0,1.0
structure_10143,MODNUO_ion_b.cif,248,13.647,13.74,27.03,0.993231441048035,0.5048834628190899,0.5083240843507214
structure_10143,POBYAH_charged.cif,388,15.5419,15.5419,26.4893,1.0,0.5867236959829063,0.5867236959829063
structure_10143,AVOSIO_charged.cif,477,13.7461,24.402000000000005,24.401999999999997,0.5633185804442258,0.563318580444226,1.0000000000000002
structure_10143,LIVTEP_charged.cif,48,8.157,10.1706,11.613,0.8020175800837709,0.7024024799793336,0.8757943683802636
structure_10143,OXAPEJ_charged.cif,352,12.0751,18.9705,19.4783,0.6365198597822935,0.6199257635419929,0.9739299630871278
structure_10143,LAZGOK_manual.cif,95,11.583,11.665,14.159,0.9929704243463353,0.818066247616357,0.8238576170633518
structure_10143,VEHKAW_charged.cif,120,9.32,12.608,16.107,0.7392131979695431,0.5786304091388838,0.7827652573415286
structure_10143,IFENOY01_SL.cif,144,5.2351,18.9281,18.928105083742903,0.27657820911766107,0.27657813483381166,0.9999997314182862
structure_10143,VUSQIK_charged.cif,572,19.0435,21.6023,22.2298,0.8815496498058079,0.8566653771064068,0.9717721257051345
structure_10143,HUCBEN_manual.cif,102,9.8281,10.105899999999998,18.912157760812182,0.9725111073729209,0.5196710033989232,0.5343599671604051
structure_10143,TASYUJ_charged.cif,626,28.1046061022126,28.104299999999995,28.104299999999995,1.0000108916504806,1.0000108916504806,1.0
structure_10143,AMUWIP_charged.cif,680,20.939,25.433,31.146,0.8233004364408446,0.6722853656970398,0.8165735567970205
structure_10143,QUSBEM_charged.cif,86,6.5908999999999995,10.3821,17.69209951965625,0.6348330299265081,0.37253351376852634,0.5868212525294295
structure_10143,CIPREZ_charged.cif,316,14.506,15.912,16.689,0.911639014580191,0.8691952783270418,0.9534423872011505
structure_10143,MEGBEH_manual.cif,202,18.941600000000005,18.941600000000005,19.973787943366514,1.0,0.9483228746448513,0.9483228746448513
structure_10143,MARDAM_charged.cif,576,16.0824,23.864199999999997,23.864190106496398,0.6739132256685748,0.6739135050563475,1.0000004145752928
structure_10143,WOCJII_charged.cif,196,10.225,13.954000000000002,19.053,0.7327647986240503,0.5366608932976433,0.7323781031858501
structure_10143,WEHQAC_charged.cif,236,15.6209,15.620900000000002,19.894491232591893,0.9999999999999999,0.785187206718273,0.7851872067182731
structure_10143,DUVNIS01_charged.cif,904,17.78,24.58,39.386,0.7233523189585029,0.451429441933682,0.624079622200782
structure_10143,CAZNOI_charged.cif,304,15.061,17.069000000000003,28.353,0.8823598336164976,0.5311959933693083,0.6020174232003669
structure_10143,ja512973b_si_003_auto.cif,396,25.334,25.334,25.334,1.0,1.0,1.0
structure_10143,BELVEV_charged.cif,222,14.771900000000002,14.771900000000002,23.1284,1.0,0.6386909600318225,0.6386909600318225
structure_10143,AWEDOW_charged.cif,516,9.9055,27.766,28.33,0.3567492616869553,0.3496470172961525,0.9800917755030003
structure_10143,BUFNOG_charged.cif,1440,34.24940000000001,34.2494,34.2494,1.0000000000000002,1.0000000000000002,1.0
structure_10143,WUNSII_charged.cif,428,15.916,15.916,21.495,1.0,0.7404512677366829,0.7404512677366829
structure_10143,QULKIS_charged.cif,230,13.335,13.335,18.41089325375524,1.0,0.7242994577289227,0.7242994577289227
structure_10143,CEZMUR_charged.cif,96,7.9674,9.7304,21.296,0.8188152593932418,0.3741265965439519,0.4569120961682945
structure_10143,QUQPOI_SL.cif,45,7.3937,10.9623,12.6331,0.6744661248095746,0.5852641077803548,0.8677442591287966
structure_10143,PUWDEQ_charged.cif,114,9.9518,11.5761,15.5562,0.8596850407304706,0.6397320682428871,0.7441470281945463
structure_10143,YOZQAG_charged.cif,344,23.0781,23.0781,27.3789,1.0,0.8429155298423238,0.8429155298423238
structure_10143,SEMFIB_charged.cif,248,12.597099999999998,12.5971,24.475661462521096,0.9999999999999999,0.5146786336822639,0.514678633682264
structure_10143,OGURAK_charged.cif,77,13.179,13.178,13.877821027935791,1.0000758840491728,0.9496447586022995,0.9495727011807499
structure_10143,EMIGIR_charged.cif,352,22.5629,22.6617,33.7015,0.9956402211661084,0.6694924558254083,0.6724240760796997
structure_10143,VEXYON_charged.cif,219,18.595,18.595,18.595,1.0,1.0,1.0
structure_10143,HELDEJ_SL.cif,139,12.618,12.927000000000001,13.012,0.9760965421211417,0.9697202582231786,0.9934675683984016
structure_10143,LETPOR01_ion_b.cif,1000,10.022866672332276,37.23199498634741,37.232,0.26920036586832263,0.269200329617863,0.9999998653402291
structure_10143,OXOLAP_SL.cif,516,28.174700000000005,28.1747,28.1747,1.0000000000000002,1.0000000000000002,1.0
structure_10143,CUCKIV_charged.cif,122,10.833,14.17,14.4,0.7645024700070572,0.7522916666666667,0.9840277777777777
structure_10143,XACGIT_charged.cif,138,13.073200000000002,13.0732,13.435,1.0000000000000002,0.9730703386676592,0.973070338667659
structure_10143,IFEQAN_SL.cif,144,5.0883,19.059509010530675,19.059509010530675,0.26696910173229726,0.26696910173229726,1.0
structure_10143,VETTIZ_charged.cif,1154,36.0504,36.0504,36.0504,1.0,1.0,1.0
structure_10143,ZAYKAN_charged.cif,380,12.249,21.739,22.722,0.5634573807442844,0.5390810668074993,0.9567379632074641
structure_10143,BARZOL_charged.cif,928,18.797,18.883,31.934,0.9954456389344915,0.58862027932611,0.5913133337508611
structure_10143,ZEDVOV_charged.cif,336,11.649,16.833,25.515,0.6920335056139726,0.4565549676660787,0.6597295708406818
structure_10143,WUNSII01_charged.cif,408,15.89,15.89,21.706,1.0,0.7320556528148899,0.7320556528148899
structure_10143,VITKUG_charged.cif,148,10.5944,11.593400000000003,15.822,0.91383028274708,0.6695992921248894,0.7327392238655039
structure_10143,KINNUS_charged.cif,118,7.573500000000001,11.7547,17.0842,0.6442954733000418,0.4433043396822796,0.6880450942976551
structure_10143,DAPXID_ion_b.cif,600,14.943,36.351,36.351,0.4110753486836676,0.4110753486836676,1.0
structure_10143,WENLAE_manual.cif,208,9.1999,15.578,22.142,0.5905700346642702,0.4154954385331045,0.7035498148315419
structure_10143,ZELROZ_manual.cif,89,17.1227,17.1227,17.1227,1.0,1.0,1.0
structure_10143,UCOCUM_neutral.cif,156,18.6019,18.6019,18.6019,1.0,1.0,1.0
structure_10143,WEBZEK_charged.cif,870,22.18,22.18,26.882454300448305,1.0,0.8250734755133617,0.8250734755133617
structure_10143,ZAYKER_charged.cif,380,12.232,21.818,22.784,0.5606380053167109,0.5368679775280899,0.9576018258426967
structure_10143,BIWSEG_ion_b.cif,483,29.03,29.03,29.03,1.0,1.0,1.0
structure_10143,FUWXOL_SL.cif,72,8.6429,8.8848,15.4504,0.9727737259139203,0.5593965204784341,0.5750530730595972
structure_10143,BOHJOZ_auto.cif,78,12.679060982777866,12.679060982777866,12.679060982777866,1.0,1.0,1.0
structure_10143,OLURUI01_charged.cif,174,14.9769,14.9769,14.9769,1.0,1.0,1.0
structure_10143,SOTXEG_neutral.cif,180,9.28814,14.7113,19.8471,0.6313609266346278,0.4679847433630102,0.7412317164724317
structure_10143,RUBTAK03_auto.cif,114,14.669990835886708,14.669990835886708,14.669990835886708,1.0,1.0,1.0
structure_10143,RUBTAK02_SL.cif,114,14.6675,14.667499999999999,14.667499999999999,1.0000000000000002,1.0000000000000002,1.0
structure_10143,FAWCEN02_SL.cif,138,14.71641499054786,14.7164,14.7164,1.0000010186287311,1.0000010186287311,1.0
structure_10143,TIFHEX_charged.cif,304,20.469199999999997,20.4692,20.909176176439008,0.9999999999999998,0.9789577469372137,0.9789577469372139
structure_10143,WAHNUQ_charged.cif,473,14.494500000000002,22.9813,22.981335988221645,0.6307084455622616,0.6307074578879444,0.9999984340239548
structure_10143,EBEZUI_ion_b.cif,212,13.1924,16.756700000000002,16.756700000000002,0.7872910537277625,0.7872910537277625,1.0
structure_10143,NATNOM_charged.cif,128,9.8108,9.8108,23.417,1.0,0.4189605841909724,0.4189605841909724
structure_10143,CAVPEW_manual.cif,516,27.6523,27.6523,27.6523,1.0,1.0,1.0
structure_10143,OQIQUB01_charged.cif,390,19.12986483733928,19.1299,19.1299,0.9999981619004428,0.9999981619004428,1.0
structure_10143,PAVKIH_charged.cif,904,14.8168,24.0395,42.3734,0.6163522535826452,0.3496722000122719,0.5673252559388674
structure_10143,VEHKIE_SL.cif,242,20.317920696396698,20.3179,20.3179,1.0000010186287311,1.0000010186287311,1.0
structure_10143,LAJDUV01_charged.cif,54,8.939,8.939,10.893,1.0,0.8206187459836591,0.8206187459836591
structure_10143,JUPFOP_charged.cif,304,12.12,12.9889,22.7015,0.9331044199277845,0.5338854260731669,0.5721604299275378
structure_10143,EWIMIH_charged.cif,276,11.343,13.748,24.652,0.8250654640675008,0.4601249391530099,0.5576829466169073
structure_10143,TIZVED01_charged.cif,92,9.599000000000002,13.367,14.468224581706053,0.7181117677863396,0.6634538982852942,0.9238866817772192
structure_10143,LEDNEP_charged.cif,118,9.7641,14.0488,14.0488,0.6950130972040316,0.6950130972040316,1.0
structure_10143,OXALUV_SL.cif,300,19.65096671035815,21.51894438360398,21.6561,0.9131938054234154,0.9074102313139556,0.9936666520566483
structure_10143,EBIMIN_charged.cif,364,10.7616,16.2417,25.6486,0.6625907386542048,0.4195784565239428,0.6332392411281709
structure_10143,ELOFIU_charged.cif,78,9.6263,9.6263,12.571803254573569,1.0,0.7657055877404058,0.7657055877404058
structure_10143,HETZUC_charged.cif,274,14.754,17.038,17.038,0.8659467073600188,0.8659467073600188,1.0
structure_10143,ALOLIX_charged.cif,768,27.344900000000003,27.3449,28.2554,1.0000000000000002,0.967776071122688,0.9677760711226879
structure_10143,TUGSOE_charged.cif,259,13.6205,15.4151,15.9794,0.8835816828953428,0.8523786875602338,0.9646857829455424
structure_10143,OKIVIO02_charged.cif,428,15.8271,15.8271,21.856,1.0,0.724153550512445,0.724153550512445
structure_10143,BINDAF_manual.cif,426,22.039,22.039,22.039,1.0,1.0,1.0
structure_10143,QOZFUG_charged.cif,342,13.662,18.914000000000005,23.197,0.7223220894575445,0.5889554683795319,0.8153640556968575
structure_10143,REFTON_SL.cif,240,7.3077,18.8151,23.3444,0.3883954908557488,0.313038673086479,0.8059791641678519
structure_10143,QIBTAW_charged.cif,1288,15.134,22.431,47.621,0.6746912754669876,0.3178009701602234,0.4710316877008043
structure_10143,MUZHUL_charged.cif,42,7.356200000000001,7.3562,16.3,1.0000000000000002,0.45130061349693257,0.4513006134969325
structure_10143,HAHPIQ_charged.cif,364,12.02,21.790000000000003,21.789999999999996,0.5516291877007801,0.5516291877007803,1.0000000000000002
structure_10143,CAZNUO_charged.cif,151,14.824999999999998,16.6722,16.6722,0.889204784011708,0.889204784011708,1.0
structure_10143,ADOBAX_charged.cif,274,14.916,17.266,17.266,0.8638943588555543,0.8638943588555543,1.0
structure_10143,science.1056698_manual.cif,396,23.33665417362631,23.3363,23.3366,1.0000151769400594,1.0000023214018456,0.9999871446568909
structure_10143,TIMMIM_charged.cif,1062,23.167,23.167,26.46,1.0,0.8755479969765685,0.8755479969765685
structure_10143,ic5b00096_auto.cif,696,26.52,26.52,26.52,1.0,1.0,1.0
structure_10143,RIDCEN_charged.cif,504,22.4567,22.4567,22.4567,1.0,1.0,1.0
structure_10143,ITIWUE_charged.cif,408,15.8774,15.8774,21.542,1.0,0.7370439142140933,0.7370439142140933
structure_10143,OKIWEL01_charged.cif,428,15.877,15.877,21.806,1.0,0.7281023571494084,0.7281023571494084
structure_10143,TUGSUK_ion_b.cif,724,15.3762,25.4431,25.9847,0.604336735696515,0.5917405242315671,0.9791569654450504
structure_10143,HAWGIX_charged.cif,332,10.27,16.594,28.683,0.6188983970109677,0.3580518076909668,0.578530837081198
structure_10143,AWEDUC_charged.cif,278,7.9114,14.2572,29.557,0.5549055915607554,0.26766586595391956,0.48236289203911087
structure_10143,NOSJIQ_charged.cif,964,24.424,24.453000000000003,24.453,0.9988140514456303,0.9988140514456304,1.0000000000000002
structure_10143,KIXKOS_ion_b.cif,430,16.926091315973572,16.926091315973572,29.8537,1.0,0.5669679576057096,0.5669679576057096
structure_10143,BIYYAL_charged.cif,550,23.9724,24.092799999999997,24.5693,0.9950026563952717,0.9757054535538254,0.9806058780673441
structure_10143,TADWEC_manual.cif,392,13.0884,26.618599999999997,26.6186,0.4917012915780695,0.49170129157806947,0.9999999999999999
structure_10143,VARWES_charged.cif,368,11.5675,20.924,23.7993,0.5528340661441408,0.48604370716785794,0.8791855222632599
structure_10143,BINCUY_manual.cif,426,22.249,22.249,22.249,1.0,1.0,1.0
structure_10143,MAFZIE_charged.cif,512,13.707,17.121,36.018,0.8005957595934818,0.38055972013993006,0.47534566050308175
structure_10143,NIFYUY_charged.cif,1392,18.426,18.507,48.374,0.995623277678716,0.38090709885475665,0.38258155207342787
structure_10143,ja512973b_si_002_auto.cif,432,24.305,24.305,24.305,1.0,1.0,1.0
structure_10143,WUNVEH_charged.cif,408,15.8471,15.8471,21.767,1.0,0.7280332613589379,0.7280332613589379
structure_10143,HOMXIR_manual.cif,507,17.5091,41.255500000000005,41.2555,0.4244064427773266,0.4244064427773267,1.0000000000000002
structure_10143,RAXCAW_charged.cif,94,10.241999999999999,13.1436,13.1436,0.7792385647767734,0.7792385647767734,1.0
structure_10143,FABFOF_ion_b.cif,62,9.592,9.592,11.021,1.0,0.8703384447872243,0.8703384447872243
structure_10143,SEMFEX_charged.cif,248,12.485300000000002,12.4853,23.936603370681432,1.0000000000000002,0.5215986498440512,0.5215986498440512
structure_10143,ODAHIK_charged.cif,352,10.439,14.44,28.415,0.7229224376731302,0.36737638571177195,0.508182298081999
structure_10143,NIFZEJ_charged.cif,1392,18.3965,18.5561,48.8513,0.9913990547582735,0.37658158534163877,0.3798486427177987
structure_10143,MOXPOF_charged.cif,206,13.2235,15.2141,15.2141,0.8691608442168778,0.8691608442168778,1.0
structure_10143,ILITUT_manual.cif,226,16.6644,16.6644,27.853,1.0,0.5982982084515133,0.5982982084515133
structure_10143,GEZFIC_charged.cif,440,15.51,19.707,19.707,0.7870299893438879,0.7870299893438879,1.0
structure_10143,GAJVIY_charged.cif,516,14.5575,22.4021,24.6744,0.6498274715316867,0.5899839509775314,0.9079086016275979
structure_10143,GECRAI_charged.cif,124,8.9088,8.9088,18.7815,1.0,0.4743391102947048,0.4743391102947048
structure_10143,MODPEA_charged.cif,102,11.4002,15.1863,15.1863,0.7506897664342204,0.7506897664342204,1.0
structure_10143,MITTAL_charged.cif,312,10.2235,12.9894,30.487,0.7870648374828706,0.3353396529668383,0.4260635680781973
structure_10143,CUTFON_charged.cif,832,22.3511,22.3511,25.3776,1.0,0.8807412836517243,0.8807412836517243
structure_10143,NATHOH_ion_b.cif,254,14.5720010493823,17.049700000000005,22.034303057828417,0.8546778564656443,0.6613325146313223,0.773779862937055
structure_10143,IZEFEZ_charged.cif,515,18.7929,19.024200000000004,26.2547,0.9878418014949378,0.7157918391754619,0.7246016903640112
structure_10143,ZABQIC_ion_b.cif,344,11.592,19.0992,38.7481,0.6069364161849712,0.2991630557369265,0.49290674897607883
structure_10143,XOSQUR_ion_b.cif,102,5.1882,15.284,17.726,0.33945302276890865,0.29268870585580503,0.8622362631163264
structure_10143,QEBKUF_SL.cif,918,31.03679370674877,31.0368,31.0368,0.9999997972326004,0.9999997972326004,1.0
structure_10143,EBAVAH_auto.cif,423,18.827600000000004,18.827600000000004,54.149,1.0,0.34769986518679946,0.34769986518679946
structure_10143,ja512973b_si_004_auto.cif,384,27.9293,27.9293,27.9293,1.0,1.0,1.0
structure_10143,KISPOS_ion_b.cif,466,17.194667583098855,17.194667583098855,29.9155,1.0,0.5747745343751184,0.5747745343751184
structure_10143,JEWYAM_charged.cif,219,19.1158,19.1158,19.1158,1.0,1.0,1.0
structure_10143,JENKIX_SL.cif,656,15.0763,24.166833028605545,32.45354636723747,0.6238426020552483,0.4645501551479082,0.7446592355466725
structure_10143,EMIGAJ_charged.cif,732,25.5907,42.31400000000001,42.314,0.6047809235713947,0.6047809235713948,1.0000000000000002
structure_10143,IBOWIH_charged.cif,522,13.371400000000001,13.3714,41.4227,1.0000000000000002,0.32280368010776705,0.322803680107767
structure_10143,SETQOZ_SL.cif,38,6.9035,11.282507892973086,11.282507892973086,0.6118763723001339,0.6118763723001339,1.0
structure_10143,RIDKOE_charged.cif,200,13.1562,13.1562,15.912,1.0,0.8268099547511312,0.8268099547511312
structure_10143,MECWEX_manual.cif,138,14.7329604645082,14.7328,14.7328,1.0000108916504806,1.0000108916504806,1.0
structure_10143,VETTAR_charged.cif,1142,35.1743,35.1743,35.1743,1.0,1.0,1.0
structure_10143,LARZEL_SL_part.cif,128,6.508,16.318,16.318,0.3988233852187768,0.3988233852187768,1.0
structure_10143,UBULIO_SL.cif,618,17.561,41.45900000000001,41.459,0.42357509828987666,0.4235750982898767,1.0000000000000002
structure_10143,SADMUH_SL.cif,38,6.9351,11.291782619564549,11.291782619564549,0.6141722909174674,0.6141722909174674,1.0
structure_10143,FENVOL_charged.cif,236,17.48644751877255,17.486600000000003,17.4866,0.9999912801100584,0.9999912801100587,1.0000000000000002
structure_10143,SAHYAD03_charged.cif,408,15.8633,15.8633,21.586,1.0,0.7348883535624943,0.7348883535624943
structure_10143,DAPBIH_neutral.cif,180,18.688300000000005,18.6883,18.6883,1.0000000000000002,1.0000000000000002,1.0
structure_10143,ADOBEB_charged.cif,274,14.916,17.266,17.266,0.8638943588555543,0.8638943588555543,1.0
structure_10143,ALOLET_charged.cif,822,27.295900000000003,27.2959,28.0896,1.0000000000000002,0.9717439906584644,0.9717439906584643
structure_10143,VINHEH_charged.cif,359,14.142799999999998,20.3826,21.12898267153272,0.6938663369736932,0.6693554640022837,0.9646749356968175
structure_10143,XACFEN_charged.cif,146,11.63,11.63,15.731,1.0,0.7393045578793466,0.7393045578793466
structure_10143,EMIGUD_charged.cif,480,22.4165,22.4388,33.994,0.999006185714031,0.6594251926810614,0.6600811907983762
structure_10143,TIZVIH01_charged.cif,92,9.59,13.415999999999999,14.528619491798256,0.7148181276088253,0.6600764790772983,0.9234187740668439
structure_10143,WOMFIO_charged.cif,102,10.0523,14.329500000000003,14.329499999999998,0.701510869185945,0.7015108691859452,1.0000000000000004
structure_10143,LEDNIT_charged.cif,110,9.710399999999998,14.003500000000003,14.0035,0.6934266433391649,0.693426643339165,1.0000000000000002
structure_10143,ATIJUJ_manual.cif,126,6.2631,23.928300000000004,23.928303056594885,0.26174446157896714,0.2617444281438013,0.9999998722602738
structure_10143,MAWFAT_charged.cif,566,17.0073,17.0073,24.523,1.0,0.6935244464380378,0.6935244464380378
structure_10143,SABWAU_SL.cif,38,6.5760000000000005,7.612,10.47255782832747,0.8638991066736732,0.6279268262632479,0.7268520379434067
structure_10143,NESVEO_charged.cif,212,19.222168250562984,19.2223,19.2223,0.9999931460107783,0.9999931460107783,1.0
structure_10143,OKITIM02_charged.cif,428,15.8773,15.8773,21.684,1.0,0.7322126913853532,0.7322126913853532
structure_10143,XUVGUQ_charged.cif,232,10.212,17.229,18.2382,0.5927215740901968,0.5599236766786196,0.9446655919992104
structure_10143,TALJUM_charged.cif,502,16.9489,20.443600000000004,23.1265,0.829056526247823,0.7328778673815751,0.8839902276609086
structure_10143,OBEDAA_charged.cif,180,11.713500000000002,11.7135,23.5469,1.0000000000000002,0.4974540173016406,0.4974540173016405
structure_10143,UFASEA_ion_b.cif,296,14.8874,15.3721,19.374,0.9684688494089942,0.7684215959533396,0.7934396614018788
structure_10143,CEQBUV_charged.cif,258,9.2411,19.5285,19.52851709756437,0.4732109481014926,0.4732105337968833,0.9999991244821977
structure_10143,IXEDUK_charged.cif,566,24.046000000000003,24.1573,24.3834,0.9953926970315393,0.9861627172584628,0.9907272980798411
structure_10143,GITTOT_manual.cif,138,14.68695996349228,14.6868,14.6868,1.0000108916504806,1.0000108916504806,1.0
structure_10143,VEGMOK04_charged.cif,202,9.8317,17.395300000000002,18.1967,0.5651928969319298,0.5403012634158941,0.9559590475196054
structure_10143,KEHGOV_manual.cif,218,8.7809,11.3833,28.2333,0.7713843964403996,0.31101217356809163,0.4031870167497246
structure_10143,TEQVAO_manual.cif,320,13.7909,16.2879,22.017,0.8466960136051916,0.6263750738066041,0.7397874369805151
structure_10143,RAFRUL_charged.cif,728,21.85,21.85,21.85,1.0,1.0,1.0
structure_10143,CAJVUG_charged.cif,264,9.848,9.848,35.0588,1.0,0.28089951738222646,0.28089951738222646
structure_10143,BEFGEA_manual.cif,390,17.483,26.479700000000005,26.4797,0.6602416190515753,0.6602416190515753,1.0000000000000002
structure_10143,FEFDEB_manual.cif,74,9.6282,15.21,15.21,0.6330177514792898,0.6330177514792898,1.0
structure_10143,PEJPAX_charged.cif,198,14.2247,15.5954,17.7296,0.912108698718853,0.80231364497789,0.879625033841711
structure_10143,IYUHUG_ion_b.cif,772,22.1386,22.1386,36.2651,1.0,0.610465709456199,0.610465709456199
structure_10143,TASJUT_charged.cif,528,20.783922699666505,20.7839,20.7839,1.0000010921755063,1.0000010921755063,1.0
structure_10143,XAMHEA_manual.cif,198,17.1168,17.2215,17.2215,0.9939203902099122,0.9939203902099122,1.0
structure_10143,EBIDIE_charged.cif,352,13.4334,13.4334,26.677,1.0,0.5035573715185366,0.5035573715185366
structure_10143,SAMLAV_manual.cif,116,7.4466,14.3821,20.914,0.517768615153559,0.35605814287080423,0.6876781103566988
structure_10143,PEHQID_neutral.cif,146,9.5774,9.7182,25.396,0.9855117202774177,0.377122381477398,0.382666561663254
structure_10143,ALOLOD_charged.cif,1134,27.234,27.233999999999998,32.8706,1.0000000000000002,0.8285215359622277,0.8285215359622276
structure_10143,XICYEP_SL.cif,332,13.53,19.71,28.3,0.6864535768645357,0.4780918727915194,0.6964664310954064
structure_10143,VEQCAW_charged.cif,376,10.498,22.995,24.423,0.4565340291367688,0.4298407239077918,0.941530524505589
structure_10143,KOYRAT_charged.cif,516,14.514,22.314,24.572,0.6504436676525948,0.5906723099462803,0.9081067882142276
structure_10143,ECUDIR_charged.cif,84,9.5221,12.906500000000001,12.9065,0.7377755394568628,0.7377755394568628,1.0000000000000002
structure_10143,EGELUY01_manual.cif,38,6.6218,11.08397519214113,11.08397519214113,0.5974210412068637,0.5974210412068637,1.0
structure_10143,GAYTEH_ion_b.cif,832,24.3984,24.3984,24.3984,1.0,1.0,1.0
structure_10143,SETQUF_SL.cif,76,11.2577,11.2577,13.796968206403742,1.0,0.8159546236233869,0.8159546236233869
structure_10143,XAGDAL_SL.cif,696,20.713,20.713,20.713,1.0,1.0,1.0
structure_10143,ECUFEP_charged.cif,90,9.4926,12.9357,12.9357,0.733829634267956,0.733829634267956,1.0
structure_10143,MALYIJ_charged.cif,576,14.868,22.523,25.174,0.6601252053456467,0.5906093588623182,0.8946929371573846
structure_10143,EMAFII_charged.cif,664,19.8931,19.8931,19.8931,1.0,1.0,1.0
structure_10143,YEMLUY_charged.cif,304,9.27,19.143,19.142999999999997,0.48425011753643626,0.4842501175364363,1.0000000000000002
structure_10143,SOCPOQ_charged.cif,472,21.44593357906871,21.4457,21.4457,1.0000108916504806,1.0000108916504806,1.0
structure_10143,YOZCAS_manual.cif,600,19.6997,25.992900000000002,25.9929,0.7578877308803558,0.7578877308803558,1.0000000000000002
structure_10143,FASHUD_SL.cif,108,14.610678038681161,14.610678038681161,14.610678038681161,1.0,1.0,1.0
structure_10143,ja500330a_si_006_auto.cif,744,26.8514,26.8514,26.8514,1.0,1.0,1.0
structure_10143,IYOWID_manual.cif,516,27.7364,27.7364,27.7364,1.0,1.0,1.0
structure_10143,TASZAQ_charged.cif,642,28.655312100244522,28.655,28.655,1.0000108916504806,1.0000108916504806,1.0
structure_10143,CIMTEZ_charged.cif,1352,18.2151,27.286,37.614,0.6675621197683793,0.4842638379326847,0.7254213856542777
structure_10143,ja512311a_si_003_auto.cif,1000,30.042,37.151,37.151,0.808645796882991,0.808645796882991,1.0
structure_10143,la4012839_si_002_auto.cif,156,18.763785545566225,18.763785545566225,18.763785545566225,1.0,1.0,1.0
structure_10143,ja500330a_si_007_auto.cif,1248,35.0765,35.0765,35.0765,1.0,1.0,1.0
structure_10143,MANLIX_charged.cif,880,27.884603706049496,27.8843,27.8843,1.0000108916504806,1.0000108916504806,1.0
structure_10143,NIFZAF_charged.cif,1400,18.6061,18.6939,48.617,0.9953032807493355,0.3827076948392538,0.3845136474895613
structure_10143,MIHHAN_SL.cif,1200,32.1539,32.15389999999999,32.15389999999999,1.0000000000000002,1.0000000000000002,1.0
structure_10143,LAFROB_manual.cif,2640,45.3941,45.394099999999995,45.3941,1.0000000000000002,1.0,0.9999999999999999
structure_10143,GOJRED_manual.cif,3008,33.3373,33.3373,33.3373,1.0,1.0,1.0
structure_10143,LAFRAN_manual.cif,2640,45.0964,45.0964,45.0964,1.0,1.0,1.0
structure_10143,FALBAX_manual.cif,2640,53.0274,53.02739999999999,53.02739999999999,1.0000000000000002,1.0000000000000002,1.0
structure_10143,LAFRIV_manual.cif,2640,45.1983,45.1983,45.1983,1.0,1.0,1.0
structure_10143,LAFRER_manual.cif,2640,45.546200000000006,45.5462,45.5462,1.0000000000000002,1.0000000000000002,1.0
structure_10143,PUZMAZ_manual.cif,2640,53.0132,53.01319999999999,53.01319999999999,1.0000000000000002,1.0000000000000002,1.0
structure_10143,YUSWEP_manual.cif,3600,58.26943464340353,58.26879999999999,58.26879999999999,1.0000108916504808,1.0000108916504808,1.0
structure_10143,UDEMEW_manual.cif,2600,51.5521,51.552099999999996,51.5521,1.0000000000000002,1.0,0.9999999999999999
structure_10143,CIGXIA_manual.cif,2720,51.8593,51.85929999999999,51.8593,1.0000000000000002,1.0,0.9999999999999999
structure_10143,OCUNAC_manual.cif,3536,62.8399,62.83989999999999,62.83989999999999,1.0000000000000002,1.0000000000000002,1.0
structure_10143,YEYVOO_manual.cif,3360,26.587278570607708,45.83221021735604,45.8321,0.5801002928839654,0.5801016879132248,1.0000024048070248
structure_10143,YEVQUM_manual.cif,3360,26.74776947406898,45.564777084395814,45.5646,0.5870273308816223,0.587029612332139,1.0000038864468428
structure_10143,MIVWEU_manual.cif,3360,26.91918353192001,45.673751457719554,45.6736,0.589379735028756,0.5893816894643735,1.0000033160889343
