y_true,y_pred
0.12703070569999997,0.11245679
0.4833673760000002,0.47138566
0.023286542299999997,0.013393553
0.009633982700000003,0.008005228
0.0301455063,0.032203704
0.17919878620000002,0.16723514
0.047109811599999996,0.035461754
0.04494660779999999,0.056463093
0.09508331179999999,0.08676119
0.1384801852,0.14267755
0.11572909100000002,0.09995936
0.10641240409999998,0.11716022
0.1287465964,0.116611555
0.06641974769999999,0.04910453
0.03369588540000001,0.03126565
0.0129344004,0.017550409
0.0247029116,0.025708916
0.0956432937,0.07824062
0.21760812860000003,0.241626
0.1167445466,0.09102015
0.1015210671,0.09975411
0.034633703800000006,0.03700481
0.17181464300000002,0.17790872
0.08459997419999998,0.09748258
0.09398350740000001,0.07520789
0.10586521279999998,0.09916734
0.055865485099999994,0.053308915
0.07579882109999998,0.07771496
0.03665000919999999,0.04316827
0.016888639300000004,0.022834966
0.0354299609,0.024708565
0.19577737929999997,0.18232466
0.0445530106,0.04495303
0.0767692215,0.069891885
0.0270197653,0.03389805
0.11587603060000001,0.110518396
0.03960107000000001,0.031674273
0.1784998939,0.19440319
0.1359308661,0.12911184
0.027667885799999997,0.0235319
0.025504575399999996,0.030724406
0.06494384389999999,0.06289694
0.06652172410000001,0.059868935
0.1290097053,0.11942863
0.1436475525,0.12733595
0.20049167790000003,0.009457066
0.026972926100000003,0.025183026
0.0330808637,0.035069928
0.031015268600000003,0.026691135
0.062037019599999986,0.062162068
0.024858072800000002,0.02936956
0.009546276999999999,0.012683056
0.3271047684,0.32173088
0.3216393202,0.3177523
0.04351571630000001,0.04619072
0.005272402400000001,0.010159078
0.045918859100000015,0.041037362
0.2042782262,0.20487076
0.015358038500000002,0.016378623
0.03842153749999999,0.03700493
0.2706099858,0.2733058
0.058637543699999996,0.05778796
0.06074410379999999,0.060212437
0.08423148610000002,0.07839355
0.020866266100000003,0.021672487
0.017028782099999997,0.014084266
0.011900287199999998,0.013269774
0.1426357591,0.12705661
0.1170361768,0.08730164
0.1281585147,0.11194292
0.06549507330000001,0.073064245
0.042280286899999985,0.044829216
0.0566244655,0.063480094
0.20253866689999997,0.1744761
0.15140116320000002,0.1699182
0.07335531119999998,0.0551797
0.06978274529999999,0.07527753
0.1311437491,0.10256312
0.11647577329999999,0.10265956
0.07838122300000001,0.057008766
0.07938649109999998,0.08038806
0.034814613,0.017973408
0.0592871446,0.054146748
0.0257510291,0.024443604
0.018352087200000006,0.021657128
0.5828754778,0.5745109
0.037776656299999996,0.03582378
0.20249533740000003,0.19724017
0.019236856499999996,0.02263112
0.049080920599999994,0.040988155
0.07648151030000001,0.069908656
0.2404531913,0.22804928
0.0635524328,0.06166904
0.018876310800000004,0.012556242
0.14971612120000002,0.14169435
0.019635945899999997,0.019062515
0.019679157599999997,0.018595746
0.018892294600000005,0.024476087
0.05091061070000001,0.0467688
0.2533496287,0.25601023
0.05891220009999999,0.05951517
0.1181296486,0.122327186
0.027524469999999992,0.028470106
0.04346755110000001,0.03569166
0.027121840400000007,0.038745314
0.018722513000000003,0.014291461
0.018390923100000005,0.019243466
0.024348985500000003,0.02835049
0.10426336959999999,0.09981004
0.2681833884,0.24720451
0.07651183709999998,0.071049646
0.08906715839999998,0.083692394
0.2448813387,0.23028968
0.16701483790000002,0.13535006
0.35450072209999994,0.3823144
0.1253735479,0.1200172
0.5184646021,0.5322584
0.05044285209999999,0.055247065
0.03354450500000001,0.025350176
0.3227729555,0.32966504
0.0216561353,0.02464867
0.06233314990000001,0.074225724
0.0159273572,0.018326132
0.1415361814,0.11576001
0.1077711868,0.09887178
0.030789446899999996,0.022277767
0.030007327800000008,0.02193803
0.5724746079,0.55639815
0.15084108530000004,0.16231397
0.07276080720000001,0.07200599
0.060663016699999996,0.064725235
0.1114715485,0.10977661
0.09699659310000003,0.09512
0.04336168,0.041012228
0.009247714700000003,0.00500348
0.08604423040000003,0.09090829
0.19826265520000003,0.1855599
0.035330133099999994,0.025852982
0.03129793869999999,0.02545026
0.05698755759999999,0.05662794
0.1265220334,0.069081046
0.20486194859999998,0.1899827
0.19880357749999997,0.18606918
0.1011918841,0.09818773
0.07554269360000002,0.07911328
0.23005299660000003,0.24070552
0.0828356896,0.08673198
0.46509924,0.4524094
0.015585869400000002,0.007822908
0.03695953949999999,0.02924804
0.0586386838,0.054668203
0.1255501641,0.12373971
0.1450485127,0.15944944
0.22005835830000003,0.23786072
0.029587368799999996,0.030615747
0.004323903500000002,0.00671741
0.050297566200000005,0.042886917
0.0731755404,0.08157706
0.0529160167,0.044870064
0.12134033900000002,0.1224331
0.1206150476,0.12509333
0.0689898833,0.03941306
0.0991790791,0.094102465
0.021104436000000004,0.025642378
0.041984423,0.020639103
0.0172799096,0.017720366
0.015052696299999998,0.012311807
0.09238731180000001,0.08194098
0.010021866499999999,0.00580985
0.030534613599999993,0.026837714
0.048726696,0.0402621
0.07686857380000002,0.06779866
0.013583742399999998,0.019255698
0.15269882519999997,0.15502518
0.031123228,0.031751633
0.16037144119999996,0.15735683
0.0706943536,0.067609675
0.07263072789999998,0.074433975
0.0887155035,0.07262352
0.06533045059999999,0.058059044
0.028939796800000007,0.036108945
0.08715669019999998,0.084454514
0.0381189634,0.043625828
0.032195418200000006,0.037857946
0.11540064930000002,0.06689467
0.1263279866,0.13571973
0.06734364860000001,0.0641188
0.4308157077,0.42490003
0.13591870890000002,0.10968771
0.010077305099999998,0.009404475
0.0649064105,0.06314388
0.1652638325,0.16817024
0.06277175449999998,0.054296188
0.028761443600000002,0.012966468
0.0847048958,0.073629014
0.037769032999999994,0.033039816
0.0351958018,0.033567775
0.045483322699999995,0.044680815
0.0215786254,0.01786098
0.12222019310000001,0.10902701
0.2888101512,0.2862643
0.06732644729999998,0.06369125
0.06823739739999998,0.06442091
0.022678318799999996,0.017642446
0.010747165900000001,0.012754132
0.042961322999999996,0.029983666
0.03284950340000001,0.028204247
0.029425627400000008,0.024668252
0.04195699860000001,0.04226706
0.1590442614,0.16551885
0.02298851920000001,0.021306165
0.0200638213,0.024734976
0.13667473379999998,0.12673448
0.0658996363,0.064666174
0.045917299800000005,0.03233223
0.040649913999999995,0.03165033
0.0382831987,0.028554514
0.027776669300000004,0.031410836
0.05857856169999999,0.06345813
0.028038247299999996,0.031509988
0.04593420549999999,0.042106543
0.0705715056,0.07021042
0.24790897259999997,0.23847565
0.2210051921,0.213454
0.05209120079999999,0.033519793
0.037235125,0.04281137
0.22236259990000004,0.22687443
0.16229242799999996,0.15716161
0.09893313359999999,0.10523723
0.04952987400000001,0.045389522
0.025766060100000005,0.031846732
0.11806667599999998,0.08862223
0.027751966900000008,0.027200349
0.08529367750000001,0.081221715
0.04788613880000001,0.04771662
0.05276098990000001,0.05184136
0.028575109499999994,0.032565877
0.1449602647,0.128016
0.1331099548,0.11114922
0.013384949600000001,0.01661658
0.0169895266,0.023105787
0.0330047134,0.028848076
0.12739699220000003,0.10447952
0.1326298443,0.08999001
0.1260278488,0.13381995
0.028723050400000002,0.027162276
0.022704604800000007,0.0152791925
0.0066457122999999995,0.0076632206
0.0599482596,0.05166728
0.1123822511,0.08172063
0.0664327903,0.063981034
0.010760112200000001,0.006627062
0.0116192435,0.007719624
0.0841902526,0.08570027
0.10161883630000001,0.09676799
0.12417681750000001,0.11468503
0.1122908008,0.114766255
0.0787499254,0.05646856
0.0414476564,0.05180331
0.10415889389999998,0.10125467
0.03492527269999999,0.032966502
0.0172238238,0.020068709
0.024396156199999998,0.01890945
0.14827873789999998,0.14286788
0.1026791324,0.10828062
0.09617002479999999,0.09174504
0.1638779875,0.145464
0.16127996940000003,0.12877099
0.07440860710000001,0.07917082
0.1302434719,0.12263986
0.08605114850000001,0.0782068
0.3999221834,0.41117832
0.184800561,0.17332324
0.06248688589999998,0.050942667
0.04952211839999999,0.048513345
0.0804144775,0.08758881
0.0251677507,0.021753347
0.0228802896,0.029496262
0.04752443419999999,0.05943389
0.029900128100000006,0.03642826
0.0676653205,0.07249902
0.06666755579999999,0.063653134
0.04571662130000001,0.053491905
0.5687290030000001,0.5842923
0.0684701695,0.067928925
0.028772176399999995,0.03034465
0.7053999595000001,0.73773533
0.06253372449999998,0.06355592
0.05321559349999999,0.041441407
0.048400805,0.05309011
0.05217258030000001,0.049428273
0.1297624897,0.1271604
0.1012908228,0.09861037
0.09600909860000001,0.10088531
0.02933382740000001,0.026891308
0.2284305456,0.24245638
0.11216313409999999,0.10412497
0.1710616549,0.17223385
0.04778199499999999,0.049672507
0.2541255943,0.24714603
0.024678514499999995,0.025843587
0.05377323979999999,0.049343225
0.0431654692,0.03814858
0.0980624892,0.1004261
0.09645683639999998,0.09498584
0.09819356290000003,0.09810117
0.027681447299999995,0.023942452
0.027050342800000002,0.0230728
0.05872774269999999,0.06516286
0.1553978446,0.14365928
0.16683803429999997,0.14873996
0.35818069219999993,0.35894793
0.11198756480000001,0.09071172
0.052667157900000004,0.0565256
0.011910583499999997,0.010206283
0.012889300799999996,0.015656188
0.064200514,0.07140189
0.14042882170000004,0.13445298
0.046415746099999995,0.05562054
0.03845955489999999,0.03739888
0.04793652699999999,0.049647644
0.026179627299999994,0.026288299
0.191258384,0.18512167
0.10097610980000002,0.10170836
0.036513730700000004,0.038618885
0.1732862489,0.17646758
0.1641314695,0.16394915
0.0253690892,0.030686926
0.0287361944,0.035988208
0.023705022300000007,0.024377866
0.026984206099999998,0.01656816
1.0477994881000001,1.1944525
0.09557645269999998,0.1034941
0.0985792565,0.094801135
0.06594519329999998,0.06487273
0.05906331730000001,0.057990413
0.16303854439999999,0.15729958
0.1597368315,0.16003828
0.022605299599999996,0.025927188
0.035120309300000006,0.037528243
0.08235221259999999,0.08004505
0.1495525352,0.16277666
0.39194836530000005,0.3800295
0.0322984119,0.030666212
0.05273134410000001,0.051367972
0.0953038039,0.09411941
0.04426397000000001,0.03789215
0.027014246600000003,0.027254106
0.0705046858,0.06495226
0.062042154,0.060430005
0.043108944199999985,0.036890864
0.020809328100000003,0.025747137
0.027655786699999997,0.026862388
0.03755586670000001,0.035735276
0.025626611,0.023737788
0.0267052303,0.023966951
0.09704188819999997,0.093622655
0.005628151600000001,0.007962153
0.028707898600000007,0.041176815
0.0218709788,0.026714275
0.007137775099999997,0.009650579
0.0429663882,0.038520746
0.22890521050000004,0.214686
0.027296911799999997,0.029345963
0.0066381881,0.004420689
0.08674595290000002,0.08129259
0.06560712419999999,0.06494408
0.10350876149999999,0.11495159
0.09887689630000002,0.111023106
0.07271073740000002,0.078673266
0.08033564490000002,0.09069741
0.1562475625,0.15002197
0.1540783608,0.15004516
0.033800117899999996,0.040651772
0.09737159560000001,0.09982037
0.0971571702,0.09668332
0.1009429279,0.10300795
0.1965089387,0.19594152
0.16453205430000004,0.18133932
0.18459166340000002,0.20238036
0.17918507099999995,0.19556776
0.04344975200000001,0.04820085
0.2932873621,0.29347497
0.0925969033,0.100103825
0.3164348952,0.3172221
0.0625184512,0.06514078
0.03127228180000001,0.037620932
0.05435366249999998,0.05842097
0.03853194150000001,0.044797283
0.036524844699999996,0.042989206
0.03754223870000001,0.04495678
0.06744638149999999,0.07072426
0.06683223349999999,0.07016434
0.008465582300000003,0.008592376
0.06678403469999998,0.05970155
0.010558649400000002,0.009613521
0.14365769699999995,0.15163887
0.0339246927,0.031536087
0.028502327599999995,0.02633061
0.05113751550000001,0.055797417
0.1488925843,0.14351292
0.1364344658,0.14902507
0.4276812032,0.40367424
0.0715599124,0.07046394
0.0322831192,0.03324075
0.08708227840000003,0.085196
0.08706874259999998,0.0871551
0.08061941599999999,0.08569952
0.1718507399,0.17276558
0.08689641419999998,0.08267245
0.0915582334,0.08311525
0.051177613799999994,0.053792115
0.07030060979999998,0.06657694
0.0268816442,0.0275148
0.15527375319999998,0.15354075
0.06303154739999998,0.060353138
0.1693513346,0.16315156
2.8094404807000006,5.873987
0.03399023240000001,0.036750168
0.0436948353,0.03855341
0.03825702500000001,0.032704692
0.2715752394,0.27326533
0.0092794228,0.009546398
0.026023808899999997,0.018406466
0.023714696099999998,0.018553387
0.0644635932,0.05634485
0.09182690399999999,0.09410097
0.0481660687,0.050558355
0.1287197332,0.13036586
0.1131392167,0.10837849
0.11368607259999998,0.11107192
0.0248679434,0.027302656
0.0536026213,0.047573887
0.03323473140000001,0.033489097
0.029850513299999996,0.025642801
0.012070020200000003,0.011401501
0.0301887213,0.039658125
0.032520352200000005,0.026138308
0.059002009499999994,0.07017846
0.09432425759999999,0.07914799
0.05610115459999999,0.06419877
0.0564504101,0.059792995
0.05891407180000001,0.062344138
0.025543072700000002,0.024217838
0.0404912949,0.03018505
0.0686675249,0.057646167
0.013509869099999997,0.016036747
0.08036643319999999,0.06682042
0.097567745,0.094595194
0.14353551609999998,0.16003068
0.18845092659999998,0.18925183
0.0031267753000000006,0.00591665
0.012118038399999998,0.00980953
0.1031839665,0.092457704
0.03925888979999999,0.03662987
0.049802834600000005,0.04435
0.08447296440000002,0.07795775
0.0661488797,0.0701569
0.08721620940000001,0.094086476
0.04267772549999999,0.03580251
0.15838583340000004,0.15337905
0.15843749730000004,0.15381268
0.10598071700000002,0.10454168
0.1058290647,0.105626084
0.1060292458,0.105107
0.10627391149999998,0.10551575
0.1039687961,0.10449194
0.10226220179999998,0.1037534
0.1028667891,0.103908315
0.1076362007,0.10706111
0.1060415496,0.10621201
0.1058798217,0.10634792
0.022468522600000002,0.022959983
0.0656319974,0.060606252
0.008965454699999997,0.008354607
0.03869021560000001,0.039395314
0.17605712689999997,0.16329049
0.0213144359,0.018167676
0.09444731239999998,0.09467915
0.109216389,0.10607595
0.116344955,0.1094974
0.1126614805,0.108049184
0.094572131,0.09395594
0.1172796971,0.11011752
0.1086307669,0.106150724
0.08223518530000001,0.07715656
0.036124289899999995,0.03367807
0.028628135499999995,0.028998308
0.197500403,0.18176977
0.012118975899999999,0.014071386
0.06142825260000001,0.05993408
0.06197748439999999,0.060326736
0.12346550240000001,0.124558814
0.0905045737,0.09110724
0.03649789400000001,0.042207945
0.20854137809999998,0.21324094
0.017281529499999997,0.01787545
0.0747161407,0.08304784
0.03898705749999999,0.025996706
0.0316121221,0.03181574
0.053801538,0.06293302
0.024936592199999996,0.023745608
0.016124992800000005,0.015926486
0.11510040600000002,0.11467753
0.020729538200000005,0.0233027
0.045189091399999985,0.04594486
0.044685661599999996,0.043677196
0.04452769270000001,0.057318155
0.020118846499999996,0.02638864
0.0436612741,0.041529886
0.0925128297,0.08399212
0.06913926380000002,0.082016654
0.1295734496,0.12398282
0.1185553307,0.112113
0.07325793199999998,0.07493035
0.0594348021,0.051665675
0.06391499170000002,0.07151844
0.109775647,0.10674184
0.0589560668,0.053994942
0.055237183399999994,0.055636466
0.06828432539999998,0.06929564
0.0983264768,0.091986686
0.03479645919999999,0.03534199
0.058076761300000015,0.055802364
0.058932579599999986,0.058069307
0.2230969905,0.20569697
0.05219087039999999,0.04418214
0.048899231300000005,0.04437518
0.019021168499999998,0.017693246
0.0752541063,0.05683697
0.0426071861,0.048337836
0.053912837799999995,0.05284726
0.0526188487,0.06543336
0.16703942149999998,0.16131367
0.04070956149999999,0.026897207
0.11251560989999998,0.120950505
0.0343344447,0.033086855
0.0371712526,0.032811064
0.10382335169999998,0.106839344
0.039648745799999996,0.0313663
0.016440067600000004,0.023521543
0.09184460120000001,0.089202955
0.0744242513,0.07607055
0.08022577599999998,0.077269055
0.21183528249999997,0.22819944
0.055136460400000004,0.042248517
0.0685584785,0.0745434
0.011749383699999998,0.013510176
0.039749566900000005,0.03782604
0.0313098078,0.035517
0.0492513862,0.048899077
0.0240574088,0.030821225
0.1566944885,0.1520436
0.03935410129999999,0.04376717
0.026702528000000007,0.025881702
0.027246370700000005,0.02578627
0.05800727279999999,0.07389532
0.04556205169999999,0.023764092
0.1214647016,0.116787754
0.10315465010000001,0.108012445
0.018937105199999995,0.022428108
0.06117035879999999,0.06709239
0.013298132399999999,0.011148163
0.05746234900000001,0.05623864
0.008321946,0.009428374
0.03236875270000002,0.020835562
0.06444264990000001,0.06015353
0.21943448940000002,0.19898202
0.0503693526,0.057940755
0.08761430529999997,0.08770125
0.018927031699999996,0.010888211
0.054858060300000004,0.050284915
0.035368954300000005,0.028550282
0.08353441709999998,0.089389384
0.0379832447,0.03883506
0.32891015149999997,0.3374517
0.0401055093,0.051728312
0.07400208929999999,0.078946285
0.07984587290000002,0.07751746
0.18072188590000002,0.18230653
0.031007399100000006,0.03033344
0.030569550600000005,0.02882331
0.0368473964,0.03173505
0.0096183738,0.017615624
0.028358800899999998,0.024871392
0.0326011551,0.03247914
0.0254459879,0.025442213
0.0855984593,0.07484257
0.08830951220000001,0.077540934
0.12844818169999997,0.1256734
0.014811631800000004,0.01243449
0.028014280599999993,0.028114887
0.04982361319999999,0.03961268
0.040252765499999996,0.030805957
0.069790523,0.06505895
0.08976323030000001,0.08532947
0.016255776599999997,0.019744126
0.12790611589999998,0.12822454
0.020449877199999994,0.025774905
0.06534508829999998,0.060445648
0.11099775780000001,0.13187417
0.1719626523,0.17474951
0.10594888639999998,0.094205506
0.045348922099999994,0.044145033
0.0755317768,0.07285745
0.03828058599999999,0.033363532
0.0225350946,0.014865726
0.03165373639999999,0.02509672
0.07032849910000001,0.07643302
0.03131031039999999,0.028056135
0.0137552123,0.012916902
0.007936613500000004,0.00972659
0.057345175599999985,0.05508391
0.14489234139999999,0.14540401
0.3260165988,0.3268439
0.08198197749999998,0.083535224
0.045419847900000004,0.022572864
0.0328203216,0.034226112
0.0984945148,0.0900859
0.11170689929999998,0.109379865
0.0388943484,0.034817792
0.03877347289999999,0.034800544
0.0230650479,0.030638792
0.031080452099999996,0.033168893
0.016444452399999997,0.017142061
0.03241118109999999,0.021799067
0.09363080540000002,0.089480706
0.005433346900000001,0.008683041
0.004887047,0.007891388
0.0471379492,0.04886615
0.0509581215,0.051697522
0.0411496503,0.044565007
0.0338174305,0.039253242
0.029573327199999992,0.034185607
0.10307320210000001,0.089545794
0.08619298669999999,0.071701325
0.027511727199999995,0.026637523
0.029093673899999995,0.03415247
0.033691209,0.046274398
0.061467193799999986,0.057469912
0.04047733320000001,0.034976725
0.08113657209999998,0.08912158
0.12008326010000002,0.122292906
0.0297531512,0.02330785
0.1358601574,0.12125288
0.1337851576,0.13953696
0.0472861568,0.04037472
0.0274839762,0.028211774
0.0672665549,0.0596679
0.0523642005,0.048974004
0.06322368860000001,0.061925348
0.06825240150000002,0.06929579
0.06327710240000001,0.06376593
0.06296052790000001,0.061913177
0.07125312739999999,0.06725336
0.0713556124,0.07081829
0.06810041100000001,0.06659537
0.17316653390000003,0.17581068
0.06647486410000002,0.062382586
0.1114973626,0.10703339
0.067247849,0.078726836
0.047810476600000006,0.050470777
0.12708707890000004,0.11507879
0.0364022349,0.040482037
0.006116610900000001,0.007034837
0.11876782949999999,0.121143185
0.0847426382,0.094148815
0.028302307899999997,0.030948846
0.1063993583,0.10830758
0.10373908370000001,0.10091524
0.1384545305,0.123371094
0.1404916033,0.12930004
0.13824541450000005,0.12664771
0.0184893667,0.02564085
0.045827543899999997,0.052669972
0.1356214661,0.123926386
0.09329340980000002,0.09014245
0.052908448600000005,0.07523729
0.013144944700000001,0.018146893
0.3040347408,0.3025226
0.062163975399999995,0.063534975
0.020017318899999997,0.0112345535
0.062465073399999994,0.060667988
0.0393523574,0.03327663
0.034912504,0.03194038
0.12912722950000002,0.12695394
0.14814029389999997,0.14158177
0.1155825266,0.116963975
0.0365265726,0.04297241
0.014570196700000001,0.03045279
0.06544162760000001,0.07093929
0.029137569199999998,0.028549483
0.03241606710000001,0.03530868
0.13851521909999998,0.1328517
0.04504928440000001,0.05561973
0.030993922999999993,0.02991664
0.038257864700000005,0.032661863
0.14177921979999997,0.1288252
0.17240046240000004,0.14378808
0.04163343969999999,0.040998362
0.0867242851,0.09839285
0.07231549770000001,0.085013926
0.029691554900000004,0.016325463
0.0307319891,0.02769574
0.07108451159999998,0.06691936
0.0631980528,0.06430226
0.0783215606,0.08270649
0.06119438259999999,0.06589308
0.08193848660000001,0.076058246
0.028698733699999996,0.031207373
0.026166140099999995,0.029508546
0.02912376230000001,0.030338494
0.025865878099999996,0.025298646
0.051474660600000006,0.03451283
0.03330758679999999,0.027452208
0.08223047160000001,0.0806997
0.07166134110000001,0.07211119
0.11872664829999999,0.12855892
0.08118527179999999,0.09129111
0.026381583499999996,0.026561948
0.061111067100000006,0.052924357
0.0232409602,0.026801178
0.1129549149,0.11817202
0.0892655596,0.09265628
0.03972346699999999,0.03660611
0.017081654400000004,0.016390981
0.07591043009999998,0.063073635
0.013368923899999998,0.008770699
0.05110524930000001,0.051869527
0.0224497184,0.020548811
0.0430712601,0.051689494
0.08461609530000001,0.10571453
0.027246095400000003,0.03289128
0.0932163262,0.11597126
0.09348500909999999,0.11858314
0.08435513859999999,0.09424844
0.1781395001,0.1812109
0.11014511769999999,0.09366047
0.12658852879999996,0.11659357
0.1309727309,0.13093986
0.012275510000000002,0.013436539
0.1086205896,0.11569145
0.062037449700000004,0.058237266
0.09019665709999998,0.085310176
0.03591678529999999,0.032705802
0.09025430750000002,0.082421094
0.1762491522,0.1783726
0.0808873798,0.07768936
0.033212245,0.02842587
0.24996112500000003,0.24467954
0.037561214399999994,0.044649553
0.035750654899999984,0.04263902
0.03645650990000001,0.04341713
0.047803852699999996,0.042602815
0.011960307799999998,0.01246095
0.13924955020000004,0.13333757
0.06207108019999999,0.053027105
0.07925873909999999,0.09437925
0.06644949440000002,0.058312926
0.006147757400000002,0.008767834
0.024447777499999997,0.02134361
0.06697185709999999,0.07162665
0.028323988300000002,0.024391854
0.1092668034,0.110905185
0.0318114877,0.033270136
0.1275884141,0.13308854
0.09142426549999999,0.100906245
0.08871509280000002,0.09437472
0.082332906,0.061933473
0.009127679300000002,0.0100733675
0.0572981764,0.07758281
0.049534468199999994,0.04328836
0.04824813840000001,0.05870131
0.04535604919999999,0.04589143
0.0463163067,0.047033757
0.04975712580000001,0.04780434
0.047947768400000014,0.046050802
0.0519788145,0.050010618
0.07665087580000002,0.06130437
0.1848963323,0.18927255
0.0140671248,0.016376609
0.020200496800000002,0.02036733
0.0930919311,0.086058654
0.0945898284,0.08570853
0.15091394939999997,0.16651733
0.12459358480000002,0.13234448
0.12141227959999999,0.12921706
0.04480909720000001,0.04871392
0.09139726650000002,0.0968185
0.04892708020000001,0.048034377
0.0332287728,0.031009084
0.0639797443,0.06569471
0.010456030199999999,0.010836061
0.010016871599999998,0.010193628
0.1027139757,0.10407865
0.08889432519999999,0.08991912
0.27115879020000005,0.290957
0.04056825940000001,0.033609457
0.0796722549,0.08533664
0.2134104426,0.21945702
0.1430066191,0.1591331
0.12351751859999999,0.13083732
0.089308419,0.08370794
0.08862523109999998,0.08693188
0.15992929060000002,0.15546143
0.1359644009,0.13244711
0.12672416470000003,0.12069348
0.04957847079999999,0.05511122
0.028473634599999995,0.027096588
0.044436566000000004,0.042566765
0.05236557929999999,0.04984463
0.053960019899999996,0.05023751
0.052833401499999995,0.0496332
0.1222018342,0.11925931
0.027523973300000004,0.029498909
0.0374060126,0.04707666
0.04204968029999999,0.037905112
0.1151528773,0.11602059
0.06757801619999998,0.062888116
0.06760393520000002,0.09101406
0.0576883802,0.045319308
0.06610189700000002,0.06208518
0.015863316699999998,0.008723222
0.0322408583,0.028499028
0.0360983127,0.032236394
0.1693240975,0.16478656
0.2596008806,0.2589497
0.1293040622,0.11985215
0.22478710319999998,0.23188019
0.04944775309999999,0.043390404
0.10863763209999999,0.10496089
0.0163511351,0.016093915
0.05773831699999998,0.051521298
0.19802267190000003,0.19780135
0.026770107200000004,0.015986864
0.0488184384,0.05271549
0.0424602801,0.04649211
0.022837045099999998,0.022864126
0.023063746100000004,0.020884318
0.5117280324,0.535034
0.09718568880000002,0.10194611
0.1276807506,0.12334463
0.2057094173,0.19895883
0.07626752880000001,0.08585676
0.10308120160000002,0.08141848
0.0195821891,0.01983715
0.053902536999999986,0.046108782
0.07936403059999998,0.07435358
0.08053977220000001,0.07126692
0.033505813499999995,0.033070665
0.0659810598,0.071442
0.0645831698,0.069512255
0.09593019410000002,0.10774845
0.056723098199999995,0.07039825
0.16318966040000002,0.16599296
0.17423109370000003,0.16625683
0.101219069,0.099964485
0.0436220344,0.038126845
0.0720892207,0.0678381
0.08643139240000001,0.08520564
0.0866295433,0.09109041
0.0707535253,0.06674513
0.08123958179999999,0.084330514
0.028134822399999995,0.03065495
0.026421559,0.03059551
0.0368874161,0.03333627
0.05915041019999999,0.06278758
0.06092611500000002,0.057210874
0.022178665899999995,0.024332587
0.10463555630000002,0.11172747
0.0682371635,0.07298253
0.03617312,0.037816726
0.0962408264,0.09057132
0.06854360509999999,0.07809926
0.1434180248,0.1324422
0.07640846029999998,0.06588431
0.09164726070000001,0.10490701
0.21236323679999997,0.20622411
0.2182448657,0.21080251
0.010743545800000002,0.008365934
0.11840556159999999,0.11612221
0.23799972139999998,0.24665922
0.1672440869,0.17549422
0.013608769600000004,0.019526295
0.38804129879999993,0.38776824
0.3776034302,0.3737661
0.013638784400000001,0.016080562
0.039027877100000004,0.034983914
0.1750819403,0.17950797
0.08163881560000001,0.07758669
0.010939411500000001,0.013414856
0.1076117511,0.10695732
0.06211142280000001,0.04341589
0.05997240120000001,0.06159797
0.0365572536,0.031666815
0.0420059192,0.04158963
0.03788689420000001,0.03492282
0.0330239344,0.031716842
0.0683694057,0.06519547
0.1539117449,0.15274127
0.05359362769999999,0.054459047
0.16062989450000004,0.15756723
0.05125390949999999,0.052627575
0.0347724637,0.038572356
0.060248998599999985,0.06437677
0.1255818762,0.11932196
0.0518516699,0.050467897
0.0819944534,0.08549166
0.043456951400000006,0.037100136
0.055150381799999995,0.049302366
0.04319688599999999,0.036792036
0.031503071099999995,0.031732883
0.039481285600000006,0.04339149
0.0293717842,0.033093873
0.0265706142,0.031638987
0.03223934450000001,0.026940439
0.049259447500000005,0.048709493
0.131534175,0.10932786
0.0224893981,0.022297882
0.0401458674,0.053387653
0.030043546799999994,0.027341602
0.03434751330000001,0.0175893
0.1047250907,0.1039095
0.03860882649999999,0.050037876
0.03449675480000001,0.029705988
0.07695647769999997,0.07939088
0.031021893799999995,0.024222312
0.059241558399999984,0.057283975
0.08306991599999998,0.0802769
0.043949074100000006,0.035273332
0.0167835897,0.018771997
0.0291212267,0.03627685
0.016434216999999997,0.014481346
0.0817287918,0.09812689
0.0173560451,0.016159974
0.021352934300000005,0.022706373
0.06047671730000002,0.06061374
0.044874775,0.036368094
0.020896054400000003,0.021522196
0.05732000109999999,0.067351416
0.07762604050000001,0.08518064
0.025242127900000005,0.028178602
0.06345598919999998,0.057672456
0.04661332010000001,0.042677253
0.0372320437,0.042184133
0.1111328003,0.106224
0.10520350560000001,0.10115621
0.1114826431,0.108572654
0.0644583986,0.06696204
0.07946572939999999,0.07271979
0.11834041780000001,0.124002434
0.004534642200000002,0.0067839874
0.05190891749999999,0.050180838
0.13207464769999996,0.120450936
0.050629848600000006,0.04830441
0.050766067499999984,0.04721556
0.014215220599999997,0.0145615395
0.179319585,0.15103285
0.08898267980000002,0.080873795
0.18253823930000002,0.17932005
0.0595237902,0.05211641
0.04787966789999999,0.057805095
0.0360097674,0.022431772
0.08273825849999998,0.09522776
0.08813636299999998,0.08822423
0.1085858835,0.09483646
0.3112814647,0.33745542
0.1968454999,0.20663983
0.07693684840000001,0.076957084
0.2956147111,0.30407804
0.06873012509999998,0.070795186
0.1751104948,0.18806612
0.38304936089999997,0.38946468
0.2071373597,0.2070079
0.0375142851,0.030029764
0.03745960210000002,0.032248747
0.3812539511999999,0.37532985
0.41146024100000006,0.40373364
0.14330429649999998,0.14581424
0.0232883223,0.025672805
0.13286234800000002,0.12866072
0.08125536789999999,0.08257721
0.030506487099999997,0.026750524
0.0656622075,0.07919693
0.005152742700000002,0.005480276
0.06672164169999999,0.0614654
0.205437949,0.20493203
0.05374664189999999,0.054492436
0.0493263441,0.046091665
0.0337812557,0.03601383
0.013489931499999996,0.01631278
0.07205741820000001,0.074028865
0.0479351321,0.051081933
0.013946380300000004,0.019239118
0.029073102599999994,0.036061857
0.0756748994,0.07424806
0.0433195199,0.045038868
0.010636864799999998,0.013499378
0.08196162220000001,0.079886116
0.2522286999,0.23371966
0.024179992700000007,0.031091092
0.02415849730000001,0.031095248
0.025739175,0.03172427
0.03516383509999999,0.040242445
0.05799051559999999,0.060656745
0.10832667319999999,0.11662838
0.10605807359999998,0.10343985
0.1573685547,0.15353324
0.09191082489999998,0.088632226
0.10162824820000001,0.09968798
0.09546183090000002,0.09310033
0.018578167800000003,0.020904208
0.046048013900000004,0.044176016
0.1037065665,0.09904878
0.09385406930000001,0.09077783
0.0286904809,0.028001534
0.09533033489999998,0.105695225
0.0894492457,0.09107996
0.031039062499999995,0.029707652
0.10091418119999998,0.097766705
0.0671078771,0.058528945
0.04890759039999999,0.06059366
0.13796665039999997,0.13775583
0.06647998839999998,0.07469604
0.018426356099999996,0.019678956
0.08002882669999997,0.06935929
0.11630560549999999,0.11759729
0.10832061259999999,0.11180996
0.10934723469999999,0.11197041
0.1103978246,0.11217205
0.11435051929999998,0.11542357
0.19872614640000003,0.19813964
0.014442722599999997,0.012841761
0.05771076820000001,0.033999644
0.0576719204,0.052421216
0.04421568310000001,0.048575334
0.2741830149000001,0.27348718
0.03170618370000001,0.03899605
0.013272520400000003,0.017668838
0.029859191699999992,0.03431915
0.0176005484,0.021270951
0.030879388199999996,0.038085144
0.037445175399999996,0.04293483
0.055632813800000014,0.058247928
0.11952548849999999,0.11354717
0.0344174914,0.036823407
0.09282173510000001,0.09654579
0.08209106630000002,0.08940499
0.07700583340000001,0.08344564
0.03976556849999999,0.038188882
0.08598930889999999,0.0805296
0.020970563100000002,0.032842007
0.1095192076,0.10419806
0.1052042588,0.10198751
0.10664138779999999,0.10070792
0.09319041750000003,0.10410262
0.015480615300000004,0.020279657
0.1050875787,0.10915113
0.15632021259999998,0.13999346
0.020769202,0.02025161
0.1047470093,0.09755941
0.0521476228,0.05576194
0.028427919500000006,0.027127078
0.06792377799999999,0.07319408
0.015294672500000004,0.020686354
0.08036902299999998,0.079574496
0.013535841499999996,0.020212224
0.07776182879999999,0.077242486
0.15606710519999997,0.15682766
0.02800641800000001,0.030211922
0.1186272523,0.12482984
0.1728251467,0.16368839
0.029968273499999993,0.032738302
0.0807500965,0.07291679
0.07243924080000001,0.07199207
0.1231309523,0.109486036
0.08295772189999999,0.08034482
0.023064536299999997,0.029951995
0.1056219292,0.10648765
0.0881710888,0.08887609
0.058904512099999994,0.045720372
0.1482249412,0.14286819
0.0564126121,0.061198786
0.0659326163,0.063516974
0.2575249339,0.26134214
0.0459276089,0.05864132
0.0327592042,0.02682576
0.0823854775,0.08325558
0.1049204633,0.10113028
0.015768498800000003,0.016198331
0.027778774900000004,0.032732893
0.0337775256,0.02631151
0.1105279295,0.10652875
0.34502249760000003,0.34826937
0.061695148700000015,0.05444791
0.09254727040000003,0.08645189
0.023511680299999994,0.020276729
0.027567031700000008,0.03639383
0.13207546630000003,0.13443063
0.0513261393,0.05114156
0.11577953130000002,0.13090684
0.1420930152,0.15506369
0.172004245,0.17302698
0.1656227057,0.16617005
0.025414314899999995,0.025469765
0.05419959730000001,0.05206159
0.1105404957,0.1157106
0.1119431864,0.11920553
0.025743267799999997,0.025540529
0.027012142799999996,0.023643197
0.05943559969999999,0.067815356
0.12045194799999999,0.12413037
0.1121240429,0.0946355
0.055940655299999996,0.056249894
0.26016233690000007,0.2625248
0.0660906976,0.06844907
0.023050093000000008,0.011468177
0.09682328120000001,0.09352472
0.0874496743,0.08584677
0.05390073099999999,0.07235369
0.005857357999999998,0.010177561
0.058771178699999996,0.06072603
0.0391894283,0.032085605
0.05168776390000001,0.04539018
0.012132313299999998,0.019762617
0.08067456729999997,0.076021366
0.07435660520000001,0.06981515
0.127381598,0.1262206
0.027746199299999993,0.023870971
0.027214620799999995,0.024241261
0.024106295800000004,0.03143434
0.04751849980000001,0.06559928
0.10059525520000001,0.10716656
0.1430040793,0.14604175
0.16132671210000002,0.15312108
0.041981671100000006,0.03398891
0.046228633,0.036765847
0.0464172982,0.034607787
0.0972285743,0.08490442
0.0411935882,0.036005102
0.06755338779999998,0.07185005
0.04072231820000001,0.040946145
0.011543119900000003,0.014486299
0.031167519399999996,0.019574603
0.05429329530000001,0.061172366
0.030167104400000005,0.027330227
0.07881197109999999,0.07837427
0.0805677743,0.07686328
0.025590761499999996,0.031143073
0.06126445580000001,0.05968338
0.07585403120000002,0.08504479
0.0167601767,0.01626911
0.07952144899999998,0.080616474
0.021929539300000002,0.025903665
0.0827644972,0.09560672
0.1252374999,0.11752364
0.08944339669999998,0.09648044
0.0134534063,0.018113973
0.0049318476,0.010936886
0.013876770999999998,0.018378356
0.012218041200000002,0.016204828
0.012699287799999999,0.017095579
0.012824974300000002,0.017669464
0.013120998799999997,0.017870873
0.2929853663,0.29600456
0.22377831529999997,0.20634802
0.2238939698,0.20706815
0.13036087049999998,0.1321481
0.0374857608,0.032132994
0.049965044699999996,0.052095972
0.0209654085,0.020080628
0.06491336729999998,0.06358862
0.2392960997,0.24020779
0.08515516980000001,0.08708666
0.021553658999999996,0.023751253
0.0995178718,0.094482414
0.0374548358,0.037164114
0.016052182999999998,0.016774895
0.014050628700000001,0.015117673
0.025345540299999997,0.013131029
0.013042218399999998,0.017649062
0.1315939766,0.14326954
0.13497049090000002,0.14470832
0.007832733200000002,0.011441395
0.022715676700000006,0.026501784
0.06896337930000002,0.062928125
0.06589096319999999,0.06525932
0.06709074670000001,0.06005395
0.0637617594,0.056678902
0.0687703223,0.06057234
0.1757060971,0.17102781
0.05831500859999999,0.063497856
0.0292526129,0.030221643
0.0433967967,0.04498075
0.0494128741,0.052727893
0.043168872600000005,0.040534876
0.060244741399999996,0.043797683
0.20350105429999998,0.19461296
0.09653521880000002,0.10217423
0.021555048000000004,0.023040282
0.021934728600000005,0.023821225
0.0220378207,0.02386533
0.0162047645,0.013465213
0.0118103433,0.0099021485
0.22589108479999997,0.22396398
0.1155813358,0.11680564
0.1160039032,0.113937624
0.0192006898,0.011612776
0.18650962900000004,0.18283339
0.034282335799999994,0.032830287
0.016431404099999998,0.014677182
0.013324823799999996,0.01092897
0.08325942110000001,0.082614735
0.029863424300000004,0.031891048
0.0396735635,0.034371
0.020128233100000007,0.02325929
0.08351161160000001,0.08357086
0.031503247299999995,0.025243014
0.11029236739999998,0.10782902
0.1326392625,0.13271038
0.0051371023,0.009327442
0.05528093340000002,0.06705478
0.0344569158,0.035557978
0.07367098979999999,0.07815083
0.08365065719999999,0.08271721
0.0525727277,0.051032968
0.09510961830000003,0.08935075
0.012071325300000001,0.009802096
0.010684964300000004,0.009285675
0.010600946800000002,0.009133272
0.09485193180000002,0.07823877
0.0406672809,0.044299193
0.038593412800000004,0.03775264
0.06411945939999998,0.059331737
0.09754728610000003,0.098450474
0.09107862519999999,0.09100466
0.017011830199999998,0.016455207
0.023237025400000003,0.0234943
0.23922619479999999,0.2536804
0.044929284400000005,0.061638206
0.03218176190000001,0.03158147
0.11943252019999999,0.12320375
0.1199184319,0.122538455
0.026540614500000004,0.025075518
0.013454155799999997,0.013326213
0.1365869205,0.13930686
0.07595857789999999,0.07202364
0.08528221530000002,0.09587743
0.028739035300000007,0.033410557
0.04429562000000001,0.05035501
0.023738147400000003,0.037734076
0.09448972910000002,0.09145147
0.06227994070000001,0.06272982
0.2703575674,0.26024848
0.0247091802,0.019342363
0.033767944200000004,0.034022693
0.1870158206,0.1814913
0.0727259961,0.07333598
0.054133125899999995,0.056349523
0.028626818800000006,0.025622278
0.0354730403,0.03800642
0.07315630229999999,0.0815733
0.051780657800000005,0.051081344
0.060980401899999995,0.06464347
0.0627089586,0.06633211
0.2622352458,0.26683947
0.16805775529999997,0.15593225
0.025583079600000003,0.02663821
0.0705240878,0.07796567
0.050300383500000004,0.0553508
0.03281757070000001,0.030053893
0.013597577599999997,0.010501941
0.20050312329999997,0.18279465
0.107067145,0.097000234
0.10475454030000002,0.094666936
0.0304918096,0.03346434
0.0300395736,0.032037403
0.03461905750000001,0.036817737
0.0218765743,0.021129765
0.012204131400000002,0.014397954
0.049707422099999996,0.049495194
0.028728882799999994,0.0311271
0.025349014199999995,0.028028894
0.22271170799999998,0.2209413
0.15436761079999997,0.15888567
0.028088125700000004,0.026745884
0.11295487640000001,0.10246176
0.0328453855,0.03052224
0.019340376,0.020311639
0.026461392699999996,0.03930863
0.1357517996,0.15850955
0.0956631134,0.09707137
0.061446547299999994,0.05894567
0.06692018950000002,0.062305287
0.031954937600000004,0.026060285
0.0527821638,0.04978396
0.08585994640000001,0.098304115
0.011743592,0.009772137
0.012397305099999999,0.009259276
0.07229526420000003,0.0828118
0.1176872296,0.104076974
0.09934888779999998,0.10342908
0.06943233450000001,0.07071196
0.08376127459999999,0.08184605
0.08609396259999998,0.0795368
0.11274583070000001,0.10873839
0.20107585009999998,0.1958453
0.034530012000000006,0.034187134
0.0704912956,0.07083859
0.05359497269999999,0.04902935
0.011589740700000004,0.01435024
0.0995275901,0.104045525
0.11582919960000002,0.12274217
0.17980672579999998,0.17338435
0.06754284419999998,0.06915014
0.0403345223,0.041649345
0.05559229349999999,0.053569824
0.1626604827,0.15771244
0.09067227649999998,0.09545712
0.10351372730000001,0.107329145
0.007242266599999998,0.012750047
0.017898594400000002,0.016279148
0.1868290228,0.19382282
0.07056859879999998,0.06531299
0.2300373016,0.22529355
0.0443640551,0.03863249
0.025780493100000003,0.025533177
0.021948550599999995,0.023064936
0.06121310769999999,0.060774125
0.18531818569999997,0.1929003
0.04805968389999999,0.045446046
0.026064026499999997,0.034114253
0.04107231150000001,0.042311348
0.28782837389999993,0.29638568
0.053023159599999994,0.04067222
0.07852781949999998,0.08495951
0.03757657739999999,0.03068477
0.03280650269999999,0.030043475
0.23215378250000002,0.2540706
0.023022235400000004,0.018767292
0.0197200795,0.03005806
0.024282821699999995,0.030783372
0.13326882,0.14302716
0.0560862876,0.0537217
0.024002365699999997,0.027322127
0.026942654500000003,0.020865202
0.008452941599999998,0.011463245
0.019545205500000006,0.02198972
0.006630761900000001,0.008237195
0.025035806599999995,0.029581372
0.0602741745,0.0647976
0.06412649810000001,0.061180763
0.06748049430000001,0.06615937
0.134455269,0.13319837
0.07122123889999998,0.05137956
0.11745045069999999,0.12362489
0.12253205209999998,0.12913169
0.017807768200000004,0.019041928
0.10952057879999999,0.112904765
0.111302708,0.10612526
0.11794492910000001,0.112090535
0.15116974299999997,0.1429119
0.03545257599999999,0.038073435
0.0318004534,0.028883582
0.026770218699999994,0.027087545
0.0254122195,0.015421206
0.1327207491,0.13327818
0.0491651157,0.05305631
0.0203737002,0.018587897
0.017820511000000004,0.02235425
0.0322343221,0.028301638
0.0363319054,0.035096064
0.1573416677,0.1559712
0.09035605529999997,0.07920084
0.009507694299999998,0.005748785
0.1037321169,0.10236465
0.1311517431,0.13476165
0.0994967925,0.10997031
0.0994769763,0.09974636
0.1001130928,0.10073381
0.1854173789,0.19236317
0.1037324402,0.10299808
0.0659977898,0.06975726
0.08872372720000002,0.08177632
0.0743054263,0.06449
0.12060368860000001,0.11681324
0.0276703097,0.03637145
0.019227025800000002,0.022945883
0.10432068129999998,0.098533586
0.1406091346,0.14081243
0.0080467337,0.00861083
0.032656021899999985,0.030355254
0.031910854499999995,0.017792169
0.15368105550000002,0.1630659
0.18336119979999999,0.19355956
0.05770442550000001,0.03735906
0.0544156441,0.046092145
0.1169059131,0.1052603
0.112003513,0.10127124
0.032506057100000006,0.03588287
0.0259467054,0.03171012
0.020016223600000008,0.018895105
0.04015056670000001,0.03436557
0.052317782199999996,0.05749194
0.18420450429999996,0.18417041
0.024658390500000002,0.025342466
0.06563759450000001,0.062213432
0.03203120160000002,0.038763918
0.1295665265,0.13499732
0.0995104449,0.09714358
0.09874042999999999,0.09793917
0.0699802104,0.051868558
0.0419369612,0.04682037
0.24826840360000002,0.25031957
0.032086641299999996,0.038656916
0.025466036899999996,0.025600886
0.030429331999999996,0.029652286
0.16720823249999997,0.15752885
0.10907114789999998,0.113679744
0.09171638719999999,0.087854974
0.07117669200000001,0.07516537
0.03967337029999999,0.039249633
0.05211845190000001,0.052564036
0.05557745010000001,0.06103919
0.3227356796,0.32464975
0.3808352241,0.38807294
0.010638992800000004,0.01154653
0.09965023949999999,0.088657536
0.0254271095,0.023678178
0.038564105,0.041827794
0.0138708522,0.014318366
0.0121639997,0.016408704
0.033764569300000005,0.03833633
0.09776287920000003,0.108793445
0.07565851729999999,0.06991499
0.056813611999999986,0.051812068
0.0370033227,0.03478429
0.08652631450000002,0.093016826
0.008865912700000004,0.008887553
0.11138902470000002,0.1102638
0.0414330562,0.041021347
0.038812689500000004,0.035501257
0.05791015400000001,0.046444368
0.155385215,0.16547331
0.014491203800000001,0.009351576
0.020772589100000002,0.027141608
0.0189749288,0.023444213
0.042738027399999996,0.039183334
0.1043812872,0.10769858
0.029277516900000005,0.01350235
0.0726460571,0.071071684
0.04973242869999999,0.050224427
0.3381856164999999,0.3348504
0.04804178499999999,0.050252873
0.031041272299999992,0.030584779
0.029183997600000004,0.029054414
0.1490662992,0.14502053
0.022261465100000002,0.0194325
0.07072631599999998,0.06429871
0.07069977650000002,0.06398608
0.025271214800000004,0.018569222
0.12585797489999997,0.14038324
0.0336923456,0.034879174
0.013395437100000003,0.015546159
0.0499900441,0.0402108
0.06822573339999999,0.06730182
0.07063394279999999,0.07020364
0.0262138709,0.023137774
0.0777703424,0.09084107
0.08367503539999999,0.078863166
0.04306864809999999,0.044018745
0.04919320440000002,0.03702752
0.023569736899999996,0.031080263
0.1210799852,0.13121061
0.05674761830000001,0.057843313
0.05151376740000001,0.04713728
0.033271590399999995,0.039693702
0.1267096721,0.11349288
0.208951966,0.23044634
0.023991261099999998,0.012406408
0.09600624380000002,0.08570604
0.04202178079999999,0.046119798
0.04194741090000001,0.04610129
0.0422030574,0.04656179
0.04149468419999999,0.045338444
0.0416480721,0.045771528
0.0414389067,0.046032112
0.041989243999999995,0.046065103
0.0413905663,0.046392627
0.04146493620000001,0.046668734
0.041671312700000004,0.046194065
0.037401829799999994,0.028251218
0.0891974687,0.08517914
0.041116285,0.04261789
0.03302483159999999,0.029657267
0.11561825839999999,0.11213396
0.0240424061,0.022122858
0.0865758811,0.07989708
0.0805713081,0.09358116
0.0669987665,0.06483488
0.017230554800000002,0.014142344
0.022417353,0.021017587
0.07086423169999999,0.07040292
0.14357435429999998,0.1392646
0.0320015497,0.03469771
0.07711659929999999,0.079796046
0.05917707529999999,0.06801755
0.019627316599999996,0.016526764
0.015925804299999995,0.015579047
0.026743994499999996,0.022644026
0.07323138110000003,0.07994034
0.0365892342,0.021324314
0.08972170910000002,0.09447912
0.09313121459999997,0.0969132
0.08519547369999998,0.09070014
0.178762494,0.16494468
0.037760009,0.037210785
0.020281264699999996,0.018463617
0.029617587199999993,0.02687
0.023445230900000003,0.02918639
0.24337550119999998,0.21610622
0.4449556671000001,0.3771869
0.027903492300000006,0.032665376
0.06624158450000002,0.06097703
0.023243139500000003,0.0239324
0.035300588499999994,0.035776064
0.025249655999999995,0.04380993
0.03628515249999999,0.039325982
0.022764421200000003,0.024443047
0.0731604189,0.074553266
0.08147697559999999,0.081408575
0.0721512144,0.07473156
0.1755276496,0.15169904
0.1572563327,0.15352678
0.07309941329999999,0.073391564
0.44760294500000014,0.45198786
0.042972740200000005,0.049580656
0.1676109668,0.15683194
0.022742060999999997,0.029632693
0.025449583600000002,0.029993733
0.046125434699999995,0.047572333
0.03627606690000001,0.039709747
0.05723643350000002,0.053075347
0.0903274297,0.094149925
0.09076982080000001,0.09462672
0.024734740899999996,0.027516123
0.09963880140000003,0.1024204
0.0606842667,0.059380714
0.056472276999999994,0.055767298
0.05834656980000001,0.055940066
0.03392503160000001,0.025232472
0.035158591700000005,0.022386095
0.0376964131,0.038368545
0.0901505731,0.08317055
0.009962017699999999,0.010843872
0.029453796899999992,0.021560315
0.024058074799999996,0.018363612
0.025896102199999996,0.01834977
0.014432136299999999,0.01576036
0.0437403946,0.04333375
0.1370179939,0.13321191
0.0396658952,0.03950552
0.25077725000000006,0.24777637
0.019208319999999997,0.019889262
0.046277500400000005,0.04823808
0.0337174124,0.034998033
0.0484141653,0.04960802
0.04996348429999999,0.056186534
0.08465009339999999,0.08198085
0.0817580931,0.079508886
0.08173463959999999,0.07985459
0.07876649799999999,0.07716198
0.0788474537,0.06998017
0.1007128037,0.096457794
0.06585041289999999,0.0656992
0.11397676009999999,0.10930395
0.11528303719999998,0.11177529
0.09802613309999998,0.10552141
0.09806860500000003,0.10327897
0.0865748063,0.07533921
0.008753182499999998,0.008468782
0.054524649500000015,0.055185713
0.14541834579999996,0.14636497
0.018695556500000002,0.014079461
0.1375057627,0.1491865
0.022300886399999997,0.019422326
0.12323266550000002,0.112748876
0.0886613392,0.07887715
0.027340650999999994,0.0275502
0.07636131210000001,0.06938898
0.03705890239999999,0.048369277
0.047413115799999996,0.043045316
0.16902417990000002,0.15993379
0.1396801279,0.1374393
0.1256857092,0.11446227
0.1294897894,0.11700843
0.1570839047,0.15368854
0.1507651251,0.14733787
0.09596192240000001,0.093379475
0.09207980220000002,0.08986358
0.04739536069999999,0.06825376
0.03982235369999999,0.0418943
0.04119355410000001,0.039512448
0.2165466439,0.22109412
0.008166854400000001,0.008208219
0.036086653399999995,0.035831433
0.2828568504,0.26845324
0.05656862299999999,0.049447164
0.20168565219999998,0.20596299
0.1301743947,0.11369071
0.0251666065,0.02359824
0.029111249799999992,0.032360237
0.0259043221,0.023962354
0.09010865290000002,0.08042708
0.1523364833,0.15064819
0.06393262020000001,0.08096798
0.055902986999999994,0.079552434
0.0347815289,0.033576492
0.003882982200000001,0.007669841
0.057415479900000004,0.058472503
0.09521240630000001,0.109593496
0.020276867899999995,0.02087426
0.08548572709999999,0.09194857
0.07856519710000001,0.08358259
0.006599584500000001,0.01322336
0.1423561222,0.14355971
0.14220357580000004,0.14331941
0.022614194100000002,0.030740898
0.0630786634,0.06594412
0.0740280957,0.06641605
0.0588933034,0.056275934
0.06011014359999999,0.058016907
0.04483926369999999,0.049925227
0.130247625,0.14172071
0.04155362840000001,0.044175517
0.035411973099999994,0.039704405
0.032404257500000005,0.036060896
0.038681274499999994,0.041720744
0.05139338630000001,0.04889787
0.0533418324,0.055460144
0.0606562535,0.07015024
0.03948659119999999,0.043715145
0.027505821899999998,0.02873142
0.032412077299999995,0.0408825
0.03810685240000001,0.034661625
0.09824631229999999,0.101738706
0.07787515109999998,0.07576366
0.031445731100000006,0.03294158
0.012596134700000003,0.01372665
0.006466216799999999,0.009085239
0.1414463841,0.13978177
0.23918491990000001,0.24670716
0.0651622509,0.0732076
0.023058619,0.021320065
0.0627279945,0.07056445
0.1445232098,0.13835925
0.1325942613,0.12974603
0.0676579515,0.07307073
0.0740855593,0.078229986
0.0667146067,0.07339782
0.026513978,0.022796458
0.1812800884,0.1697803
0.10240589540000002,0.095535286
0.1431149382,0.16392957
0.015282041599999999,0.016033899
0.023807852900000002,0.022916835
0.05695492869999999,0.057295818
0.0474860318,0.043205347
0.05390068560000001,0.045326
0.0448820198,0.039403155
0.0778604197,0.079028435
0.008534356400000002,0.008272992
0.0371050273,0.034110468
0.035600990699999994,0.03272726
0.019036989299999998,0.018586274
0.05741989,0.053241517
0.0213953039,0.02787669
0.07726761139999999,0.09473286
0.0907769992,0.09600787
0.21245224229999998,0.18875776
0.044436634100000004,0.04472796
0.027515718999999998,0.02798092
0.072145778,0.071357824
0.025351974500000003,0.029213699
0.04527553129999999,0.035428625
0.0212715162,0.018519435
0.012365788499999999,0.016899632
0.0324364304,0.03597499
0.030455111300000004,0.030982368
0.0752221725,0.07465697
0.021131932599999997,0.018068139
0.0655800468,0.049543515
0.010444014400000003,0.016370129
0.033333622800000004,0.02555182
0.0757728375,0.07344184
0.11506429299999998,0.11136749
0.0429128373,0.049241085
0.017298514300000005,0.021260304
0.017492601199999996,0.021773174
0.004386668199999998,0.0052321493
0.0048437817999999995,0.0052549825
0.004936015300000002,0.0052932478
0.0286634787,0.025217058
0.08498414199999998,0.08750432
0.08529523449999997,0.08590336
0.0758455838,0.07243684
0.007718685300000003,0.013770143
0.005219538500000001,0.007426608
0.05605388010000001,0.047718994
0.016026130900000005,0.01282324
0.029333125000000005,0.021057755
0.07689704329999998,0.07787085
0.0144480007,0.013628414
0.07318370479999999,0.07611046
0.1768997826,0.17798057
0.07774107399999998,0.07307901
0.05967445600000001,0.054169968
0.2973800186000001,0.29497156
0.1845967485,0.18672968
0.15846335679999998,0.1558447
0.20854934350000004,0.20611544
0.2526382119000001,0.25151363
0.2725208474,0.2709261
0.2571779223,0.2507912
0.2574089103,0.25405127
0.2596102688,0.25499076
0.24036838600000002,0.23933733
0.09100110210000001,0.08222843
0.1228898443,0.11170328
0.059837757199999994,0.0716979
0.0291069827,0.030225841
0.062465576900000014,0.062851
0.016908802300000005,0.024999995
0.058323904200000005,0.058091484
0.0669884982,0.0633133
0.09143973789999998,0.0849644
0.04008678479999999,0.048474066
0.1490565212,0.14923619
0.1774637557,0.17211664
0.15869837489999997,0.15589349
0.0318649589,0.030851476
0.09475697309999999,0.11070413
0.0144432592,0.01590218
0.0299213791,0.025593283
0.1579602525,0.15378757
0.1654818129,0.17219333
0.04121617960000001,0.045106098
0.0159816501,0.020393841
0.04143818219999999,0.04152354
0.05152417640000002,0.04788813
0.1554084602,0.14367564
0.16959971270000002,0.15714808
0.11336668889999998,0.10535395
0.3340822944999999,0.33445412
0.0106311793,0.0135867335
0.021322610000000002,0.023131208
0.1377136753,0.13441342
0.09728000299999999,0.09692379
0.028152775099999996,0.030147482
0.014634621600000003,0.01288639
0.05589667789999999,0.05002524
0.2598687445999999,0.2568446
0.254025452,0.26084593
0.3292826935999999,0.30689773
0.085992354,0.08753723
0.0634433572,0.049574178
0.27703771010000006,0.30377844
0.184207404,0.19129102
0.19723745210000002,0.2000197
0.0536458174,0.049645234
0.04600249599999999,0.044648353
0.046720401800000005,0.048395414
0.06478343259999998,0.066155516
0.04491070379999999,0.06312684
0.0104487147,0.016250752
0.0563062133,0.054386444
0.3085082922,0.29888305
0.0455223101,0.0204674
0.038461246100000006,0.031276714
0.0296055473,0.01661256
0.051819641600000015,0.05726953
0.1635703797,0.16348845
0.039745431399999996,0.03518685
0.047763102,0.042835243
0.030344566300000004,0.040764764
0.107799985,0.09953123
0.04906354140000001,0.050920814
0.0627282379,0.06364637
0.050774988700000016,0.05236112
0.0745298681,0.07088401
0.0657546735,0.060313787
0.06710464859999998,0.060354527
0.07613470869999998,0.07726333
0.0542608098,0.055980604
0.06282448130000001,0.052773185
0.0379134502,0.042080086
0.05512876180000001,0.043664586
0.0347563638,0.026982266
0.06537595999999998,0.08101241
0.0147592252,0.018981814
0.0217993057,0.015675237
0.0519787548,0.05664862
0.07700518499999999,0.060007367
0.10269152390000001,0.09354713
0.0689458542,0.07423726
0.0410515619,0.04390993
0.08135852870000002,0.0822959
0.07917627690000001,0.08061123
0.07731041399999998,0.077893645
0.023072637800000004,0.019057367
0.0420763747,0.036762286
0.03705281879999999,0.037596405
0.08304800369999997,0.07785921
0.08588868620000001,0.08038241
0.09258805390000002,0.08569395
0.03662516460000001,0.04473508
0.0425188762,0.049908426
0.258423902,0.25200266
0.017644068699999998,0.020096023
0.0204220159,0.019456662
0.0433875258,0.04982857
0.0764200322,0.06596643
0.0371686281,0.03922065
0.25937482779999993,0.2592556
0.036460983599999996,0.035473973
0.1744304868,0.17450033
0.0897162714,0.085498065
0.04556176759999999,0.043450978
0.018886928300000005,0.021520246
0.2825852411,0.2790595
0.06565708509999998,0.058465056
0.0110610529,0.0145210065
0.011033512899999999,0.0129009355
0.010706858399999998,0.012241153
0.034214220299999994,0.036383312
0.1658774549,0.16219865
0.1702674384,0.16737323
0.0184436858,0.019502465
0.063240416,0.06324313
0.04310858170000001,0.042474363
0.04613238659999999,0.04751387
0.040792515700000004,0.042811558
0.07728581269999998,0.07649132
0.08132440680000001,0.07917311
0.06467315599999998,0.05001117
0.1000631871,0.111230865
0.034602055099999994,0.041750092
0.0666921184,0.062441997
0.0150361392,0.015199176
0.015732152599999997,0.017653683
0.032164355199999994,0.038184218
0.15703492160000002,0.1567881
0.126702628,0.14120305
0.0329057297,0.029597681
0.09829647550000001,0.10316386
0.07472652449999999,0.0758573
0.07361836729999999,0.07278543
0.0932707428,0.09760124
0.09989990059999998,0.10042285
0.06980133539999998,0.07734579
0.03665570390000001,0.0193704
0.0375183729,0.040814854
0.0872522498,0.08265509
0.03201243749999999,0.03299422
0.11080134679999999,0.10988838
0.0492517684,0.05215468
0.013723352900000001,0.018326048
0.09271879680000003,0.08813864
0.0642788778,0.068824835
0.11758037699999999,0.112406045
0.1095263808,0.10287857
0.1252079776,0.12786041
0.1835424914,0.16934156
0.0343179019,0.032710444
0.014576963799999999,0.013879416
0.16215284329999996,0.16399546
0.14309842,0.14848757
0.1708171545,0.16872825
0.027377625000000003,0.029863598
0.026348035700000008,0.029200438
0.07912695760000002,0.081217565
0.007261212,0.0066275527
0.16314488149999995,0.16107732
0.1348911853,0.13747682
0.1492976346,0.14988904
0.1514061478,0.15081526
0.08465958380000002,0.083452076
0.0811923749,0.08078973
0.1599124999,0.15467373
0.0217635939,0.02554637
0.03817015600000001,0.035249833
0.075623227,0.068170555
1.0365279959,1.2016606
0.0507333433,0.048431706
0.10563713240000001,0.11484669
0.06541555589999999,0.0651771
0.013154543300000002,0.0132608535
0.10561133020000002,0.09023434
0.0077755401,0.008618297
0.1793042511,0.17258437
0.1594888564,0.15112133
0.09977282700000001,0.0940289
0.08923461850000002,0.09524012
0.0915650713,0.09674958
0.10103367540000001,0.091561735
0.03840764239999999,0.035068292
0.08799478579999999,0.091234066
0.15220106759999996,0.14532118
0.08243096760000002,0.064587146
0.086684164,0.09177428
0.08830049390000001,0.09281175
0.030210621299999994,0.032472957
0.1175434068,0.119283
0.0335966137,0.03535082
0.013600181899999998,0.013016692
0.03667058329999999,0.031021284
0.0289446357,0.035598896
0.0654306649,0.06078335
0.08148038360000001,0.08351931
0.07537101069999998,0.078514874
0.04170055610000001,0.02914009
0.016156818099999998,0.010161504
0.1549684382,0.16642469
0.07780641530000001,0.08305509
0.009370576900000002,0.006262207
0.1994103382,0.19371223
0.13165108950000004,0.12315663
0.031693044499999996,0.026487073
0.023766304999999998,0.029045006
0.1290871962,0.13173974
0.03428828450000001,0.03451299
0.0058412796000000015,0.008347561
0.053924432599999995,0.062802985
0.08672475379999998,0.09230807
0.057670252300000016,0.06910468
0.054561421000000006,0.053230938
0.008727580200000001,0.011643155
0.0349084484,0.038116403
0.09328101739999999,0.0989389
0.027765612500000002,0.028880902
0.022208424700000003,0.020015763
0.0104394476,0.009538813
0.09951838570000002,0.09439653
0.1526749263,0.14453909
0.07001885289999998,0.06297105
0.028397917500000005,0.01702376
0.034686330499999994,0.03341429
0.058397889500000015,0.056586705
0.0658217377,0.061990365
0.06129047259999999,0.060026474
0.012606412099999999,0.01423971
0.08724046449999999,0.083544075
0.07583934079999999,0.084496275
0.018645355900000007,0.020165613
0.03339270729999999,0.041332133
0.06918101140000002,0.06934246
0.09759614200000001,0.08748907
0.04879593270000001,0.04964909
0.0476219631,0.04333996
0.0231238108,0.021901676
0.08514909859999997,0.086681
0.1479167379,0.14661483
0.11353888210000002,0.11334291
0.051197590999999994,0.06134627
0.0074612503999999975,0.007861181
0.06750721279999998,0.071718365
0.1047899042,0.10556921
0.0691949268,0.07703126
0.058039398199999995,0.060472135
0.0527643265,0.04635819
0.06922867530000001,0.08231438
0.030347750600000008,0.028396478
0.21444968779999998,0.2184658
0.3106432005,0.318671
0.07806337629999999,0.08225735
0.07568864150000001,0.08080607
0.0695597783,0.07562736
0.030266249900000007,0.028680991
0.0152830363,0.009656896
0.05151671480000001,0.047268245
0.0506160997,0.055092376
0.0665414214,0.07557599
0.045150936999999995,0.042033758
0.044485749100000006,0.04313805
0.06973960159999999,0.06419801
0.0361787762,0.04437472
0.022873173400000005,0.029361827
0.024186115899999996,0.025594365
0.1149889281,0.11278652
0.06611776450000001,0.067866765
0.009816004499999998,0.010217614
0.10872404500000002,0.12296149
0.13310014900000003,0.13116679
0.0490065907,0.052272458
0.05268890380000001,0.055652108
0.041764118999999995,0.034745164
0.0421262191,0.035011046
0.11383143240000002,0.11457081
0.33644478620000007,0.3492381
0.06706810369999999,0.06955095
0.06447870950000001,0.067458265
0.030908854999999995,0.04120586
0.038224731000000005,0.045900375
0.05346940690000001,0.049247805
0.2871561956,0.29347923
0.0668103659,0.06771606
0.0449844551,0.041271664
0.06404262439999998,0.07242519
0.06674909260000002,0.06637586
0.08345154000000002,0.08292816
0.051667189700000005,0.055632908
0.03226745710000001,0.031232558
0.0156513307,0.008275777
0.449891031,0.4687463
0.019063467,0.028229598
0.023060557,0.020845046
0.028684499299999996,0.032447625
0.007378582500000001,0.010442923
0.007739924099999999,0.010460271
0.058927420399999986,0.052628744
0.0773992649,0.07748166
0.1274669436,0.11732905
0.0589314447,0.06159873
0.04611604359999999,0.0477268
0.16370317390000003,0.15574801
0.08191423040000001,0.08078915
0.049106906799999996,0.043169927
0.1549975825,0.1679607
0.044494375100000004,0.05228064
0.035613375899999994,0.03725567
0.025062647399999995,0.011553739
0.071074271,0.07301138
0.025402668599999997,0.022673177
0.0688176127,0.07152476
0.08130657239999999,0.07783918
0.05766780169999999,0.045575477
0.1469933696,0.141867
