qt_indices,rd_indices,te_indices
6200,417,1.0
5530,4292,6.0
2031,5542,14.0
151,6622,35.0
6199,3135,45.0
4243,5358,47.0
2439,2838,50.0
2032,2992,51.0
1024,6911,53.0
3867,4364,57.0
6202,5877,62.0
6201,4863,69.0
4749,2823,79.0
6083,3193,96.0
3534,4022,105.0
5166,5835,106.0
1776,3108,107.0
6198,6460,111.0
2800,2410,118.0
4150,1841,121.0
4652,4527,124.0
6759,7168,128.0
762,698,136.0
2308,4442,139.0
3959,1317,141.0
6093,7051,150.0
2274,957,152.0
5169,7643,153.0
7349,2310,155.0
300,3127,157.0
3264,7520,161.0
1033,4795,168.0
897,1797,176.0
774,3634,177.0
6894,6592,180.0
6972,4168,181.0
4886,969,187.0
4348,524,190.0
5471,6809,202.0
5485,2596,204.0
5496,5207,211.0
2860,4888,213.0
7665,5097,214.0
2999,7167,217.0
6615,1850,218.0
478,5287,228.0
4709,7532,235.0
6017,4610,242.0
3728,3490,249.0
197,6879,252.0
1668,7385,255.0
5938,1100,264.0
4271,2922,266.0
1034,3035,270.0
4441,7189,274.0
3948,263,279.0
3667,2201,280.0
2380,2077,283.0
5486,4363,284.0
2305,419,285.0
4587,2401,286.0
1800,1685,287.0
6197,307,292.0
6815,7206,296.0
4248,6734,303.0
2141,2399,306.0
2226,2479,308.0
6973,5365,310.0
5280,5062,315.0
4149,3388,318.0
4453,3742,319.0
4566,1689,321.0
3668,5713,332.0
3071,791,335.0
4059,545,344.0
2248,4445,347.0
7493,5176,348.0
3666,4346,350.0
6897,2144,351.0
4371,3338,352.0
4456,6256,359.0
941,7127,360.0
2878,4790,363.0
6401,3741,371.0
5037,7356,375.0
5276,6901,387.0
4837,1625,393.0
2481,7225,413.0
4829,2994,414.0
506,2116,418.0
4887,3369,426.0
6030,6305,429.0
4055,7716,432.0
1335,4869,433.0
6908,6906,440.0
5812,4460,441.0
5563,404,448.0
692,1529,455.0
2402,6415,473.0
6089,5264,474.0
2879,6090,476.0
3921,4547,486.0
6404,4964,491.0
6405,6091,496.0
3517,7049,500.0
5161,6507,508.0
6909,7594,509.0
5691,5030,521.0
7208,691,529.0
2964,6937,544.0
5227,3647,551.0
1451,4755,570.0
807,397,575.0
7315,5435,578.0
4455,2344,579.0
2225,3915,597.0
5929,5795,599.0
5111,1802,603.0
2035,6612,607.0
4953,2133,608.0
4200,2689,612.0
5135,5905,613.0
2442,6048,614.0
2379,7044,617.0
3518,7279,619.0
4347,7274,624.0
6388,7618,631.0
4124,399,639.0
4340,7008,649.0
4801,655,654.0
4885,985,658.0
1022,2593,660.0
6801,1781,668.0
4391,3551,686.0
15,6918,700.0
600,7159,702.0
4561,4487,711.0
4633,7262,712.0
7481,2381,721.0
2051,7068,729.0
2377,2466,730.0
132,2982,740.0
2363,446,742.0
4987,5788,748.0
346,4161,752.0
237,5643,754.0
2306,2575,755.0
4323,3305,759.0
2335,5103,760.0
6018,2558,769.0
2043,5364,775.0
6971,616,776.0
7207,5543,784.0
2050,3561,799.0
5892,7442,805.0
4202,2073,806.0
6726,6920,810.0
3600,4458,813.0
2227,1501,820.0
1548,1054,826.0
3512,1260,836.0
7416,7640,837.0
5127,7509,838.0
3920,174,840.0
6974,3279,844.0
3533,4102,860.0
227,1758,864.0
1334,7317,866.0
3982,4493,867.0
1418,6428,873.0
1032,2105,889.0
6616,104,896.0
3583,6511,898.0
6988,2850,907.0
4058,824,911.0
4079,3408,912.0
1183,3064,913.0
6564,3400,920.0
3520,449,926.0
2378,6863,936.0
4883,4815,937.0
7658,3065,946.0
2036,4066,961.0
4201,4222,970.0
3766,561,972.0
4454,5014,975.0
4560,7249,977.0
2808,5347,978.0
4721,5537,984.0
3386,6670,989.0
4562,6528,992.0
2290,6621,993.0
4047,6855,999.0
2307,7058,1005.0
4986,4393,1009.0
2454,3649,1012.0
3226,4276,1018.0
4800,5864,1025.0
7378,7088,1039.0
1964,5668,1046.0
3779,1464,1048.0
6673,904,1056.0
4786,463,1057.0
4064,2665,1059.0
3355,974,1070.0
4197,7359,1082.0
4025,4111,1086.0
5834,6749,1095.0
4861,6983,1098.0
2361,4046,1099.0
7712,5354,1109.0
6029,1347,1116.0
1888,3748,1127.0
2262,2715,1128.0
3522,5232,1134.0
586,2707,1136.0
5055,2990,1140.0
3001,5677,1146.0
4930,3538,1156.0
7261,4191,1157.0
5565,7302,1158.0
6725,4287,1169.0
4857,4118,1173.0
2718,2193,1184.0
172,7399,1187.0
7530,7752,1192.0
6871,6787,1198.0
3866,1528,1204.0
6682,7622,1206.0
3809,983,1214.0
1569,1992,1215.0
4858,1910,1220.0
6045,355,1221.0
2774,3031,1232.0
4198,2619,1234.0
6585,6144,1235.0
5415,2644,1240.0
5782,5134,1243.0
650,4504,1246.0
2972,1606,1249.0
4779,6520,1259.0
2886,2198,1262.0
3658,2733,1267.0
6862,4452,1270.0
6437,5545,1286.0
6705,6372,1292.0
2017,7235,1296.0
900,6228,1303.0
2446,3481,1304.0
2833,2844,1315.0
6625,3301,1316.0
6291,1824,1319.0
4411,5456,1321.0
7101,6691,1323.0
1655,2434,1331.0
5925,4916,1339.0
7028,6431,1341.0
1446,2049,1344.0
7477,1647,1346.0
7469,3155,1357.0
1546,6979,1359.0
7607,2107,1362.0
3425,3247,1366.0
2493,6933,1367.0
2875,6741,1369.0
3139,1047,1372.0
2940,1077,1373.0
4062,7747,1378.0
5538,3935,1379.0
2726,3708,1384.0
7531,3144,1390.0
1719,278,1391.0
3332,6598,1397.0
5586,4341,1400.0
4952,1658,1402.0
1073,7178,1405.0
3115,5987,1407.0
7558,3814,1409.0
4840,3394,1410.0
1868,5293,1412.0
3901,4205,1415.0
4095,386,1416.0
7685,4039,1417.0
4107,5297,1420.0
3253,2437,1426.0
3357,6535,1440.0
715,4697,1442.0
6439,5832,1447.0
1612,6589,1455.0
6289,3093,1456.0
2966,1849,1463.0
6997,750,1465.0
2302,1584,1468.0
7606,1819,1471.0
6390,6442,1473.0
4080,2828,1480.0
2664,2217,1486.0
5162,1666,1487.0
6484,3373,1496.0
4692,3090,1497.0
7009,276,1498.0
2362,3815,1511.0
3646,4932,1514.0
4085,5608,1517.0
5007,3669,1520.0
788,6113,1521.0
7621,3539,1527.0
6633,2054,1532.0
832,4991,1537.0
4440,3715,1544.0
6819,7066,1557.0
5126,2913,1559.0
3105,1545,1560.0
6706,6551,1561.0
1159,767,1579.0
4473,1636,1585.0
554,457,1592.0
5669,2906,1594.0
577,2923,1597.0
1757,5593,1607.0
2974,1258,1610.0
3488,5360,1614.0
1613,1049,1621.0
2549,1763,1626.0
3428,4167,1634.0
7625,2766,1641.0
1250,1466,1649.0
5275,1512,1650.0
4835,7099,1654.0
4977,5105,1659.0
3273,254,1664.0
2877,901,1676.0
1692,2130,1684.0
1903,1530,1690.0
1449,5941,1696.0
2681,5337,1698.0
2781,3151,1705.0
7313,3445,1708.0
6391,1707,1715.0
648,7552,1723.0
5434,3091,1734.0
4078,4090,1739.0
6153,3567,1742.0
4397,2524,1744.0
22,4123,1745.0
4088,4068,1759.0
585,816,1761.0
6470,4772,1762.0
4051,4798,1765.0
7597,1343,1770.0
7741,7193,1774.0
1722,550,1780.0
6475,7610,1786.0
1662,7229,1787.0
6249,7022,1789.0
6773,7465,1790.0
831,5376,1791.0
70,1395,1794.0
7393,83,1796.0
2203,4400,1801.0
4707,2841,1804.0
3807,5234,1812.0
1803,7064,1816.0
6864,611,1818.0
2033,1906,1821.0
5954,5247,1826.0
2996,1477,1829.0
6022,5222,1836.0
6685,1307,1837.0
2835,4971,1854.0
6023,195,1864.0
4777,1862,1876.0
1148,6355,1877.0
5894,4221,1879.0
1554,625,1883.0
3827,4236,1885.0
3206,3604,1887.0
6234,4194,1893.0
1360,2654,1897.0
2445,5500,1899.0
3414,6402,1900.0
5216,6786,1909.0
817,6408,1921.0
6644,6074,1924.0
6975,1210,1935.0
3881,5431,1936.0
2412,7297,1939.0
5019,5960,1942.0
2937,7271,1946.0
6839,1107,1949.0
4945,3584,1950.0
703,2341,1952.0
7466,5581,1955.0
1494,3592,1971.0
2583,6813,1978.0
1694,3159,1982.0
6377,2291,1987.0
4722,6158,1988.0
6751,4370,1989.0
4811,1401,1999.0
3767,7704,2001.0
3868,4614,2010.0
4941,3787,2014.0
3356,1846,2021.0
7312,3535,2022.0
4349,7043,2028.0
7472,7248,2029.0
6697,1767,2034.0
1507,5758,2041.0
5792,5770,2046.0
3912,1859,2057.0
4908,7055,2063.0
4687,3073,2066.0
6865,4542,2079.0
3429,391,2080.0
7561,4533,2093.0
2228,3066,2098.0
4054,1233,2101.0
5791,4726,2108.0
1815,6667,2115.0
2741,4499,2123.0
7496,6755,2125.0
6205,2507,2127.0
5051,5342,2129.0
916,3465,2139.0
1720,2005,2152.0
3350,1948,2153.0
2181,3937,2156.0
6324,3855,2162.0
2903,1356,2174.0
6424,1729,2184.0
5562,7470,2186.0
6192,4582,2189.0
6423,343,2190.0
2354,1813,2196.0
2075,3913,2200.0
548,5754,2209.0
1809,6578,2218.0
6031,4605,2231.0
1580,7565,2237.0
3610,1132,2238.0
2342,3777,2240.0
5981,2158,2250.0
502,1255,2253.0
4776,7327,2260.0
982,459,2268.0
2668,3907,2270.0
5187,1911,2273.0
2255,2807,2275.0
1806,6653,2286.0
4909,378,2287.0
1506,4450,2321.0
4557,6800,2325.0
3878,653,2330.0
3147,4988,2333.0
2444,7519,2334.0
5724,3262,2337.0
5737,5481,2352.0
4416,1413,2356.0
6992,1880,2359.0
6019,6926,2364.0
4089,991,2367.0
6025,6371,2368.0
3235,3676,2369.0
1330,147,2371.0
7739,7084,2384.0
2019,6339,2385.0
6794,4396,2386.0
1336,7331,2389.0
1193,4980,2398.0
1245,2236,2405.0
3059,5473,2407.0
3553,2278,2408.0
3628,5133,2411.0
423,6248,2419.0
1020,3433,2424.0
3627,1997,2427.0
6825,7374,2429.0
131,4087,2432.0
2176,2382,2435.0
3586,2064,2440.0
6793,746,2451.0
2229,6568,2463.0
19,3450,2467.0
108,5072,2468.0
7590,2543,2476.0
7564,517,2478.0
5557,2245,2480.0
1510,4399,2484.0
1044,2076,2488.0
3801,6720,2500.0
2805,5526,2504.0
1450,2620,2506.0
1500,3480,2511.0
1595,6650,2513.0
3212,6051,2518.0
484,6977,2527.0
1502,4604,2534.0
3887,5671,2539.0
5672,505,2545.0
5949,7080,2546.0
4,5382,2551.0
7753,4024,2552.0
6203,353,2554.0
2888,5940,2555.0
1970,4252,2559.0
5081,383,2561.0
304,5846,2564.0
3964,6009,2565.0
3052,4028,2570.0
6903,6476,2576.0
6555,7719,2577.0
5850,1424,2581.0
2930,3133,2588.0
1785,7372,2604.0
1735,2945,2608.0
2587,2140,2612.0
5830,5651,2614.0
2501,2590,2624.0
4653,7074,2626.0
6996,5417,2628.0
4267,6097,2630.0
3349,6924,2635.0
3351,1264,2639.0
3417,4712,2641.0
5393,1380,2643.0
2309,3477,2645.0
90,4543,2651.0
3599,6838,2652.0
3989,2573,2657.0
4495,6692,2658.0
1165,4521,2666.0
879,4631,2671.0
4076,3564,2678.0
5571,1933,2683.0
5477,5879,2700.0
4375,6895,2701.0
7286,7338,2705.0
3213,5928,2706.0
6016,4609,2708.0
5831,4792,2714.0
7258,3039,2716.0
7517,7474,2719.0
2905,6826,2729.0
609,3398,2731.0
1029,6603,2734.0
5426,2473,2735.0
1443,5015,2738.0
2902,166,2740.0
2887,3549,2743.0
902,3402,2745.0
6449,475,2748.0
5003,2690,2756.0
3347,4702,2764.0
7525,7630,2767.0
1576,3197,2771.0
553,3555,2784.0
1478,5725,2785.0
737,1624,2787.0
1550,251,2795.0
7479,390,2799.0
4365,1657,2801.0
4810,7290,2802.0
2020,4670,2811.0
3058,7468,2812.0
6634,3476,2819.0
5305,61,2820.0
4299,5300,2821.0
4472,1001,2832.0
7723,3637,2842.0
5828,2297,2843.0
2873,2910,2846.0
4693,2142,2848.0
4261,425,2849.0
5399,1679,2859.0
7413,428,2863.0
3904,198,2864.0
5449,1137,2865.0
169,5980,2885.0
2675,2355,2891.0
3110,7131,2897.0
170,738,2898.0
3650,798,2900.0
3242,4385,2908.0
6753,1632,2916.0
3483,888,2918.0
377,958,2920.0
915,4753,2921.0
2580,4156,2926.0
2884,3016,2929.0
5550,6213,2933.0
3893,7021,2936.0
1721,2082,2938.0
5990,7578,2942.0
1421,4402,2944.0
5992,3272,2948.0
1583,574,2954.0
877,437,2957.0
3889,2470,2967.0
6483,3422,2968.0
5366,2090,2971.0
3174,4163,2983.0
5867,6010,2997.0
3216,5318,3004.0
7003,6062,3005.0
5423,6756,3011.0
1149,6299,3014.0
1205,6301,3025.0
6211,4603,3028.0
7443,2409,3029.0
394,1798,3032.0
3210,771,3036.0
5165,6038,3041.0
1104,4036,3044.0
1874,212,3046.0
891,6223,3047.0
6265,1629,3048.0
5824,706,3055.0
7721,1026,3057.0
3896,7328,3070.0
6282,5907,3074.0
7528,4016,3078.0
5433,6566,3082.0
5863,1691,3083.0
3460,1695,3086.0
6482,6942,3092.0
7495,3737,3097.0
6246,6882,3102.0
3888,3672,3114.0
3415,6321,3118.0
4377,6686,3125.0
3656,4322,3134.0
789,3094,3143.0
129,1011,3158.0
3504,4318,3161.0
2595,2638,3171.0
4280,3289,3178.0
1055,2953,3179.0
6877,7209,3180.0
5427,186,3181.0
3043,1212,3183.0
4947,3793,3188.0
6724,7102,3189.0
4778,7171,3190.0
3109,2471,3198.0
1509,7098,3214.0
5398,4235,3215.0
7287,66,3217.0
6027,1526,3219.0
2673,1237,3220.0
6477,6900,3221.0
1448,5137,3234.0
7335,6472,3238.0
6798,2928,3249.0
2242,4157,3256.0
7065,7394,3257.0
1115,1922,3263.0
6802,115,3276.0
4331,4630,3303.0
2207,2266,3315.0
5899,5515,3318.0
4659,5862,3321.0
2647,5153,3325.0
6876,2762,3326.0
6458,2013,3327.0
7557,883,3346.0
7667,3399,3358.0
7046,1750,3360.0
2779,2965,3364.0
6784,3922,3374.0
3783,1656,3380.0
1889,1265,3382.0
3865,2131,3384.0
7332,7095,3391.0
710,401,3392.0
6070,4901,3395.0
3333,1300,3406.0
2935,4550,3407.0
4957,1275,3413.0
253,6086,3419.0
7025,4395,3427.0
6059,6345,3430.0
130,6995,3438.0
3808,1830,3443.0
2625,4748,3452.0
7494,3024,3453.0
5424,3593,3455.0
5636,6966,3479.0
6837,6346,3485.0
1582,7024,3487.0
4740,2126,3492.0
369,1051,3496.0
4067,1485,3502.0
3607,1000,3507.0
3297,1555,3519.0
3542,3726,3531.0
3543,2205,3532.0
994,2792,3536.0
77,2610,3541.0
3598,6257,3544.0
5926,4744,3546.0
3540,3972,3548.0
3962,3319,3550.0
4263,114,3562.0
5838,3033,3568.0
3957,3573,3569.0
2806,3854,3571.0
5319,5043,3572.0
2883,6654,3580.0
3077,7253,3581.0
4757,3149,3585.0
2736,5806,3588.0
4343,764,3597.0
2045,7617,3601.0
3596,7015,3608.0
3631,682,3611.0
6668,724,3615.0
2011,4743,3617.0
7145,3170,3621.0
2623,3589,3625.0
7059,1986,3630.0
4401,3334,3640.0
2351,6307,3641.0
3706,1746,3642.0
7231,4240,3648.0
1875,6687,3652.0
1207,6523,3660.0
3281,4512,3664.0
2418,5666,3673.0
2661,1399,3674.0
4407,1855,3679.0
5973,2282,3680.0
3500,3296,3687.0
6542,7679,3691.0
1901,7629,3694.0
6881,5606,3699.0
2744,679,3705.0
1884,7406,3710.0
7045,1457,3714.0
4182,368,3721.0
4915,4612,3724.0
6917,6935,3729.0
4333,1269,3730.0
376,7139,3731.0
373,1603,3743.0
2825,3457,3744.0
7596,3316,3745.0
5884,6367,3756.0
6294,1703,3761.0
4165,7014,3764.0
1278,5341,3768.0
451,2453,3771.0
3231,5956,3781.0
1403,7698,3784.0
6132,7680,3790.0
3751,4940,3791.0
1558,960,3794.0
4425,3012,3796.0
6601,6430,3800.0
6260,2515,3802.0
1973,6395,3803.0
1811,2907,3804.0
7553,4281,3806.0
2464,1732,3812.0
6955,4954,3813.0
7252,7143,3818.0
2973,3304,3833.0
5602,5988,3837.0
7107,4505,3841.0
4525,6447,3842.0
4666,2358,3853.0
4419,7409,3864.0
356,6878,3870.0
2677,2995,3892.0
3061,4706,3903.0
3850,2206,3906.0
5160,1674,3918.0
1553,7397,3923.0
571,3816,3929.0
701,1121,3933.0
7133,5040,3939.0
3117,6898,3940.0
3932,4074,3944.0
1431,675,3946.0
381,2737,3951.0
2578,2617,3953.0
3763,4593,3968.0
6033,3899,3977.0
7589,2699,3980.0
4920,7646,3983.0
2220,7736,3984.0
2532,5998,3985.0
247,527,4001.0
3383,4494,4002.0
3018,6747,4011.0
4282,7210,4012.0
990,3772,4013.0
1280,6448,4017.0
3885,2993,4027.0
7411,6351,4029.0
1123,164,4030.0
2053,2692,4032.0
5959,4291,4037.0
192,2757,4040.0
7181,1782,4042.0
3331,4891,4043.0
3931,2917,4056.0
808,5820,4071.0
1541,2894,4075.0
3527,1867,4083.0
434,5756,4093.0
6875,5315,4099.0
5655,3750,4100.0
4244,7284,4104.0
1996,1834,4108.0
1408,1145,4109.0
5450,5099,4114.0
2724,2985,4122.0
4065,5760,4126.0
1484,3150,4127.0
1459,4862,4132.0
1983,6905,4140.0
6572,5524,4142.0
843,2927,4144.0
477,1673,4145.0
1422,1326,4151.0
271,1406,4152.0
2490,6737,4173.0
1549,3051,4177.0
3131,7554,4179.0
6077,6120,4180.0
4524,6522,4184.0
7030,7241,4186.0
1437,2211,4187.0
3797,1320,4188.0
3991,6184,4189.0
4015,718,4190.0
1534,2882,4195.0
1840,2120,4203.0
859,4958,4204.0
5911,5570,4209.0
301,1108,4210.0
4412,3785,4213.0
3582,4386,4215.0
4316,1152,4224.0
7547,5277,4238.0
4351,7322,4246.0
3587,162,4250.0
6804,1209,4257.0
4718,5310,4270.0
7430,2452,4272.0
6562,1091,4293.0
5652,6467,4300.0
4520,2216,4302.0
4328,5676,4308.0
6575,3891,4310.0
1216,7304,4311.0
7244,5882,4313.0
1778,5623,4327.0
2496,6526,4330.0
1918,2693,4339.0
2487,7647,4342.0
4489,2277,4356.0
4900,6967,4357.0
3275,4853,4359.0
953,2582,4362.0
5665,4996,4376.0
7371,6769,4378.0
460,5874,4382.0
4485,1637,4410.0
3049,6658,4414.0
6347,3165,4415.0
4115,3810,4420.0
695,5774,4422.0
6499,1693,4428.0
3949,7339,4438.0
528,6098,4462.0
5517,596,4470.0
6587,3232,4475.0
5752,7599,4480.0
6599,3999,4482.0
1393,3169,4483.0
6224,5778,4497.0
3590,6177,4500.0
6243,7336,4502.0
5237,1491,4514.0
3976,3474,4515.0
5012,3140,4516.0
6545,2423,4518.0
2521,4231,4519.0
6731,5460,4522.0
5921,6263,4523.0
6119,5582,4528.0
3089,3107,4531.0
6596,6604,4535.0
72,1898,4541.0
3079,5983,4553.0
3015,3495,4567.0
6930,3439,4569.0
3361,7526,4572.0
5260,4436,4573.0
5378,2396,4577.0
4298,6841,4591.0
4136,6189,4594.0
2960,4763,4596.0
1041,6554,4600.0
5878,4838,4602.0
1716,7361,4607.0
5616,1596,4611.0
1941,2061,4616.0
7296,825,4620.0
1476,4026,4626.0
156,1386,4642.0
7323,7639,4643.0
2345,3365,4644.0
4905,5592,4650.0
5773,4199,4654.0
924,6671,4655.0
1915,2857,4658.0
7114,3960,4664.0
5406,345,4668.0
5263,4847,4676.0
4492,3570,4691.0
4296,4219,4696.0
4006,7353,4698.0
6381,2477,4701.0
4695,44,4710.0
1229,7100,4711.0
4387,498,4715.0
1195,4546,4720.0
2691,511,4724.0
3632,2252,4737.0
6763,5124,4738.0
3342,1886,4739.0
925,2472,4745.0
5141,4234,4747.0
2688,781,4750.0
4010,1053,4752.0
5717,7079,4756.0
3499,790,4758.0
7498,6777,4759.0
1620,862,4761.0
4258,3778,4764.0
3677,1282,4767.0
7016,4265,4768.0
6245,2951,4784.0
3076,5203,4797.0
7360,2370,4804.0
7179,5556,4807.0
273,3000,4816.0
3916,4345,4827.0
6951,2656,4830.0
895,2541,4839.0
1439,4297,4843.0
1831,4529,4844.0
7487,1916,4854.0
1622,4307,4860.0
3387,5991,4870.0
3657,6080,4874.0
5116,1934,4877.0
2461,2188,4879.0
2988,6501,4890.0
2138,1340,4892.0
3471,7737,4894.0
520,1257,4895.0
2259,3462,4899.0
4471,2462,4910.0
5156,4919,4912.0
5180,6440,4917.0
4135,7581,4924.0
6638,3847,4927.0
3444,3034,4928.0
6945,6266,4929.0
3184,6047,4931.0
5430,6722,4934.0
3986,803,4936.0
3267,2790,4937.0
3424,2712,4955.0
5316,5020,4960.0
6571,1627,4966.0
7757,6409,4969.0
7220,4050,4970.0
5242,7115,4978.0
1441,84,4982.0
2523,1919,4984.0
3926,3942,4997.0
6488,5507,4999.0
5952,5155,5008.0
6452,1375,5016.0
5935,5261,5021.0
6410,7440,5025.0
6928,3368,5026.0
4554,3510,5029.0
2845,2667,5031.0
43,6212,5032.0
3431,5240,5034.0
1670,6505,5038.0
3602,5058,5042.0
7366,1609,5045.0
358,6949,5050.0
1913,2869,5052.0
2313,3821,5060.0
3397,4713,5061.0
2204,7177,5063.0
3950,4289,5065.0
3372,5400,5066.0
2314,5709,5067.0
6519,6314,5068.0
3733,7627,5071.0
6550,3644,5076.0
3341,1865,5077.0
5371,3869,5079.0
6285,5368,5080.0
7195,415,5082.0
5329,6315,5089.0
2615,2980,5096.0
1590,5184,5098.0
1254,4911,5100.0
1743,7689,5109.0
5465,1524,5112.0
6008,2855,5121.0
2892,3635,5122.0
7270,4367,5138.0
2529,3505,5140.0
645,1133,5142.0
5183,5704,5145.0
7283,7259,5149.0
1927,6146,5154.0
6126,1153,5163.0
6695,5498,5171.0
1003,6892,5182.0
2044,2155,5185.0
6072,3269,5188.0
380,4568,5195.0
6163,568,5205.0
5349,6393,5209.0
6466,3545,5211.0
3233,5932,5221.0
3291,4783,5233.0
6717,3027,5241.0
663,5775,5244.0
3638,6727,5251.0
4465,3456,5252.0
6186,6563,5253.0
845,4332,5255.0
238,3883,5259.0
5647,591,5266.0
5860,1461,5270.0
3322,4381,5279.0
7485,6534,5281.0
1928,2499,5283.0
4848,4268,5289.0
1645,3466,5291.0
4813,3100,5296.0
2494,766,5302.0
1302,3268,5303.0
5887,7272,5313.0
6533,7463,5322.0
2301,5158,5328.0
41,7600,5333.0
6772,5743,5334.0
6284,3988,5338.0
7563,6281,5340.0
6214,1604,5345.0
2514,3153,5346.0
2713,4765,5352.0
5945,3786,5355.0
3578,641,5356.0
6912,4275,5359.0
7434,1661,5363.0
3987,584,5370.0
4361,6713,5377.0
2751,7026,5379.0
2881,2899,5389.0
6965,2492,5396.0
5977,1190,5401.0
7082,2015,5405.0
2269,6659,5407.0
2161,6581,5414.0
664,424,5418.0
6812,5814,5419.0
7326,4645,5420.0
1266,2536,5436.0
4005,4651,5440.0
3345,7232,5455.0
3856,5292,5461.0
1728,2083,5462.0
7156,3250,5463.0
3879,6150,5475.0
7148,4324,5480.0
6181,797,5489.0
2208,2065,5495.0
1251,884,5499.0
5272,1700,5502.0
1404,74,5508.0
311,6156,5513.0
3218,6005,5518.0
7669,3120,5521.0
3661,2503,5525.0
3367,5005,5529.0
5712,4260,5558.0
1869,6061,5564.0
1539,4408,5572.0
3577,305,5573.0
5044,2413,5576.0
4699,4965,5589.0
7398,5816,5595.0
3595,7333,5598.0
5585,5740,5603.0
4439,1665,5607.0
5033,5768,5609.0
2750,3857,5610.0
4069,6398,5622.0
6541,3682,5624.0
4073,3735,5625.0
3846,4627,5628.0
3819,3861,5629.0
5583,5028,5633.0
7123,3203,5635.0
1277,7000,5637.0
6298,3719,5639.0
2914,1492,5640.0
1196,4828,5649.0
5646,3167,5650.0
3421,5443,5661.0
2346,5199,5670.0
7424,2392,5678.0
5503,4148,5679.0
4273,2317,5681.0
1980,3412,5684.0
63,112,5692.0
1882,6907,5697.0
4548,6319,5698.0
5290,5839,5707.0
4754,4326,5714.0
3716,4294,5715.0
4995,1711,5721.0
2004,1176,5722.0
3366,7540,5747.0
322,400,5751.0
3877,3461,5753.0
3824,6936,5755.0
6888,1652,5759.0
2458,1608,5764.0
1087,3187,5766.0
6094,3524,5772.0
471,5024,5776.0
3749,1640,5777.0
3440,4868,5783.0
4686,4841,5786.0
4014,1808,5789.0
2298,1118,5790.0
7111,5815,5794.0
6171,2694,5796.0
7218,944,5801.0
4590,1966,5803.0
5487,6269,5807.0
7039,1773,5811.0
2649,4867,5817.0
6669,1962,5833.0
2329,370,5836.0
3558,4134,5840.0
5408,5387,5842.0
6110,5716,5844.0
2544,5320,5845.0
5268,4805,5847.0
1308,3111,5849.0
1301,1671,5856.0
6046,7251,5859.0
749,4274,5868.0
4725,5739,5872.0
1712,2180,5875.0
4113,6775,5876.0
5429,4673,5885.0
5961,1975,5888.0
3013,5763,5889.0
3201,6738,5890.0
7172,1490,5897.0
6719,3222,5904.0
2648,7438,5909.0
6491,2901,5910.0
456,142,5924.0
1731,5394,5927.0
2122,5470,5931.0
6342,6076,5934.0
4211,6684,5937.0
7211,704,5943.0
4044,3271,5957.0
5484,6514,5958.0
4994,5168,5963.0
2183,3688,5966.0
6066,1515,5969.0
5808,4329,5970.0
7699,2659,5971.0
60,4760,5975.0
1143,407,5978.0
917,1297,6002.0
5208,4285,6007.0
1089,216,6013.0
7365,5178,6024.0
2404,2753,6039.0
4035,2984,6042.0
6538,3834,6044.0
4321,7462,6049.0
5922,4507,6050.0
3022,998,6054.0
5967,3112,6056.0
3663,4306,6057.0
7684,3307,6058.0
6496,5710,6060.0
4053,5490,6065.0
4193,4845,6069.0
5327,1037,6073.0
6455,515,6075.0
1470,3529,6081.0
2531,1096,6107.0
127,6380,6114.0
7164,4091,6117.0
1299,7464,6124.0
2078,0,6127.0
2502,709,6133.0
3,3285,6134.0
940,2178,6137.0
6238,4153,6139.0
1687,5994,6141.0
1211,272,6142.0
5469,3146,6143.0
4574,6950,6147.0
6641,5798,6162.0
2340,3629,6164.0
6847,713,6167.0
6240,102,6174.0
4704,3344,6180.0
1338,7645,6182.0
6694,6015,6183.0
7480,6290,6185.0
7451,408,6188.0
6309,3192,6194.0
7427,6173,6204.0
5173,6867,6206.0
659,3280,6215.0
6108,5993,6216.0
5113,3782,6218.0
3121,94,6220.0
604,221,6221.0
3446,2603,6230.0
122,1947,6232.0
2164,2316,6233.0
3410,2264,6237.0
2613,2569,6241.0
3981,3274,6242.0
3498,7636,6247.0
4742,1058,6250.0
3348,5913,6251.0
4975,2597,6252.0
4897,2074,6254.0
1923,5843,6255.0
4935,5532,6259.0
7135,2754,6264.0
3914,1564,6267.0
3283,7370,6274.0
6244,483,6275.0
3236,6503,6280.0
3377,5410,6286.0
2722,7579,6295.0
1749,7281,6297.0
5017,6104,6300.0
4426,2924,6303.0
6698,4951,6304.0
6663,1677,6308.0
298,5231,6310.0
6014,2,6313.0
6672,5923,6322.0
2627,6515,6325.0
7042,6419,6333.0
7375,3574,6334.0
6529,2629,6338.0
5114,123,6341.0
4907,2837,6344.0
4130,6366,6349.0
2853,5895,6363.0
905,6991,6370.0
5339,3142,6374.0
2893,6744,6378.0
3420,4822,6379.0
5560,3685,6384.0
2854,5451,6389.0
2783,1755,6394.0
5210,2288,6396.0
1699,1327,6413.0
3565,4432,6414.0
5344,6387,6416.0
6754,2431,6425.0
3362,6040,6433.0
4865,5220,6436.0
588,1253,6441.0
6261,2674,6443.0
4944,5982,6445.0
7071,1518,6454.0
4488,1438,6462.0
6768,6821,6463.0
4583,931,6474.0
4878,6068,6478.0
2739,1605,6479.0
4133,4943,6481.0
7124,4373,6485.0
268,5682,6486.0
3665,863,6487.0
1568,7490,6497.0
55,1349,6500.0
3776,6817,6504.0
899,3116,6509.0
5662,1635,6510.0
4159,5914,6512.0
277,5325,6516.0
4990,652,6517.0
6317,260,6531.0
1268,3317,6546.0
2672,1345,6547.0
3370,3224,6556.0
727,5479,6558.0
3789,6155,6559.0
892,5288,6565.0
6021,2296,6569.0
6101,3817,6576.0
2697,5705,6580.0
5915,2752,6582.0
2373,7614,6593.0
4623,2622,6595.0
1197,3993,6597.0
2202,3313,6602.0
3175,6961,6608.0
2460,6382,6610.0
4993,6311,6614.0
2293,6283,6620.0
138,4565,6632.0
1392,4896,6636.0
7422,5324,6639.0
4545,1433,6642.0
1084,2585,6645.0
1805,4335,6646.0
2636,995,6648.0
1688,7362,6652.0
4780,2322,6657.0
7040,513,6661.0
2128,1944,6664.0
6619,7215,6666.0
3559,4716,6674.0
5157,1929,6681.0
6552,7688,6690.0
4303,5403,6693.0
2483,5311,6696.0
4295,2961,6707.0
3185,7165,6708.0
573,7198,6710.0
4852,2241,6728.0
1261,634,6729.0
2749,5248,6730.0
3003,1905,6740.0
1894,1522,6757.0
5128,576,6760.0
6365,3208,6764.0
1516,6702,6766.0
4233,5908,6770.0
986,2915,6771.0
935,1682,6774.0
6868,7275,6776.0
7217,1015,6779.0
6762,1845,6781.0
3967,3537,6783.0
2528,5381,6795.0
5723,6411,6796.0
6611,7453,6797.0
6270,3612,6803.0
1615,5022,6806.0
5748,3063,6808.0
4629,4976,6820.0
4185,2459,6823.0
4290,1551,6844.0
5084,1472,6848.0
7161,5955,6850.0
949,5675,6851.0
5986,3306,6854.0
5506,1920,6869.0
6792,487,6870.0
3966,7486,6873.0
1667,5011,6874.0
6849,3486,6880.0
5013,2761,6893.0
5947,6498,6915.0
5505,1329,6921.0
1870,7408,6922.0
3437,364,6934.0
7673,4061,6940.0
4147,7212,6943.0
7586,7653,6947.0
6886,590,6956.0
6946,5534,6958.0
1768,2770,6960.0
2366,5493,6962.0
5604,1644,6963.0
2134,1188,6982.0
5239,7242,6984.0
6306,4239,6989.0
2685,116,6994.0
3390,1858,7004.0
547,6480,7005.0
7136,4172,7011.0
4048,2068,7017.0
4842,3017,7027.0
6560,1309,7034.0
4166,853,7036.0
3943,5386,7041.0
7264,5150,7048.0
7190,3209,7050.0
5159,1076,7053.0
6715,5438,7060.0
6678,858,7061.0
1681,1093,7069.0
6655,587,7072.0
3104,5445,7073.0
2606,5617,7076.0
3762,6106,7081.0
4490,3088,7087.0
5645,6271,7090.0
4579,3831,7103.0
6508,4082,7108.0
382,4105,7117.0
2360,226,7122.0
2866,3692,7125.0
7121,4831,7126.0
4814,6004,7130.0
5574,4989,7132.0
2711,2376,7137.0
7670,3965,7149.0
6357,2283,7153.0
2009,7221,7154.0
5214,3393,7169.0
4979,7499,7170.0
3329,7764,7174.0
5805,5054,7175.0
4286,6375,7182.0
7031,4355,7185.0
3739,3282,7187.0
4873,140,7191.0
5472,21,7199.0
2016,5249,7201.0
6130,5482,7205.0
2780,5413,7214.0
1160,4968,7216.0
5749,3975,7219.0
4358,7176,7234.0
5243,1283,7246.0
7070,5492,7250.0
4023,5069,7254.0
6129,6071,7263.0
1756,472,7269.0
7277,7173,7273.0
5547,158,7276.0
6948,6567,7278.0
2223,7566,7282.0
2601,2662,7293.0
1852,7340,7294.0
1753,787,7295.0
4536,7570,7298.0
2772,2868,7303.0
3515,2721,7306.0
4632,2517,7309.0
73,5123,7314.0
5504,5674,7318.0
3979,2056,7320.0
6350,1452,7330.0
7310,903,7337.0
6889,4530,7342.0
3473,7151,7373.0
976,290,7376.0
1985,4344,7382.0
2393,6154,7383.0
717,785,7396.0
7674,389,7405.0
3734,3418,7412.0
6842,7033,7421.0
1833,6859,7433.0
1619,3521,7437.0
1388,1995,7439.0
6168,179,7446.0
1462,2495,7447.0
4806,3882,7448.0
4914,7152,7449.0
316,5848,7452.0
3996,1872,7454.0
1423,3910,7458.0
6609,3258,7461.0
963,6131,7467.0
3182,6916,7484.0
239,4555,7491.0
7549,828,7500.0
2320,2339,7501.0
40,3494,7504.0
2175,8,7505.0
3805,6524,7506.0
7459,7700,7508.0
1792,2182,7510.0
7062,5392,7513.0
165,4564,7514.0
3124,5075,7523.0
6292,206,7534.0
2959,4682,7546.0
6418,6191,7555.0
4903,6327,7556.0
851,5781,7559.0
2397,3747,7574.0
2395,7013,7575.0
4538,4974,7582.0
2680,7305,7583.0
4983,1866,7588.0
5361,2817,7593.0
4154,945,7595.0
2070,980,7602.0
719,4559,7603.0
416,852,7605.0
4486,1385,7620.0
372,7186,7631.0
4478,3145,7634.0
2012,6032,7638.0
7311,30,7650.0
4383,546,7652.0
384,6195,7654.0
4660,1161,7662.0
6579,2871,7664.0
2535,6976,7666.0
2222,2008,7668.0
1355,2151,7671.0
420,3894,7676.0
1324,4723,7683.0
4169,2670,7697.0
6959,5428,7702.0
6140,4544,7703.0
3441,1628,7706.0
1618,5632,7709.0
1616,2633,7718.0
5615,3671,7720.0
3829,5942,7722.0
4003,5627,7724.0
5136,7580,7727.0
5453,6626,7729.0
1325,4398,7730.0
870,1951,7733.0
6138,2847,7738.0
3202,3475,7742.0
3826,6683,7743.0
7591,3773,7750.0
6178,5939,7756.0
3122,1306,7758.0
7428,2219,
3396,2249,
7334,4825,
6785,688,
7240,5590,
5568,7192,
7543,4146,
6767,3278,
7104,5549,
98,2782,
1236,2292,
6364,5131,
3442,2969,
5416,5825,
3287,6490,
5107,2441,
4649,1213,
2406,4746,
1419,1444,
4580,1984,
2391,6451,
4094,6957,
1630,1436,
6570,3311,
4174,3186,
6577,1281,
3467,5000,
1006,5881,
4125,3023,
6527,2557,
6618,2773,
101,340,
5611,2037,
1311,7417,
3191,1078,
3103,3774,
2422,582,
5886,2040,
7615,4719,
7686,3204,
3229,2939,
7018,3227,
2568,4717,
7604,2904,
875,3727,
4007,6105,
4417,2796,
6539,4315,
7146,2510,
1754,2946,
4708,4893,
5601,4918,
1660,2862,
2655,6964,
5631,5009,
6613,2214,
5335,2840,
1930,1751,
6521,2537,
3954,1288,
4443,1702,
6590,4972,
4269,5257,
5409,3863,
3928,5218,
3556,7369,
1066,5569,
3207,5546,
4663,809,
3828,2676,
7681,1822,
2586,4350,
7628,4128,
330,4803,
7255,6856,
1004,5167,
4266,250,
2243,1394,
3659,6970,
666,194,
4288,861,
6434,3722,
7180,4791,
7381,6902,
4608,523,
6399,135,
7160,59,
4086,1230,
5139,4009,
5614,5267,
5282,2919,
458,3489,
7280,5930,
1293,5566,
3770,1019,
2059,4998,
7550,2797,
6348,3566,
3844,5657,
4459,5064,
1469,2547,
3141,7678,
7711,2343,
6885,7677,
4850,6544,
2067,5197,
973,5936,
4120,1937,
234,1581,
4171,2803,
5871,6688,
1525,3353,
5575,6020,
6461,1718,
7649,225,
4121,4176,
3822,1083,
6665,678,
5520,7569,
3820,3458,
2450,3096,
2809,6537,
2114,4875,
2794,2375,
5870,2030,
7701,6858,
4496,1611,
4317,4913,
4284,2289,
4508,4575,
6927,6845,
1701,6000,
7223,7047,
5273,2607,
4216,4278,
7693,5035,
3469,95,
6043,2372,
4038,4728,
2723,1488,
6493,661,
436,3320,
2258,1697,
7502,2281,
2482,5912,
1467,269,
4938,2572,
5299,5494,
7435,3697,
5883,3136,
42,5552,
4678,3454,
4394,3876,
871,4242,
6166,148,
1663,6532,
5989,2592,
5742,2742,
4227,3927,
5962,6605,
2328,7380,
3371,1061,
7637,1904,
2505,1961,
4319,185,
3340,5330,
6235,6723,
7006,2822,
4992,7227,
5699,2975,
6400,3898,
4788,2081,
3530,2934,
2777,3860,
5397,2977,
644,3825,
6866,6748,
4729,2097,
3704,2326,
4214,5700,
1740,3900,
412,7120,
4467,7592,
12,823,
1779,2836,
4578,7364,
6594,1535,
5579,1088,
7239,6079,
6931,6990,
2136,3376,
7401,438,
5235,5865,
1276,7544,
735,1135,
5102,5001,
5746,3045,
5501,2943,
2318,518,
1817,93,
5073,2831,
6919,744,
4427,349,
778,3401,
7407,6095,
7410,6914,
5757,4694,
4380,4444,
1189,2663,
5474,4789,
1186,1938,
6492,5196,
4688,522,
2124,1337,
246,265,
2950,3757,
2247,4413,
3511,7345,
1943,3095,
5837,6732,
3575,2113,
3971,4902,
6034,5577,
7551,6758,
462,5823,
2172,241,
4922,6288,
4409,2261,
2727,757,
5638,2679,
7301,5312,
2858,5612,
2758,6151,
7763,5144,
4392,2436,
5010,1823,
4447,821,
4714,966,
3087,4141,
282,392,
6548,4846,
3160,7367,
6700,7663,
2730,4256,
7573,3902,
1523,4057,
4360,1820,
3314,3002,
5206,4212,
6978,336,
6513,5326,
1766,2112,
6828,7392,
3547,7403,
1381,7717,
7377,5304,
497,6627,
4196,2704,
988,4101,
3690,5673,
3128,4684,
2119,357,
7746,5086,
5147,5006,
5108,7256,
4700,1295,
4821,5664,
6128,396,
4933,7696,
2637,3378,
7238,5861,
4312,2621,
1783,2094,
143,3626,
4517,5285,
5204,7726,
3636,3056,
182,5618,
406,5591,
7140,5741,
707,2611,
6790,6733,
2574,1752,
997,3177,
3974,2978,
7735,5212,
2896,2560,
2303,6028,
7289,2394,
1227,6161,
259,5944,
3292,2086,
2491,2024,
3037,626,
6358,2213,
7760,7200,
2653,113,
6464,6084,
3908,1764,
581,5512,
68,6456,
5522,3503,
5858,1312,
1917,3426,
5483,3040,
2147,4070,
4680,7386,
2388,3308,
1060,4077,
672,3248,
1432,4675,
646,450,
7083,3176,
629,490,
6617,854,
967,3746,
5047,3849,
5540,968,
1411,1574,
3463,5245,
2952,7012,
1508,248,
4921,5164,
5948,1223,
5375,5972,
2299,7521,
6836,18,
1633,6148,
690,1045,
768,5873,
4372,6222,
3720,6122,
5294,3603,
1434,7450,
4537,3298,
5191,2338,
3917,699,
5995,5343,
689,2365,
1203,3698,
6818,4158,
409,6735,
31,6111,
2634,2976,
2092,4598,
97,388,
7257,7672,
4421,4956,
4782,5087,
4116,6217,
563,5797,
7007,1139,
1111,3007,
2166,3723,
3769,1256,
2387,2106,
6273,3760,
3085,4781,
2224,4576,
154,125,
2979,1499,
5048,3009,
196,1578,
4160,4463,
2421,3416,
5659,1538,
5388,1481,
5901,7497,
7577,7522,
4092,7157,
3947,5780,
6502,3113,
2185,7110,
512,4817,
2763,5083,
1090,11,
7105,1891,
6495,6852,
819,4245,
6323,3354,
606,4208,
565,2348,
4961,5800,
2732,7063,
7441,6640,
7183,4034,
1482,3270,
6896,7524,
6711,6335,
23,2194,
1052,334,
1244,5920,
2556,244,
5509,4925,
908,1219,
5390,1547,
1200,7092,
2591,939,
4948,5719,
7197,4836,
7651,504,
5696,7351,
3754,2311,
3404,6207,
7419,4859,
1599,7660,
2563,3775,
732,2826,
5533,4898,
1979,4020,
3702,6446,
3526,7655,
2989,4129,
7285,7473,
623,5106,
5510,2295,
6368,7682,
3970,2267,
1352,4249,
3579,2475,
7233,7268,
4301,6583,
2403,6112,
3709,4008,
2769,6824,
5953,4880,
3448,3478,
4468,3497,
5689,5706,
6925,2474,
2171,1896,
1588,881,
2400,5597,
1907,4232,
3752,6258,
6085,556,
6750,7384,
1601,1832,
6939,7029,
3244,1793,
6789,5854,
159,7708,
3261,4690,
5553,552,
7759,7395,
3919,7535,
4532,422,
5085,4796,
4338,4849,
7134,4959,
6208,3199,
6420,7245,
6383,6078,
80,643,
5238,5027,
3872,2538,
5594,3126,
2981,1799,
4049,1242,
615,632,
928,5467,
1147,7751,
258,4451,
681,876,
4967,6296,
694,2443,
3758,240,
395,1960,
6035,1130,
1376,5179,
2425,5383,
5813,1519,
1248,2519,
3312,7224,
2102,3651,
3379,2616,
6932,2955,
1271,5056,
3403,2148,
6987,3738,
2867,7609,
5527,5411,
4477,6689,
4855,1967,
7548,1892,
5933,6980,
6677,2157,
2088,2895,
685,3924,
7097,4866,
3874,1495,
2300,2447,
1788,3858,
5855,1363,
293,7204,
4309,5880,
5151,3840,
4476,656,
6834,6001,
4041,3119,
1648,4946,
4334,219,
1953,964,
288,5785,
4178,1957,
5688,5693,
4679,6721,
7054,4259,
220,4019,
1940,919,
2350,7324,
846,4669,
4832,1138,
6397,7196,
2486,7705,
6373,3241,
2285,5468,
2072,6412,
3689,3969,
5452,2145,
6318,519,
3435,2746,
3245,7734,
3375,2087,
1289,6067,
7488,669,
1738,5350,
5306,5578,
2280,842,
7572,71,
3286,2118,
1162,6210,
4884,818,
5596,6169,
4962,6328,
3832,1008,
5004,6170,
6810,594,
2566,3755,
7641,7023,
2571,910,
3323,5891,
1387,7086,
7389,3845,
1225,4985,
4031,2212,
2550,233,
5648,3228,
7236,962,
6385,1284,
543,7715,
117,5600,
5250,3675,
2085,7527,
1925,6362,
203,2815,
5201,3254,
2007,2197,
454,1643,
1552,5613,
3300,1396,
1458,4727,
4253,1505,
4304,4336,
7056,812,
598,5695,
2497,2062,
481,5336,
13,5286,
119,3484,
4384,2415,
3072,636,
6938,2312,
630,796,
5120,3255,
3670,7529,
2414,2818,
4484,777,
6799,1536,
7755,2165,
4509,5170,
800,1425,
1174,5002,
2195,3200,
163,6791,
3225,5224,
2254,772,
2347,7329,
7608,126,
5488,5511,
856,6037,
811,2168,
4379,7363,
5464,1814,
3836,6887,
1166,7226,
3137,5175,
6637,885,
7571,3614,
1474,5750,
2856,4585,
7560,6320,
5256,1593,
1155,6952,
3753,7032,
929,1239,
1483,75,
3973,6172,
1908,7288,
1017,7562,
3359,3288,
2509,6860,
7483,6736,
4826,5402,
4434,5023,
2167,2687,
26,6954,
6846,4320,
1071,2958,
3936,3053,
4229,2525,
6386,887,
6354,4098,
1572,927,
6082,4418,
4823,4949,
731,1683,
5736,5519,
804,4511,
7387,1653,
3266,4424,
2276,7542,
3622,99,
5078,7425,
1533,5447,
461,3352,
402,516,
6471,3686,
4353,7089,
4794,4889,
6152,6929,
1775,2177,
2304,7694,
7019,2830,
6468,3563,
7568,5711,
1726,6229,
1954,7507,
1556,1171,
4119,5514,
4510,367,
7623,38,
103,7228,
6302,1298,
2284,4513,
337,5125,
6714,4872,
6981,954,
3302,3239,
1353,2132,
1976,5254,
2230,6103,
572,6279,
874,445,
297,341,
5762,6588,
1201,7321,
2091,4647,
802,5793,
942,725,
6187,4021,
835,1460,
2006,3740,
930,5641,
6376,3655,
5369,847,
7728,4063,
5094,1932,
6332,3508,
621,2872,
431,1931,
4549,479,
580,684,
743,7347,
1861,6226,
6518,5784,
5787,6591,
2383,6782,
4170,7613,
4534,167,
827,5219,
5893,7202,
5093,7541,
175,4799,
1856,815,
4741,7085,
2448,1377,
6624,6219,
65,2272,
1414,4430,
7714,4479,
7094,3054,
7659,3449,
4435,1587,
6704,6165,
2069,7144,
3211,6326,
2970,4540,
2199,4103,
3945,6489,
7691,1358,
7213,1871,
1318,6064,
7745,7390,
728,5997,
1027,1310,
6829,6403,
2433,1926,
2618,1350,
697,7533,
37,4570,
3252,6525,
2163,2925,
281,1843,
1842,1972,
3618,6453,
2149,3759,
2137,1617,
149,5663,
4906,6239,
4457,1112,
5143,7585,
2703,5323,
7307,4404,
4433,4155,
1531,4207,
2553,7692,
5653,5726,
1172,5965,
5644,1981,
4218,6262,
7567,2747,
1274,4175,
1429,2099,
5088,5985,
2949,1125,
3385,385,
4220,200,
1290,329,
635,3310,
4352,1602,
5130,4247,
6209,3862,
2026,2315,
173,5621,
6330,86,
5357,2600,
7093,5101,
7754,2485,
948,4773,
2234,3336,
6121,1956,
5373,3432,
5284,6352,
3163,137,
495,4369,
1023,338,
4584,6465,
4942,6853,
6088,4734,
6630,236,
470,6459,
4785,5745,
6830,3157,
223,4429,
4599,6765,
2058,6123,
447,6586,
4770,5374,
3693,7633,
6606,4474,
5228,2998,
374,5174,
5819,5984,
7489,4876,
3591,1119,
2717,5274,
4230,6426,
6145,6278,
4769,921,
4926,5053,
2508,1129,
5765,5634,
2003,1354,
1226,6272,
7400,3998,
5690,5186,
4464,3712,
2084,224,
4771,7260,
5544,2332,
1573,2778,
601,6444,
5454,2941,
5976,3897,
427,1945,
6788,4672,
1542,1769,
1737,7203,
770,6469,
4431,1873,
134,2221,
52,1828,
5852,3978,
3026,3736,
3405,4096,
549,6356,
7352,5968,
183,2839,
3156,82,
1007,5951,
6253,4223,
2516,4705,
5229,7035,
7731,5851,
1016,2870,
294,2323,
6607,5269,
6746,1252,
1238,5309,
4241,4060,
1247,7355,
4681,1313,
4225,4624,
560,6236,
3451,3941,
7077,6329,
4551,2192,
5554,1881,
3619,3873,
567,5217,
5200,482,
7576,3859,
6835,4656,
4255,6457,
3700,3021,
2605,4588,
5258,3223,
4217,2911,
3309,4851,
5129,7112,
1079,6643,
5802,2682,
4762,5036,
1586,4325,
4558,4138,
4264,5018,
499,5658,
708,6011,
2374,593,
493,7067,
7707,2852,
3701,6739,
1570,6742,
6506,7611,
2520,3290,
5528,3101,
6890,1028,
1890,7516,
7096,1241,
2759,1577,
3958,4526,
2430,320,
4106,3075,
261,361,
7348,5735,
6631,1371,
2991,2071,
7188,7354,
753,5946,
1733,5974,
1848,872,
7744,1389,
3098,4314,
751,1430,
7690,1638,
323,1175,
6831,2890,
2632,3620,
2567,3788,
1994,191,
28,1810,
6832,302,
2428,5262,
3251,4689,
6679,3328,
6660,680,
880,7420,
256,5301,
909,6087,
54,6052,
6584,5295,
2279,1968,
1747,5226,
1453,3717,
4615,4481,
6941,3195,
6053,1068,
1958,5708,
5152,3516,
7503,667,
2725,3952,
3081,5476,
1741,4662,
5551,2042,
786,6135,
6157,5599,
2789,7350,
3008,2143,
4939,6115,
2417,1651,
1182,1454,
1065,3294,
7052,7656,
841,6623,
7,7142,
1170,5588,
421,7308,
4354,657,
295,3696,
981,6628,
7695,2336,
1131,714,
5730,647,
1043,3725,
4251,662,
313,5853,
956,4501,
146,564,
492,2728,
230,1013,
6635,5822,
3992,7404,
3852,906,
7415,6149,
605,558,
3106,410,
865,5444,
64,2598,
955,5372,
4732,503,
324,3038,
6432,3020,
1168,7429,
17,1050,
3138,934,
3654,6125,
7266,4181,
834,6136,
10,275,
2962,333,
4423,7402,
1030,6843,
4731,677,
5687,5804,
693,4448,
886,6969,
4084,3069,
366,4283,
46,3905,
1080,4677,
7536,1784,
2646,3930,
489,6540,
4625,6407,
5536,814,
7414,2095,
722,2150,
4389,602,
443,5391,
4192,2755,
326,1382,
674,1807,
716,6006,
1113,5367,
5720,5810,
7635,6268,
109,6543,
56,3880,
4833,6752,
339,480,
1838,2327,
1678,1094,
2851,3523,
996,6100,
1064,6745,
29,245,
3653,3525,
67,3605,
58,4112,
1709,6600,
3851,3493,
510,4437,
2000,1902,
1993,1642,
5092,5057,
987,2187,
5656,3411,
2909,4081,
1839,4506,
2246,3130,
3243,3482,
2631,6913,
4735,7300,
1185,5074,
671,4617,
720,555,
687,1097,
6904,3019,
1063,6986,
2416,257,
4834,2055,
2594,3961,
110,453,
5539,2353,
1072,3683,
2776,89,
85,435,
209,4646,
792,188,
1141,1231,
5202,642,
5190,6718,
595,3609,
5118,6647,
405,6276,
5561,2686,
3839,3154,
2788,2271,
4809,6891,
4818,1713,
4856,7642,
5731,4277,
1844,7418,
7388,4923,
3205,5999,
610,6872,
5215,3718,
4808,3010,
6421,32,
933,4775,
207,6716,
2239,5829,
6331,5898,
3265,2002,
741,2599,
848,5531,
7436,618,
1675,7391,
1062,4539,
4018,6807,
88,5996,
673,3732,
5732,918,
7538,5857,
665,773,
739,5738,
758,1771,
566,4000,
4388,3695,
1217,5869,
5314,3997,
3576,7457,
530,782,
5091,6680,
1042,1333,
2814,6225,
507,3955,
5733,6709,
763,7243,
4751,3084,
5307,1328,
314,6231,
1963,1563,
7265,2357,
3459,6822,
231,3799,
4730,4052,
1124,7657,
5332,3557,
1272,4963,
5734,2038,
726,5841,
7344,5041,
1081,5457,
5729,2390,
464,1398,
365,6360,
2548,1562,
6353,5703,
633,3162,
1163,6629,
6175,4665,
3060,6340,
979,6438,
327,2438,
91,4004,
761,5667,
3811,4491,
317,1351,
5,6336,
1164,2562,
5761,4110,
7138,1228,
6435,1646,
1036,4787,
5744,7626,
3363,1857,
5448,3132,
199,2602,
411,4657,
5728,4237,
328,2456,
670,7725,
6176,7001,
4390,3713,
1122,7368,
1031,857,
4619,4733,
171,7020,
362,1291,
5308,7587,
756,7423,
215,592,
7537,5916,
733,5900,
133,222,
3662,1294,
465,160,
676,2235,
7128,2709,
488,3513,
540,4137,
531,6998,
1566,6703,
3514,3246,
3594,4228,
291,2349,
1035,5421,
1144,2025,
4671,2986,
1101,3639,
5298,1565,
5439,1835,
628,92,
342,1075,
7761,6675,
289,1540,
6656,7341,
5516,1959,
2804,2526,
1710,2191,
850,485,
3552,1878,
1154,6999,
6392,1772,
869,5555,
398,3830,
1102,6676,
27,1370,
765,5918,
5437,1851,
4621,5441,
2169,6427,
5446,3843,
145,5194,
1567,1623,
3624,7456,
25,7147,
894,3633,
7237,5685,
6805,1365,
6968,6012,
1199,3506,
542,2609,
747,5225,
4802,2154,
2170,6761,
189,243,
3623,6649,
849,2684,
541,1717,
34,5584,
325,6778,
893,1074,
87,2256,
467,7247,
5331,7515,
1040,2455,
24,3470,
890,6109,
20,5769,
7762,5694,
3838,5919,
1631,3409,
532,1860,
469,7343,
5559,4973,
4641,7445,
569,3613,
4638,5362,
1105,4703,
794,640,
5642,2660,
4636,5192,
6227,4461,
533,4628,
4640,7129,
780,6857,
1179,7166,
1069,914,
2702,5917,
466,1727,
452,262,
1177,723,
1150,5046,
2775,1126,
1178,6827,
205,6985,
1180,7539,
537,6494,
184,2104,
833,1513,
468,6179,
779,2420,
201,1825,
4674,1181,
538,2469,
1103,7184,
444,3389,
638,6343,
539,5189,
4639,2861,
4637,6743,
4635,5236,
5070,5523,
535,562,
7316,4622,
229,7619,
536,5896,
9,6923,
1191,5181,
4634,5580,
534,1895,
951,3703,
952,1120,
299,5395,
589,4337,
76,6910,
7158,5104,
878,3884,
559,1748,
120,2498,
793,232,
1067,5385,
1795,683,
7162,7379,
4374,2052,
6549,2265,
1222,4403,
801,3324,
2018,3123,
1427,7444,
2109,7106,
7740,7512,
3464,1598,
3237,5090,
4164,5587,
5425,4305,
2589,6055,
6422,1374,
6036,1847,
1117,2159,
6574,5095,
5605,5979,
4648,2257,
1002,3606,
3711,3152,
6662,3835,
3196,4045,
855,4366,
2111,3795,
6712,7091,
2522,5619,
2810,6473,
49,6361,
1680,7616,
5265,6557,
6814,5686,
5049,938,
1305,3616,
7732,7037,
2816,7511,
7118,309,
2791,5727,
7194,736,
5059,7518,
7155,5278,
2512,3423,
2027,4279,
7455,2650,
7432,5567,
2533,5384,
7163,4226,
5422,5115,
3990,7749,
3259,4139,
36,6196,
2874,3560,
7765,5213,
5148,1969,
6833,7057,
2023,1445,
7426,1686,
3684,4824,
3501,3909,
1208,7230,
5683,7632,
1777,5548,
7075,1974,
3911,6701,
4592,4563,
3240,6063,
210,3080,
7150,2039,
5541,2100,
2768,5230,
4667,4793,
6450,1706,
7113,4881,
3995,868,
2669,622,
3062,5902,
3172,3330,
959,6026,
501,839,
7624,2146,
1314,4661,
4766,4449,
5535,932,
3895,783,
1998,4606,
6816,7492,
2319,3871,
442,5353,
1167,439,
6193,6699,
7346,5818,
1589,3994,
1965,637,
3030,3168,
971,514,
6953,2827,
7116,48,
5404,3050,
2047,2696,
4556,1639,
1730,922,
7601,6884,
6573,193,
1503,2117,
4503,3381,
2813,4904,
7357,1493,
5964,5246,
6861,2210,
379,5380,
3963,6337,
6190,3299,
3890,2179,
4183,2834,
1224,2931,
1575,1092,
33,1504,
3284,6092,
7038,3042,
2251,7431,
3148,3343,
2215,6944,
6277,4882,
2244,267,
7010,7292,
4571,6099,
6159,943,
1863,3068,
3339,3335,
5809,2103,
3798,1991,
5620,7713,
208,705,
2048,7222,
3780,1914,
4589,4981,
1348,2760,
2060,7078,
2640,7109,
3678,7687,
2263,1263,
5950,1151,
2695,5321,
3173,1827,
6840,1990,
16,4254,
3434,2876,
6041,6811,
5903,4405,
5271,5466,
7475,6118,
1760,5701,
5110,354,
2698,6417,
4736,5119,
6102,5654,
1724,3707,
5906,4581,
3337,1110,
5432,4774,
2880,2233,
2889,2331,
4469,430,
4072,7748,
7325,6553,
5223,4162,
6316,627,
6096,3554,
2530,2089,
7675,1342,
7267,1475,
7648,4864,
3295,7478,
3645,3006,
6369,3848,
1202,1014,
1489,331,
5767,6406,
5317,1543,
6312,1571,
5491,1142,
696,2457,
3792,4446,
7460,583,
2765,3277,
1279,2135,
178,1218,
5146,829,
3230,2449,
5442,4618,
5193,7661,
3681,1977,
3528,1714,
5198,4033,
2798,4466,
557,1672,
3765,3260,
3938,312,
2160,5412,
7291,7482,
6651,2947,
7319,4498,
651,2932,
4871,3956,
5827,494,
5626,2963,
2786,2710,
5821,1021,
5630,1725,
1106,39,
403,950,
7710,5779,
1435,4597,
2426,2912,
1383,7612,
5826,5497,
4685,3129,
4586,4601,
1287,5702,
4097,830,
5351,7471,
78,2121,
5718,3468,
2465,7476,
5132,2173,
2956,2584,
3875,3293,
947,1194,
81,1038,
7002,4406,
3509,882,
1285,4368,
2232,6293,
5866,100,
2793,4595,
5458,6160,
2110,4613,
620,1322,
2540,3925,
2824,6116,
1591,3194,
3067,5680,
4552,3447,
2642,1428,
1114,7644,
1368,7299,
7119,4819,
3643,6883,
3472,7598,
7584,3886,
1736,5660,
4117,5348,
5799,5039,
4820,4262,
734,6536,
822,2579,
1361,6530,
7141,144,
6561,2542,
3934,5478,
2987,7545,
1010,5172,
4812,1273,
6780,5177,
4206,5459,
525,3823,
1912,6359,
1704,5117,
3099,6003,
1364,2489,
6429,745,
5771,2324,
1853,795,
1600,1669,
526,1085,
6993,4950,
1479,2720,
4143,3436,
6899,4131,
3491,923,
2829,3164,
6287,7358,
2294,2096,
4683,3166,
965,1332,
