GAS,TEMP,LOW,HIGH,INPUT,SAMPLING,MODEL,FRACTION,R2_MEAN,R2_STD,MAE_MEAN,MAE_STD
Ar,313,0.01,5,struct+input,qt_then_rd_,cat,RATIO0.35,0.969501165089726,0.0,0.0493192630036799,0.0
Ar,313,0.01,15,struct+input,qt_then_rd_,cat,RATIO0.1,0.9467069953269102,0.0,0.1622583308840182,0.0
Ar,313,0.01,15,struct+input,qt_then_rd_,cat,RATIO0.2,0.959378946391794,0.0,0.1403351907076523,0.0
Ar,313,0.01,15,struct+input,qt_then_rd_,cat,RATIO0.45,0.9576654395965892,0.0,0.1320601623615202,0.0
Ar,313,0.01,1,struct+input,qt_then_rd_,cat,RATIO0.25,0.9738951190854136,0.0,0.0110248544009341,0.0
Ar,313,0.01,5,struct+input,qt_then_rd_,cat,RATIO0.05,0.9439852836453712,0.0,0.075074152537894,0.0
Ar,313,0.01,15,struct+input,qt_then_rd_,cat,RATIO0.05,0.9329657157891278,0.0,0.1868951297891443,0.0
Ar,313,0.01,15,struct+input,qt_then_rd_,cat,RATIO0.4,0.963401666529602,0.0,0.1357089760164668,0.0
Ar,313,0.01,15,struct+input,qt_then_rd_,cat,RATIO0.35,0.9648191272861604,0.0,0.1354296175009421,0.0
Ar,313,0.01,5,struct+input,qt_then_rd_,cat,RATIO0.8,0.9763393683425866,0.0,0.0428018121275156,0.0
Ar,313,0.01,5,struct+input,qt_then_rd_,cat,RATIO0.15,0.9652345412857783,0.0,0.056253164992694,0.0
Ar,313,0.01,15,struct+input,qt_then_rd_,cat,RATIO0.55,0.970033539723012,0.0,0.1257888506136141,0.0
Ar,313,0.01,5,struct+input,qt_then_rd_,cat,RATIO0.1,0.9533538686615444,0.0,0.0621724529343352,0.0
Ar,313,0.01,5,struct+input,qt_then_rd_,cat,RATIO0.25,0.965860630043666,0.0,0.053276521953577,0.0
Ar,313,0.01,5,struct+input,qt_then_rd_,cat,RATIO0.65,0.9757432389453824,0.0,0.0447590679702019,0.0
Ar,313,0.01,1,struct+input,qt_then_rd_,cat,RATIO0.7,0.9903990144820674,0.0,0.0076821588530701,0.0
Ar,313,0.01,1,struct+input,qt_then_rd_,cat,RATIO0.6,0.990782190613104,0.0,0.0077834387456769,0.0
Ar,313,0.01,5,struct+input,qt_then_rd_,cat,RATIO0.5,0.974922642941,0.0,0.0457615918531709,0.0
Ar,313,0.01,1,struct+input,qt_then_rd_,cat,RATIO0.3,0.986329963877316,0.0,0.0099532877076095,0.0
Ar,313,0.01,1,struct+input,qt_then_rd_,cat,RATIO0.75,0.9882680063088896,0.0,0.0077724992961087,0.0
Ar,313,0.01,15,struct+input,qt_then_rd_,cat,RATIO0.65,0.9673711736250018,0.0,0.1279407820310975,0.0
Ar,313,0.01,1,struct+input,qt_then_rd_,cat,RATIO0.2,0.9703299321567632,0.0,0.0116274924423208,0.0
Ar,313,0.01,5,struct+input,qt_then_rd_,cat,RATIO0.7,0.9788563972698356,0.0,0.0423117050223888,0.0
Ar,313,0.01,5,struct+input,qt_then_rd_,cat,RATIO0.75,0.9706010609013056,0.0,0.0437347710378552,0.0
Ar,313,0.01,5,struct+input,qt_then_rd_,cat,RATIO0.4,0.9659322465049136,0.0,0.0495765147849818,0.0
Ar,313,0.01,15,struct+input,qt_then_rd_,cat,RATIO0.75,0.952515019972758,0.0,0.127583810336682,0.0
Ar,313,0.01,5,struct+input,qt_then_rd_,cat,RATIO0.55,0.979285945831744,0.0,0.0444527781672589,0.0
Ar,313,0.01,15,struct+input,qt_then_rd_,cat,RATIO0.6,0.9677417006443196,0.0,0.1263610276722898,0.0
Ar,313,0.01,15,struct+input,qt_then_rd_,cat,RATIO0.3,0.9610352248286848,0.0,0.1360242827654131,0.0
Ar,313,0.01,1,struct+input,qt_then_rd_,cat,RATIO0.1,0.9389558386187922,0.0,0.0144810667584204,0.0
Ar,313,0.01,5,struct+input,qt_then_rd_,cat,RATIO0.6,0.9768959655770496,0.0,0.0431623565098144,0.0
Ar,313,0.01,5,struct+input,qt_then_rd_,cat,RATIO0.2,0.9655310083672728,0.0,0.0540271779481575,0.0
Ar,313,0.01,15,struct+input,qt_then_rd_,cat,RATIO0.15,0.9544928507759372,0.0,0.1505511917638548,0.0
Ar,313,0.01,1,struct+input,qt_then_rd_,cat,RATIO0.55,0.9915027060436744,0.0,0.0077606381708383,0.0
Ar,313,0.01,1,struct+input,qt_then_rd_,cat,RATIO0.15,0.9749620493764436,0.0,0.012202637274254,0.0
Ar,313,0.01,1,struct+input,qt_then_rd_,cat,RATIO0.8,0.990383365566405,0.0,0.0075362222303701,0.0
Ar,313,0.01,5,struct+input,qt_then_rd_,cat,RATIO0.45,0.9709241043428328,0.0,0.0478119045312852,0.0
Ar,313,0.01,1,struct+input,qt_then_rd_,cat,RATIO0.4,0.9643860164708566,0.0,0.0093103146920349,0.0
Ar,313,0.01,1,struct+input,qt_then_rd_,cat,RATIO0.05,0.9221610676627516,0.0,0.0199170997652184,0.0
Ar,313,0.01,1,struct+input,qt_then_rd_,cat,RATIO0.45,0.9884184831838748,0.0,0.0084116712483823,0.0
Ar,313,0.01,15,struct+input,qt_then_rd_,cat,RATIO0.5,0.9658353560427548,0.0,0.1306378684255054,0.0
Ar,313,0.01,15,struct+input,qt_then_rd_,cat,RATIO0.25,0.9538195735330433,0.0,0.1451438503352612,0.0
Ar,313,0.01,15,struct+input,qt_then_rd_,cat,RATIO0.8,0.9678375713629108,0.0,0.1228619991756974,0.0
Ar,313,0.01,5,struct+input,qt_then_rd_,cat,RATIO0.3,0.9723901043991456,0.0,0.0502243965731889,0.0
Ar,313,0.01,15,struct+input,qt_then_rd_,cat,RATIO0.7,0.9699319586006788,0.0,0.1250150605218364,0.0
Ar,313,0.01,1,struct+input,qt_then_rd_,cat,RATIO0.5,0.9884079469376162,0.0,0.0081702591305401,0.0
Ar,313,0.01,1,struct+input,qt_then_rd_,cat,RATIO0.35,0.9685675807856854,0.0,0.0094552202771385,0.0
Ar,313,0.01,1,struct+input,qt_then_rd_,cat,RATIO0.65,0.9906424899483997,0.0,0.0075887660462669,0.0
