Unnamed: 0,gas,temperature,low_pressure,high_pressure,struct_info,sampling,model,R2_mean,R2_std,MAE_mean,MAE_std,RMSE_mean,RMSE_std,MAPE_percent_mean,MAPE_percent_std
1,Ar,273,0.01,15,struct+input,qt_then_rd,gbm,0.85647173,0.103076617,0.28971605,0.005895738,0.454340751,0.354541652,7.367535066,0.210504295
4,Ar,273,0.01,15,struct+input,random_struct,gbm,0.901457,0.075646195,0.297565342,0.010201901,0.345240579,0.29384194,7.938503574,0.182164014
7,Ar,273,0.01,15,struct,random_struct,gbm,0.686296955,0.059769833,0.662577181,0.025456146,1.074279877,0.282526657,21.1994492,1.013756963
10,Ar,273,0.01,1,struct+input,qt_then_rd,gbm,0.981331907,0.003010158,0.019571744,0.000833907,0.001350492,0.000221665,3.351345478,0.105110897
13,Ar,273,0.01,1,struct+input,random_struct,gbm,0.951853761,0.017205742,0.031251687,0.003117491,0.011898076,0.005651632,4.002876519,0.073259638
16,Ar,273,0.01,1,struct,random_struct,gbm,0.306523927,0.029923362,0.226446381,0.0090229,0.164815433,0.027908796,56.41932108,4.293056112
19,Ar,273,0.01,5,struct+input,qt_then_rd,gbm,0.908924869,0.043269487,0.126592849,0.002192109,0.064678807,0.032840793,6.221880983,0.044418852
22,Ar,273,0.01,5,struct+input,random_struct,gbm,0.913754539,0.024938895,0.147630222,0.004829751,0.090987732,0.026523895,7.237037375,0.246709102
25,Ar,273,0.01,5,struct,random_struct,gbm,0.448448693,0.026797826,0.499330505,0.020337652,0.583998784,0.063968941,34.00751122,2.046447163
28,Ar,273,0.05,15,struct+input,qt_then_rd,gbm,0.89165038,0.079621075,0.284061132,0.008570298,0.32744971,0.287457198,7.324373544,0.270044309
31,Ar,273,0.05,15,struct+input,random_struct,gbm,0.902000696,0.074063125,0.292532779,0.008337159,0.342989637,0.287863316,7.766811944,0.256491586
34,Ar,273,0.05,15,struct,random_struct,gbm,0.686296955,0.059769833,0.662577181,0.025456146,1.074279877,0.282526657,21.1994492,1.013756963
37,Ar,273,0.05,1,struct+input,qt_then_rd,gbm,0.982754819,0.002127529,0.017339481,0.000820109,0.001225576,0.000202034,2.839398534,0.051649188
40,Ar,273,0.05,1,struct+input,random_struct,gbm,0.968556807,0.009673051,0.02725381,0.002623537,0.007676115,0.003122065,3.486839559,0.106436207
43,Ar,273,0.05,1,struct,random_struct,gbm,0.306523927,0.029923362,0.226446381,0.0090229,0.164815433,0.027908796,56.41932108,4.293056112
46,Ar,273,0.05,5,struct+input,qt_then_rd,gbm,0.918626705,0.032532766,0.123228153,0.006062843,0.055183037,0.027043612,6.053040103,0.231276965
49,Ar,273,0.05,5,struct+input,random_struct,gbm,0.916406907,0.026881779,0.142261509,0.004887319,0.087966457,0.027966932,6.925322535,0.196923447
52,Ar,273,0.05,5,struct,random_struct,gbm,0.448448693,0.026797826,0.499330505,0.020337652,0.583998784,0.063968941,34.00751122,2.046447163
55,Ar,273,0.1,15,struct+input,qt_then_rd,gbm,0.897252847,0.082996222,0.28114025,0.00693404,0.310296511,0.29977163,7.336636854,0.174308817
58,Ar,273,0.1,15,struct+input,random_struct,gbm,0.903515612,0.074696828,0.290312327,0.007890682,0.338212527,0.290043759,7.696810292,0.222202558
61,Ar,273,0.1,15,struct,random_struct,gbm,0.686296955,0.059769833,0.662577181,0.025456146,1.074279877,0.282526657,21.1994492,1.013756963
64,Ar,273,0.1,1,struct+input,qt_then_rd,gbm,0.984055167,0.001530609,0.016330028,0.000337235,0.001137602,0.000160719,2.693934156,0.035178758
67,Ar,273,0.1,1,struct+input,random_struct,gbm,0.972237803,0.010358823,0.025583317,0.002686644,0.006885636,0.003568195,3.258298206,0.084340823
70,Ar,273,0.1,1,struct,random_struct,gbm,0.306523927,0.029923362,0.226446381,0.0090229,0.164815433,0.027908796,56.41932108,4.293056112
73,Ar,273,0.1,5,struct+input,qt_then_rd,gbm,0.920596504,0.041294802,0.119909863,0.002575044,0.052383967,0.030815351,6.010367229,0.136865021
76,Ar,273,0.1,5,struct+input,random_struct,gbm,0.917588649,0.027535918,0.141287846,0.004584972,0.086816602,0.028932702,6.899529132,0.194138479
79,Ar,273,0.1,5,struct,random_struct,gbm,0.448448693,0.026797826,0.499330505,0.020337652,0.583998784,0.063968941,34.00751122,2.046447163
82,Ar,273,0.5,15,struct+input,qt_then_rd,gbm,0.938996951,0.014193318,0.265502247,0.008786865,0.166733333,0.039906559,6.975858099,0.253534153
85,Ar,273,0.5,15,struct+input,random_struct,gbm,0.906781091,0.074168792,0.274891455,0.008447965,0.326224856,0.286987837,7.370885784,0.250446149
88,Ar,273,0.5,15,struct,random_struct,gbm,0.686296955,0.059769833,0.662577181,0.025456146,1.074279877,0.282526657,21.1994492,1.013756963
91,Ar,273,0.5,1,struct+input,qt_then_rd,gbm,0.995200437,0.000703621,0.010501377,0.000253412,0.000352742,6.07E-05,1.726846757,0.033588428
94,Ar,273,0.5,1,struct+input,random_struct,gbm,0.993639477,0.002270994,0.013979386,0.00098813,0.00156392,0.000762281,1.919934885,0.035370755
97,Ar,273,0.5,1,struct,random_struct,gbm,0.306523927,0.029923362,0.226446381,0.0090229,0.164815433,0.027908796,56.41932108,4.293056112
100,Ar,273,0.5,5,struct+input,qt_then_rd,gbm,0.952000894,0.006316183,0.106916315,0.003296346,0.031566341,0.00405177,5.329495077,0.254145154
103,Ar,273,0.5,5,struct+input,random_struct,gbm,0.935800603,0.025290608,0.121511048,0.00236086,0.067414738,0.026281974,6.008081488,0.223341702
106,Ar,273,0.5,5,struct,random_struct,gbm,0.448448693,0.026797826,0.499330505,0.020337652,0.583998784,0.063968941,34.00751122,2.046447163
109,Ar,293,0.01,15,struct+input,qt_then_rd,gbm,0.951446565,0.003228118,0.196278155,0.001937374,0.091342793,0.005783203,8.064870906,0.129564491
112,Ar,293,0.01,15,struct+input,random_struct,gbm,0.880452974,0.095287924,0.201471487,0.011901431,0.341343192,0.310071713,466825656.1,329076341.8
115,Ar,293,0.01,15,struct,random_struct,gbm,0.672208995,0.076342571,0.540095338,0.013840844,0.877455649,0.342014346,6163109783,4542400704
118,Ar,293,0.01,1,struct+input,qt_then_rd,gbm,0.986509237,0.001461407,0.012742124,0.000370851,0.000571934,5.98E-05,3.471967543,0.073782786
121,Ar,293,0.01,1,struct+input,random_struct,gbm,0.953631749,0.022179272,0.018406983,0.002253684,0.005495468,0.003966609,97359808.64,36632574.47
124,Ar,293,0.01,1,struct,random_struct,gbm,0.253062242,0.093967985,0.153974637,0.007514331,0.082070415,0.016623628,2001936742,1412714681
127,Ar,293,0.01,5,struct+input,qt_then_rd,gbm,0.959311103,0.003402839,0.080171312,0.001622211,0.017598782,0.001333399,6.245694124,0.095076713
130,Ar,293,0.01,5,struct+input,random_struct,gbm,0.931370098,0.033043696,0.086242576,0.004077403,0.046359587,0.025143551,440462719,332215920.5
133,Ar,293,0.01,5,struct,random_struct,gbm,0.482658638,0.019538966,0.375656724,0.011092517,0.341791339,0.026910356,4728665775,3834495954
136,Ar,293,0.05,15,struct+input,qt_then_rd,gbm,0.83494914,0.071717314,0.199753158,0.01126926,0.42086892,0.204022688,7.922349553,0.141481233
139,Ar,293,0.05,15,struct+input,random_struct,gbm,0.887346848,0.098147008,0.195753158,0.013942272,0.324925674,0.315503052,478178416.9,515467947
142,Ar,293,0.05,15,struct,random_struct,gbm,0.672208995,0.076342571,0.540095338,0.013840844,0.877455649,0.342014346,6163109783,4542400704
145,Ar,293,0.05,1,struct+input,qt_then_rd,gbm,0.973044454,0.003271495,0.01394437,0.000789261,0.001995825,0.000252718,3.071755551,0.050418674
148,Ar,293,0.05,1,struct+input,random_struct,gbm,0.963239482,0.020804184,0.01598216,0.002302216,0.004397091,0.003505189,74868517.45,25459879.34
151,Ar,293,0.05,1,struct,random_struct,gbm,0.253062242,0.093967985,0.153974637,0.007514331,0.082070415,0.016623628,2001936742,1412714681
154,Ar,293,0.05,5,struct+input,qt_then_rd,gbm,0.91871138,0.029267911,0.081343784,0.004488322,0.047112257,0.018087674,6.009497488,0.093976766
157,Ar,293,0.05,5,struct+input,random_struct,gbm,0.935455944,0.033049501,0.082726547,0.004263039,0.043689225,0.02510069,298954389.4,215531077.5
160,Ar,293,0.05,5,struct,random_struct,gbm,0.482658638,0.019538966,0.375656724,0.011092517,0.341791339,0.026910356,4728665775,3834495954
163,Ar,293,0.1,15,struct+input,qt_then_rd,gbm,0.912356213,0.080580692,0.200534825,0.007518139,0.216543611,0.249351225,8.01972497,0.183976964
166,Ar,293,0.1,15,struct+input,random_struct,gbm,0.889209928,0.095057453,0.195200665,0.011273327,0.319105298,0.306371151,519742585,613579115.1
169,Ar,293,0.1,15,struct,random_struct,gbm,0.672208995,0.076342571,0.540095338,0.013840844,0.877455649,0.342014346,6163109783,4542400704
172,Ar,293,0.1,1,struct+input,qt_then_rd,gbm,0.981583855,0.003909394,0.01252419,0.000653273,0.001107504,0.000263952,2.88588971,0.058646987
175,Ar,293,0.1,1,struct+input,random_struct,gbm,0.962906161,0.02245349,0.015170207,0.002132112,0.004480145,0.003779737,63528907.3,43280397.9
178,Ar,293,0.1,1,struct,random_struct,gbm,0.253062242,0.093967985,0.153974637,0.007514331,0.082070415,0.016623628,2001936742,1412714681
181,Ar,293,0.1,5,struct+input,qt_then_rd,gbm,0.945382801,0.027394873,0.080336252,0.003032094,0.028914259,0.017681296,5.935205607,0.118064941
184,Ar,293,0.1,5,struct+input,random_struct,gbm,0.938139601,0.0296492,0.08083691,0.003724689,0.041798683,0.022646416,304404210.1,143670245.3
187,Ar,293,0.1,5,struct,random_struct,gbm,0.482658638,0.019538966,0.375656724,0.011092517,0.341791339,0.026910356,4728665775,3834495954
190,Ar,293,0.5,15,struct+input,qt_then_rd,gbm,0.934882061,0.06591396,0.17171336,0.006398212,0.135413727,0.152384387,7.399463991,0.152526902
193,Ar,293,0.5,15,struct+input,random_struct,gbm,0.897215052,0.092005442,0.18475092,0.011739987,0.297324808,0.294558806,431937271.3,586237317.2
196,Ar,293,0.5,15,struct,random_struct,gbm,0.672208995,0.076342571,0.540095338,0.013840844,0.877455649,0.342014346,6163109783,4542400704
199,Ar,293,0.5,1,struct+input,qt_then_rd,gbm,0.994372654,0.001660407,0.0061206,0.000261007,0.000246236,9.21E-05,1.704528491,0.040826177
202,Ar,293,0.5,1,struct+input,random_struct,gbm,0.984347963,0.011606754,0.009181907,0.001170681,0.001911198,0.001865404,50688626.38,31727433.53
205,Ar,293,0.5,1,struct,random_struct,gbm,0.253062242,0.093967985,0.153974637,0.007514331,0.082070415,0.016623628,2001936742,1412714681
208,Ar,293,0.5,5,struct+input,qt_then_rd,gbm,0.963129991,0.021230953,0.060179675,0.001073551,0.015260168,0.009459858,4.905177007,0.129589005
211,Ar,293,0.5,5,struct+input,random_struct,gbm,0.951916969,0.027491338,0.071075735,0.003179666,0.032639392,0.020522734,350423379,170693005.7
214,Ar,293,0.5,5,struct,random_struct,gbm,0.482658638,0.019538966,0.375656724,0.011092517,0.341791339,0.026910356,4728665775,3834495954
217,Ar,313,0.01,15,struct+input,qt_then_rd,gbm,0.765551574,0.133467949,0.303084016,0.013547268,0.346832706,0.241425852,11.56577236,0.428748384
220,Ar,313,0.01,15,struct+input,random_struct,gbm,0.788146979,0.104676259,0.305508325,0.009985957,0.394195868,0.255888052,11.85458127,0.458092361
223,Ar,313,0.01,15,struct,random_struct,gbm,0.51281594,0.088106941,0.575598026,0.017728832,0.868856088,0.302695617,26.56547533,0.85043555
226,Ar,313,0.01,1,struct+input,qt_then_rd,gbm,0.989949198,0.001708829,0.00727894,0.000219604,0.000153962,2.89E-05,2.732110658,0.043110197
229,Ar,313,0.01,1,struct+input,random_struct,gbm,0.897628344,0.044634959,0.011990389,0.001392446,0.005778545,0.002415969,3.194813184,0.092671124
232,Ar,313,0.01,1,struct,random_struct,gbm,0.288429112,0.050012097,0.106400644,0.005628256,0.040984423,0.010446562,54.93844014,6.331241829
235,Ar,313,0.01,5,struct+input,qt_then_rd,gbm,0.866847622,0.021017026,0.101331426,0.00263974,0.0291441,0.004464647,8.902777683,0.341117056
238,Ar,313,0.01,5,struct+input,random_struct,gbm,0.839237395,0.049554559,0.113449023,0.003774965,0.066809808,0.030390965,9.670030192,0.388583821
241,Ar,313,0.01,5,struct,random_struct,gbm,0.382015493,0.018856955,0.323415161,0.012310469,0.248777188,0.045300433,37.94313718,2.723153498
244,Ar,313,0.05,15,struct+input,qt_then_rd,gbm,0.837774534,0.031849051,0.297061973,0.004444839,0.203997844,0.044537857,11.45688905,0.119811768
247,Ar,313,0.05,15,struct+input,random_struct,gbm,0.773858916,0.089655922,0.304396161,0.00977373,0.415412522,0.232912625,11.8039108,0.461732202
250,Ar,313,0.05,15,struct,random_struct,gbm,0.51281594,0.088106941,0.575598026,0.017728832,0.868856088,0.302695617,26.56547533,0.85043555
253,Ar,313,0.05,1,struct+input,qt_then_rd,gbm,0.994862885,0.000672512,0.00482839,0.000143499,6.74E-05,1.04E-05,1.795233084,0.036041849
256,Ar,313,0.05,1,struct+input,random_struct,gbm,0.948884732,0.030431769,0.009420844,0.001662189,0.003148848,0.002646338,2.235355875,0.088232114
259,Ar,313,0.05,1,struct,random_struct,gbm,0.288429112,0.050012097,0.106400644,0.005628256,0.040984423,0.010446562,54.93844014,6.331241829
262,Ar,313,0.05,5,struct+input,qt_then_rd,gbm,0.883048759,0.010527729,0.093724221,0.00439457,0.025079613,0.002594237,8.263286259,0.305916319
265,Ar,313,0.05,5,struct+input,random_struct,gbm,0.849861174,0.053483394,0.109365842,0.003455445,0.062783358,0.031465246,9.273370511,0.392947056
268,Ar,313,0.05,5,struct,random_struct,gbm,0.382015493,0.018856955,0.323415161,0.012310469,0.248777188,0.045300433,37.94313718,2.723153498
271,Ar,313,0.1,15,struct+input,qt_then_rd,gbm,0.693917225,0.151999149,0.303834956,0.018362387,0.550325518,0.378548833,10.98584215,0.288089242
274,Ar,313,0.1,15,struct+input,random_struct,gbm,0.790372638,0.103678066,0.303648549,0.01026859,0.390211098,0.253104189,11.77096938,0.52616563
277,Ar,313,0.1,15,struct,random_struct,gbm,0.51281594,0.088106941,0.575598026,0.017728832,0.868856088,0.302695617,26.56547533,0.85043555
280,Ar,313,0.1,1,struct+input,qt_then_rd,gbm,0.994312345,0.000900483,0.00463388,0.00012708,8.43E-05,1.48E-05,1.622494107,0.035038513
283,Ar,313,0.1,1,struct+input,random_struct,gbm,0.965445914,0.029957244,0.008242955,0.001613955,0.002233535,0.002552311,1.973535224,0.076923377
286,Ar,313,0.1,1,struct,random_struct,gbm,0.288429112,0.050012097,0.106400644,0.005628256,0.040984423,0.010446562,54.93844014,6.331241829
289,Ar,313,0.1,5,struct+input,qt_then_rd,gbm,0.811469993,0.091378972,0.098193239,0.003810238,0.0482299,0.02896049,8.194716769,0.179808618
292,Ar,313,0.1,5,struct+input,random_struct,gbm,0.851217282,0.054156533,0.107692308,0.004065561,0.062323906,0.031819672,9.10256824,0.384415789
295,Ar,313,0.1,5,struct,random_struct,gbm,0.382015493,0.018856955,0.323415161,0.012310469,0.248777188,0.045300433,37.94313718,2.723153498
298,Ar,313,0.5,15,struct+input,qt_then_rd,gbm,0.668477458,0.080160824,0.297872855,0.003037246,0.500100016,0.194468281,10.97650373,0.38920429
301,Ar,313,0.5,15,struct+input,random_struct,gbm,0.75966404,0.078721103,0.300209342,0.013228076,0.437306382,0.211691757,11.60565453,0.638442065
304,Ar,313,0.5,15,struct,random_struct,gbm,0.51281594,0.088106941,0.575598026,0.017728832,0.868856088,0.302695617,26.56547533,0.85043555
307,Ar,313,0.5,1,struct+input,qt_then_rd,gbm,0.997707655,0.000123902,0.003334031,4.47E-05,3.12E-05,1.10E-06,1.182660497,0.020454021
310,Ar,313,0.5,1,struct+input,random_struct,gbm,0.989512752,0.01397513,0.005251939,0.000890043,0.000732361,0.001141317,1.346860424,0.045304878
313,Ar,313,0.5,1,struct,random_struct,gbm,0.288429112,0.050012097,0.106400644,0.005628256,0.040984423,0.010446562,54.93844014,6.331241829
316,Ar,313,0.5,5,struct+input,qt_then_rd,gbm,0.804753258,0.090647648,0.096933929,0.002572343,0.046768823,0.027602188,8.177359879,0.18915799
319,Ar,313,0.5,5,struct+input,random_struct,gbm,0.863340885,0.049098926,0.103948695,0.002962408,0.057200024,0.028810688,8.870164081,0.355080352
322,Ar,313,0.5,5,struct,random_struct,gbm,0.382015493,0.018856955,0.323415161,0.012310469,0.248777188,0.045300433,37.94313718,2.723153498
325,H2,293,0.01,5,struct+input,qt_then_rd,gbm,0.982101671,0.001601582,0.034655366,0.001197996,0.00264722,0.000282697,3.791022826,0.126307652
328,H2,293,0.01,5,struct+input,random_struct,gbm,0.903307684,0.038921134,0.044779375,0.003604358,0.034222888,0.018405192,4.371282149,0.171032285
331,H2,293,0.01,5,struct,random_struct,gbm,-0.13743303,0.424873984,0.278285843,0.006158692,0.401370169,0.181511603,41.00737872,2.104317616
334,He,273,0.01,15,struct+input,qt_then_rd,gbm,-1.440559262,2.961054476,0.040844409,0.012473752,0.422382597,0.390825409,9.826233559,2.318989021
337,He,273,0.01,15,struct+input,random_struct,gbm,-0.053589537,0.858762102,0.032581704,0.006308388,0.246437118,0.240554974,8.592801766,0.909071996
340,He,273,0.01,15,struct,random_struct,gbm,-0.206965996,1.098116994,0.041217731,0.007626842,0.267390855,0.261537716,14.76657379,1.402870716
343,He,273,0.01,1,struct+input,qt_then_rd,gbm,-1.581044869,3.231846614,0.002798823,0.000827949,0.001938449,0.001717497,10.03588654,2.429574795
346,He,273,0.01,1,struct+input,random_struct,gbm,-0.06285183,0.83637762,0.002304867,0.000441629,0.001155127,0.001083189,8.929806261,1.122096593
349,He,273,0.01,1,struct,random_struct,gbm,-0.327400824,1.030459149,0.00296383,0.000534385,0.001308308,0.001135378,15.2207442,1.691910396
352,He,273,0.01,5,struct+input,qt_then_rd,gbm,-1.273705703,2.570034721,0.013825101,0.004158638,0.04631436,0.042586153,9.882033988,2.52985093
355,He,273,0.01,5,struct+input,random_struct,gbm,0.004348699,0.907677754,0.011031598,0.002371982,0.027623058,0.02771174,8.653403425,0.913255676
358,He,273,0.01,5,struct,random_struct,gbm,-0.189342907,0.944886447,0.014227197,0.00208885,0.03025743,0.027441734,14.9347891,1.202259336
361,He,273,0.05,15,struct+input,qt_then_rd,gbm,-0.228077616,0.816438636,0.022915897,0.007894303,0.094335092,0.075919059,8.477709363,3.444148464
364,He,273,0.05,15,struct+input,random_struct,gbm,-0.424824646,0.892870766,0.029620006,0.00536712,0.293198587,0.221992976,7.485794699,3.092314701
367,He,273,0.05,15,struct,random_struct,gbm,-0.206965996,1.098116994,0.041217731,0.007626842,0.267390855,0.261537716,14.76657379,1.402870716
370,He,273,0.05,1,struct+input,qt_then_rd,gbm,-0.105488045,0.779581789,0.001519145,0.000522441,0.000412595,0.000343619,8.150340559,3.287933949
373,He,273,0.05,1,struct+input,random_struct,gbm,-0.692298936,0.896810055,0.002175439,0.000498474,0.001544246,0.000930218,8.444055486,3.873749248
376,He,273,0.05,1,struct,random_struct,gbm,-0.327400824,1.030459149,0.00296383,0.000534385,0.001308308,0.001135378,15.2207442,1.691910396
379,He,273,0.05,5,struct+input,qt_then_rd,gbm,-0.140193021,0.662253779,0.007591325,0.002262015,0.0101287,0.007872998,8.22812207,2.928696683
382,He,273,0.05,5,struct+input,random_struct,gbm,-0.41787121,0.939616613,0.010323414,0.002250054,0.033657787,0.024864479,8.005345326,3.445247661
385,He,273,0.05,5,struct,random_struct,gbm,-0.189342907,0.944886447,0.014227197,0.00208885,0.03025743,0.027441734,14.9347891,1.202259336
388,He,273,0.1,15,struct+input,qt_then_rd,gbm,-0.412772067,1.425837387,0.016599968,0.005271893,0.046455929,0.046657431,5.814645945,2.24527867
391,He,273,0.1,15,struct+input,random_struct,gbm,-0.020930218,1.03810528,0.024898317,0.007882144,0.249479034,0.256728249,4.779415521,0.801578848
394,He,273,0.1,15,struct,random_struct,gbm,-0.206965996,1.098116994,0.041217731,0.007626842,0.267390855,0.261537716,14.76657379,1.402870716
397,He,273,0.1,1,struct+input,qt_then_rd,gbm,-0.358629787,1.425592723,0.001152201,0.000355073,0.000211891,0.000221504,5.937070986,2.260239584
400,He,273,0.1,1,struct+input,random_struct,gbm,-0.13872075,1.003449484,0.001772669,0.000516125,0.001226067,0.001145744,5.128955336,0.946975255
403,He,273,0.1,1,struct,random_struct,gbm,-0.327400824,1.030459149,0.00296383,0.000534385,0.001308308,0.001135378,15.2207442,1.691910396
406,He,273,0.1,5,struct+input,qt_then_rd,gbm,-0.201321923,1.175061513,0.005462833,0.001704628,0.00463154,0.004515922,5.687295286,1.959618886
409,He,273,0.1,5,struct+input,random_struct,gbm,0.025703368,0.982613644,0.008191471,0.002638112,0.027434794,0.028703366,4.61852205,0.671880207
412,He,273,0.1,5,struct,random_struct,gbm,-0.189342907,0.944886447,0.014227197,0.00208885,0.03025743,0.027441734,14.9347891,1.202259336
415,He,273,0.5,15,struct+input,qt_then_rd,gbm,-0.365674108,1.402196119,0.024487275,0.009606225,0.341425742,0.278791607,3.831814104,1.428645446
418,He,273,0.5,15,struct+input,random_struct,gbm,-0.19863418,1.157783724,0.025027746,0.010306774,0.278280955,0.259945433,3.784916886,1.046510934
421,He,273,0.5,15,struct,random_struct,gbm,-0.206965996,1.098116994,0.041217731,0.007626842,0.267390855,0.261537716,14.76657379,1.402870716
424,He,273,0.5,1,struct+input,qt_then_rd,gbm,-0.447103999,1.539197185,0.001704715,0.000678003,0.001616025,0.001284866,3.994346759,1.500379593
427,He,273,0.5,1,struct+input,random_struct,gbm,-0.140767371,1.127159893,0.001637579,0.000697058,0.001229923,0.001212057,3.636060071,0.969815949
430,He,273,0.5,1,struct,random_struct,gbm,-0.327400824,1.030459149,0.00296383,0.000534385,0.001308308,0.001135378,15.2207442,1.691910396
433,He,273,0.5,5,struct+input,qt_then_rd,gbm,-0.334233121,1.331960353,0.008176524,0.003333749,0.038421786,0.030779597,3.856243993,1.666586347
436,He,273,0.5,5,struct+input,random_struct,gbm,-0.095154848,1.076190881,0.008075284,0.003605609,0.029762265,0.02917737,3.564498758,1.036721344
439,He,273,0.5,5,struct,random_struct,gbm,-0.189342907,0.944886447,0.014227197,0.00208885,0.03025743,0.027441734,14.9347891,1.202259336
442,He,293,0.01,15,struct+input,qt_then_rd,gbm,0.988417627,0.002069043,0.013574507,0.000220093,0.000367142,5.83E-05,7.010034289,0.145897682
445,He,293,0.01,15,struct+input,random_struct,gbm,0.970848504,0.01612931,0.015560688,0.000756839,0.00391949,0.001538389,7.282472228,0.257149966
448,He,293,0.01,15,struct,random_struct,gbm,-0.416734254,0.936819008,0.038346412,0.005821882,0.251547972,0.203478638,15.00086494,1.539070161
451,He,293,0.01,1,struct+input,qt_then_rd,gbm,0.988923496,0.001259048,0.000932667,1.40E-05,1.66E-06,1.60E-07,7.110002833,0.133914315
454,He,293,0.01,1,struct+input,random_struct,gbm,0.967951287,0.022794442,0.001071917,5.48E-05,1.94E-05,9.66E-06,7.378855237,0.272994829
457,He,293,0.01,1,struct,random_struct,gbm,-0.270668668,0.958382928,0.002572125,0.000421907,0.001112304,0.000960747,14.73930264,1.353565153
460,He,293,0.01,5,struct+input,qt_then_rd,gbm,0.988862582,0.001569638,0.004616104,8.30E-05,4.11E-05,5.02E-06,7.050738771,0.166705307
463,He,293,0.01,5,struct+input,random_struct,gbm,0.968872812,0.019460891,0.005287181,0.000254552,0.000480324,0.000209881,7.293367397,0.238977403
466,He,293,0.01,5,struct,random_struct,gbm,-0.262926978,0.921820308,0.01266135,0.002167178,0.027048393,0.023663033,14.48741158,1.401579982
469,He,293,0.05,15,struct+input,qt_then_rd,gbm,0.995625233,8.25E-05,0.007854842,0.000147921,0.000116875,4.75E-06,3.790759321,0.029078701
472,He,293,0.05,15,struct+input,random_struct,gbm,0.972875693,0.020208581,0.010118467,0.000780863,0.003646328,0.001887929,4.046934519,0.149058023
475,He,293,0.05,15,struct,random_struct,gbm,-0.416734254,0.936819008,0.038346412,0.005821882,0.251547972,0.203478638,15.00086494,1.539070161
478,He,293,0.05,1,struct+input,qt_then_rd,gbm,0.995477329,0.000203897,0.000547449,1.47E-05,5.70E-07,3.73E-08,3.895345213,0.030433339
481,He,293,0.05,1,struct+input,random_struct,gbm,0.971738594,0.024977261,0.000698705,4.97E-05,1.72E-05,1.02E-05,4.180160776,0.123924936
484,He,293,0.05,1,struct,random_struct,gbm,-0.270668668,0.958382928,0.002572125,0.000421907,0.001112304,0.000960747,14.73930264,1.353565153
487,He,293,0.05,5,struct+input,qt_then_rd,gbm,0.9956985,0.000111006,0.002661724,5.48E-05,1.34E-05,6.02E-07,3.813849174,0.033719744
490,He,293,0.05,5,struct+input,random_struct,gbm,0.971977578,0.021203414,0.003421091,0.000246757,0.000442297,0.000250093,4.078967482,0.119923385
493,He,293,0.05,5,struct,random_struct,gbm,-0.262926978,0.921820308,0.01266135,0.002167178,0.027048393,0.023663033,14.48741158,1.401579982
496,He,293,0.1,15,struct+input,qt_then_rd,gbm,0.997356839,0.000136885,0.006119249,0.000110882,7.34E-05,3.82E-06,2.85186594,0.038956061
499,He,293,0.1,15,struct+input,random_struct,gbm,0.976742836,0.018598943,0.008135459,0.000623739,0.003155761,0.001727633,3.105229615,0.198231097
502,He,293,0.1,15,struct,random_struct,gbm,-0.416734254,0.936819008,0.038346412,0.005821882,0.251547972,0.203478638,15.00086494,1.539070161
505,He,293,0.1,1,struct+input,qt_then_rd,gbm,0.997317096,0.000152941,0.000426641,8.27E-06,3.51E-07,1.98E-08,2.968765202,0.042799136
508,He,293,0.1,1,struct+input,random_struct,gbm,0.972753251,0.026170832,0.000567447,5.64E-05,1.66E-05,1.13E-05,3.198649337,0.175742685
511,He,293,0.1,1,struct,random_struct,gbm,-0.270668668,0.958382928,0.002572125,0.000421907,0.001112304,0.000960747,14.73930264,1.353565153
514,He,293,0.1,5,struct+input,qt_then_rd,gbm,0.99740677,0.000142973,0.002068595,4.81E-05,8.35E-06,4.19E-07,2.869251539,0.04095145
517,He,293,0.1,5,struct+input,random_struct,gbm,0.974791873,0.020860874,0.002747664,0.000226511,0.000404505,0.000246628,3.100978048,0.173681754
520,He,293,0.1,5,struct,random_struct,gbm,-0.262926978,0.921820308,0.01266135,0.002167178,0.027048393,0.023663033,14.48741158,1.401579982
523,He,293,0.2,15,struct+input,qt_then_rd,gbm,0.997044123,0.002002118,0.004674392,0.000169643,8.07E-05,5.36E-05,2.137724406,0.027466989
526,He,293,0.2,15,struct+input,random_struct,gbm,0.975334281,0.021114356,0.006731335,0.000724572,0.003327768,0.002018544,2.339325801,0.147955531
529,He,293,0.2,15,struct,random_struct,gbm,-0.416734254,0.936819008,0.038346412,0.005821882,0.251547972,0.203478638,15.00086494,1.539070161
532,He,293,0.2,1,struct+input,qt_then_rd,gbm,0.998416868,0.000100696,0.000319415,3.70E-06,2.06E-07,1.03E-08,2.222090727,0.025573239
535,He,293,0.2,1,struct+input,random_struct,gbm,0.972366532,0.027531867,0.00045785,5.48E-05,1.68E-05,1.18E-05,2.43340488,0.153760804
538,He,293,0.2,1,struct,random_struct,gbm,-0.270668668,0.958382928,0.002572125,0.000421907,0.001112304,0.000960747,14.73930264,1.353565153
541,He,293,0.2,5,struct+input,qt_then_rd,gbm,0.998179035,0.000661356,0.001510415,3.22E-05,5.81E-06,2.03E-06,2.090106461,0.025657916
544,He,293,0.2,5,struct+input,random_struct,gbm,0.974093857,0.022105775,0.00222939,0.00025989,0.000416682,0.000274272,2.317435918,0.139519435
547,He,293,0.2,5,struct,random_struct,gbm,-0.262926978,0.921820308,0.01266135,0.002167178,0.027048393,0.023663033,14.48741158,1.401579982
550,He,293,0.35,15,struct+input,qt_then_rd,gbm,0.998982317,5.27E-05,0.003651614,8.61E-05,2.78E-05,1.33E-06,1.665316584,0.028798697
553,He,293,0.35,15,struct+input,random_struct,gbm,0.977402941,0.01997318,0.005747498,0.000671913,0.003092525,0.001850077,1.845053168,0.147703753
556,He,293,0.35,15,struct,random_struct,gbm,-0.416734254,0.936819008,0.038346412,0.005821882,0.251547972,0.203478638,15.00086494,1.539070161
559,He,293,0.35,1,struct+input,qt_then_rd,gbm,0.998975197,6.35E-05,0.000259823,6.40E-06,1.32E-07,6.39E-09,1.813974209,0.032438289
562,He,293,0.35,1,struct+input,random_struct,gbm,0.974775717,0.025710719,0.000398529,5.36E-05,1.54E-05,1.06E-05,1.989998168,0.161500103
565,He,293,0.35,1,struct,random_struct,gbm,-0.270668668,0.958382928,0.002572125,0.000421907,0.001112304,0.000960747,14.73930264,1.353565153
568,He,293,0.35,5,struct+input,qt_then_rd,gbm,0.99912684,5.59E-05,0.001180792,1.34E-05,2.77E-06,4.38E-08,1.647879105,0.029062055
571,He,293,0.35,5,struct+input,random_struct,gbm,0.975439553,0.021256183,0.001881069,0.000268285,0.0003972,0.000244576,1.823855892,0.147896802
574,He,293,0.35,5,struct,random_struct,gbm,-0.262926978,0.921820308,0.01266135,0.002167178,0.027048393,0.023663033,14.48741158,1.401579982
577,He,293,0.5,15,struct+input,qt_then_rd,gbm,0.998661335,0.001153001,0.003394424,0.000108106,3.95E-05,3.14E-05,1.497742086,0.022775508
580,He,293,0.5,15,struct+input,random_struct,gbm,0.977190318,0.021030168,0.005358717,0.000652996,0.003106391,0.001893927,1.64422306,0.144169517
583,He,293,0.5,15,struct,random_struct,gbm,-0.416734254,0.936819008,0.038346412,0.005821882,0.251547972,0.203478638,15.00086494,1.539070161
586,He,293,0.5,1,struct+input,qt_then_rd,gbm,0.999188888,3.76E-05,0.000236529,4.27E-06,1.16E-07,9.99E-09,1.628529256,0.033202677
589,He,293,0.5,1,struct+input,random_struct,gbm,0.974348929,0.026013198,0.000369317,5.23E-05,1.58E-05,1.09E-05,1.79440031,0.14019062
592,He,293,0.5,1,struct,random_struct,gbm,-0.270668668,0.958382928,0.002572125,0.000421907,0.001112304,0.000960747,14.73930264,1.353565153
595,He,293,0.5,5,struct+input,qt_then_rd,gbm,0.999153406,0.000324357,0.001080363,2.98E-05,2.95E-06,9.87E-07,1.455599284,0.01456916
598,He,293,0.5,5,struct+input,random_struct,gbm,0.975900536,0.021020346,0.001739557,0.000259632,0.000392557,0.000253058,1.600802193,0.139747737
601,He,293,0.5,5,struct,random_struct,gbm,-0.262926978,0.921820308,0.01266135,0.002167178,0.027048393,0.023663033,14.48741158,1.401579982
604,He,313,0.01,15,struct+input,qt_then_rd,gbm,0.511483832,0.224472892,0.017350811,0.001562155,0.028093876,0.021647034,7.63876909,0.242988049
607,He,313,0.01,15,struct+input,random_struct,gbm,0.442935239,0.325101215,0.024170693,0.004077918,0.100791756,0.093983008,8.321670328,0.663142284
610,He,313,0.01,15,struct,random_struct,gbm,-0.480174446,0.910885787,0.034570506,0.005859239,0.224743037,0.175686,14.43158162,1.730859157
613,He,313,0.01,1,struct+input,qt_then_rd,gbm,0.50801466,0.22295949,0.001201157,9.26E-05,0.000130812,9.86E-05,7.80843265,0.224306825
616,He,313,0.01,1,struct+input,random_struct,gbm,0.486551577,0.338225545,0.001585048,0.000315384,0.000439538,0.000435774,8.25935538,0.486952477
619,He,313,0.01,1,struct,random_struct,gbm,-0.30678009,0.861535683,0.002361567,0.000354356,0.000972994,0.000815276,14.54132066,1.477437815
622,He,313,0.01,5,struct+input,qt_then_rd,gbm,0.502038117,0.215924607,0.005956395,0.000456535,0.003265114,0.002456857,7.757088619,0.2388234
625,He,313,0.01,5,struct+input,random_struct,gbm,0.465021033,0.283244722,0.008139526,0.001342941,0.011087264,0.010538593,8.383910517,0.64825352
628,He,313,0.01,5,struct,random_struct,gbm,-0.194550141,0.974810069,0.011156892,0.002195646,0.022837209,0.021576891,13.92992607,1.509142297
631,He,313,0.05,15,struct+input,qt_then_rd,gbm,0.655838155,0.226376253,0.012299902,0.001847492,0.015793339,0.016238237,5.083510988,0.490175727
634,He,313,0.05,15,struct+input,random_struct,gbm,0.435557036,0.242607971,0.019859352,0.004396166,0.097702569,0.087763952,5.234027943,0.44841902
637,He,313,0.05,15,struct,random_struct,gbm,-0.480174446,0.910885787,0.034570506,0.005859239,0.224743037,0.175686,14.43158162,1.730859157
640,He,313,0.05,1,struct+input,qt_then_rd,gbm,0.649582152,0.231360006,0.000848283,0.000123346,7.67E-05,7.92E-05,5.161461421,0.487850537
643,He,313,0.05,1,struct+input,random_struct,gbm,0.381950851,0.237791883,0.001417959,0.00029135,0.000472269,0.00039662,5.496121188,0.427856743
646,He,313,0.05,1,struct,random_struct,gbm,-0.30678009,0.861535683,0.002361567,0.000354356,0.000972994,0.000815276,14.54132066,1.477437815
649,He,313,0.05,5,struct+input,qt_then_rd,gbm,0.641251797,0.222052831,0.004220715,0.000644936,0.001932217,0.001966458,5.108893416,0.388879768
652,He,313,0.05,5,struct+input,random_struct,gbm,0.477045711,0.221408428,0.006810891,0.001544587,0.010678817,0.010200688,5.302878887,0.420937482
655,He,313,0.05,5,struct,random_struct,gbm,-0.194550141,0.974810069,0.011156892,0.002195646,0.022837209,0.021576891,13.92992607,1.509142297
658,He,313,0.1,15,struct+input,qt_then_rd,gbm,0.505572863,0.169706534,0.011471299,0.001744637,0.025016447,0.015101809,3.751995932,0.294682791
661,He,313,0.1,15,struct+input,random_struct,gbm,0.403380827,0.258438338,0.019516892,0.004687721,0.103846641,0.096123786,4.387800473,0.738214321
664,He,313,0.1,15,struct,random_struct,gbm,-0.480174446,0.910885787,0.034570506,0.005859239,0.224743037,0.175686,14.43158162,1.730859157
667,He,313,0.1,1,struct+input,qt_then_rd,gbm,0.4780725,0.148309093,0.000811972,0.000139423,0.000123497,7.25E-05,3.926518326,0.300848145
670,He,313,0.1,1,struct+input,random_struct,gbm,0.401725533,0.25524467,0.001360191,0.000334686,0.000474249,0.000424607,4.61452206,0.853330939
673,He,313,0.1,1,struct,random_struct,gbm,-0.30678009,0.861535683,0.002361567,0.000354356,0.000972994,0.000815276,14.54132066,1.477437815
676,He,313,0.1,5,struct+input,qt_then_rd,gbm,0.484735541,0.157529376,0.003986678,0.000713755,0.003017635,0.001789612,3.826926868,0.242411637
679,He,313,0.1,5,struct+input,random_struct,gbm,0.426465885,0.229062579,0.006555043,0.001521606,0.011373057,0.010428074,4.435051965,0.778424092
682,He,313,0.1,5,struct,random_struct,gbm,-0.194550141,0.974810069,0.011156892,0.002195646,0.022837209,0.021576891,13.92992607,1.509142297
685,He,313,0.5,15,struct+input,qt_then_rd,gbm,0.786748909,0.29490022,0.006792678,0.00290715,0.016067204,0.031768177,2.22515961,0.26687118
688,He,313,0.5,15,struct+input,random_struct,gbm,0.405099066,0.437207659,0.016117717,0.005532748,0.108269324,0.101911321,2.821886651,0.565170809
691,He,313,0.5,15,struct,random_struct,gbm,-0.480174446,0.910885787,0.034570506,0.005859239,0.224743037,0.175686,14.43158162,1.730859157
694,He,313,0.5,1,struct+input,qt_then_rd,gbm,0.757080327,0.286633077,0.000483603,0.000195315,7.84E-05,0.000147347,2.430026775,0.276459093
697,He,313,0.5,1,struct+input,random_struct,gbm,0.504577985,0.259281054,0.001060339,0.000310274,0.000431376,0.000439,2.934923054,0.454580261
700,He,313,0.5,1,struct,random_struct,gbm,-0.30678009,0.861535683,0.002361567,0.000354356,0.000972994,0.000815276,14.54132066,1.477437815
703,He,313,0.5,5,struct+input,qt_then_rd,gbm,0.772542907,0.292663438,0.002336897,0.000995239,0.001905815,0.003682536,2.264564079,0.344396629
706,He,313,0.5,5,struct+input,random_struct,gbm,0.495582157,0.251435093,0.005382362,0.001486369,0.01092913,0.011239097,2.819407585,0.412055419
709,He,313,0.5,5,struct,random_struct,gbm,-0.194550141,0.974810069,0.011156892,0.002195646,0.022837209,0.021576891,13.92992607,1.509142297
712,N2,293,0.01,5,struct+input,qt_then_rd,gbm,0.954723144,0.006952693,0.062490232,0.001924181,0.011458626,0.001455604,4.73614936,0.154980045
715,N2,293,0.01,5,struct+input,random_struct,gbm,0.859138302,0.054380387,0.080765377,0.007690514,0.073175982,0.032573403,5.480722057,0.31117503
718,N2,293,0.01,5,struct,random_struct,gbm,0.267811968,0.034363832,0.340936349,0.007487468,0.374048621,0.070488225,34.57256986,2.577348792
721,O2,293,0.01,5,struct+input,qt_then_rd,gbm,0.963568451,0.000843476,0.060614719,0.001410832,0.010469666,0.000301791,4.448214823,0.095629859
724,O2,293,0.01,5,struct+input,random_struct,gbm,0.741704751,0.152399754,0.077310116,0.008270216,0.242568878,0.181378266,4.764747079,0.266480834
727,O2,293,0.01,5,struct,random_struct,gbm,0.243932894,0.087092823,0.338224201,0.011195675,0.625074886,0.280370559,32.78255215,1.064331538
