,gas,temperature,low_pressure,high_pressure,struct_info,sampling,model,trial_001_Model,R2_mean,R2_std,MAE_mean,MAE_std,RMSE_mean,RMSE_std,MAPE_percent_mean,MAPE_percent_std,fit_time_sec_mean,fit_time_sec_std,predict_time_sec_mean,predict_time_sec_std
1,Ar,273K,0.01,15,struct+input,qt_then_rd,gbm,gbm,0.943353921,0.003907813,0.274633214,0.006778148,0.153864931,0.010469975,7.259229734,0.211590285,15.58318391,0.293691175,0.012451315,8.88e-05
4,Ar,273K,0.01,15,struct+input,random_struct,gbm,gbm,0.943916028,0.006183887,0.280397936,0.012097886,0.182328132,0.02737567,7.557032455,0.203880788,15.43661838,0.029866849,0.012784767,0.000127467
7,Ar,273K,0.01,15,struct,random_struct,gbm,gbm,0.729446691,0.019103841,0.640355406,0.025071576,0.878083738,0.090985806,20.35820694,0.729765232,13.9038867,0.358879455,0.011641598,7.68e-05
10,Ar,273K,0.01,1,struct+input,qt_then_rd,gbm,gbm,0.982109284,0.002105244,0.019241223,0.00046875,0.00125674,0.000145611,3.378404955,0.061391815,15.44503789,0.04770861,0.011739397,0.000162031
13,Ar,273K,0.01,1,struct+input,random_struct,gbm,gbm,0.95872641,0.016051305,0.03057468,0.003032094,0.009598982,0.004718339,4.015659962,0.18669547,15.39610758,0.048486662,0.012455273,0.000523541
16,Ar,273K,0.01,1,struct,random_struct,gbm,gbm,0.288677376,0.025899722,0.226239667,0.007673912,0.160550438,0.02296257,55.95084672,3.346199166,13.75067129,0.126611006,0.011586905,0.000190358
19,Ar,273K,0.01,5,struct+input,qt_then_rd,gbm,gbm,0.943950152,0.002337554,0.121627229,0.002319153,0.037310416,0.001460283,6.152639565,0.175878018,15.64959731,0.177628485,0.01198101,0.000206117
22,Ar,273K,0.01,5,struct+input,random_struct,gbm,gbm,0.935277831,0.008254427,0.14047221,0.007550062,0.067200596,0.013230722,6.944339608,0.331678193,15.48799996,0.118168487,0.012486506,0.000300143
25,Ar,273K,0.01,5,struct,random_struct,gbm,gbm,0.482032534,0.024437145,0.486079967,0.019711407,0.534939416,0.057222296,32.11065719,1.351240811,13.75652294,0.112517769,0.011805868,7.08e-05
28,Ar,273K,0.05,15,struct+input,qt_then_rd,gbm,gbm,0.942730657,0.004198696,0.267926185,0.003389775,0.152183415,0.012009626,7.014401952,0.168435936,15.53780322,0.151140309,0.012807846,0.000457346
31,Ar,273K,0.05,15,struct+input,random_struct,gbm,gbm,0.945019383,0.005521456,0.276322788,0.010899263,0.178686924,0.024946439,7.442604284,0.192078275,15.49867487,0.129785871,0.012943029,0.000229104
34,Ar,273K,0.05,15,struct,random_struct,gbm,gbm,0.729446691,0.019103841,0.640355406,0.025071576,0.878083738,0.090985806,20.35820694,0.729765232,13.77053199,0.063025112,0.011701441,0.000203132
37,Ar,273K,0.05,1,struct+input,qt_then_rd,gbm,gbm,0.983240238,0.00252053,0.017046138,0.0008797,0.001186842,0.000174176,2.832122914,0.0849171,15.45275512,0.068380233,0.011759663,5.85e-05
40,Ar,273K,0.05,1,struct+input,random_struct,gbm,gbm,0.968960226,0.009377741,0.027011504,0.002588228,0.007188458,0.002939733,3.413255118,0.119305277,15.52762642,0.120316733,0.012435341,0.000166983
43,Ar,273K,0.05,1,struct,random_struct,gbm,gbm,0.288677376,0.025899722,0.226239667,0.007673912,0.160550438,0.02296257,55.95084672,3.346199166,13.7519382,0.034020483,0.011576033,0.000244758
46,Ar,273K,0.05,5,struct+input,qt_then_rd,gbm,gbm,0.938555181,0.01093319,0.119480556,0.005589068,0.039089341,0.006072978,5.939059123,0.295621906,15.48649545,0.071758201,0.01211133,0.000212972
49,Ar,273K,0.05,5,struct+input,random_struct,gbm,gbm,0.935953462,0.009253879,0.137166298,0.008516165,0.06655974,0.014218221,6.721779417,0.370362624,15.53159008,0.18725388,0.01243434,7.03e-05
52,Ar,273K,0.05,5,struct,random_struct,gbm,gbm,0.482032534,0.024437145,0.486079967,0.019711407,0.534939416,0.057222296,32.11065719,1.351240811,13.78393569,0.095822912,0.011892462,0.000261947
55,Ar,273K,0.1,15,struct+input,qt_then_rd,gbm,gbm,0.942998649,0.005657815,0.269556461,0.005846336,0.153834963,0.013897332,6.948874653,0.106106215,15.48718886,0.092568141,0.012690544,6.85e-05
58,Ar,273K,0.1,15,struct+input,random_struct,gbm,gbm,0.94481049,0.006531251,0.274952545,0.012327979,0.17938749,0.027621455,7.38076831,0.272115097,15.50194449,0.114416679,0.013083029,0.000234197
61,Ar,273K,0.1,15,struct,random_struct,gbm,gbm,0.729446691,0.019103841,0.640355406,0.025071576,0.878083738,0.090985806,20.35820694,0.729765232,13.80130119,0.153470978,0.011824083,0.000126694
64,Ar,273K,0.1,1,struct+input,qt_then_rd,gbm,gbm,0.986221924,0.001610173,0.016202448,0.000665252,0.001000137,0.000118888,2.664696499,0.097883575,15.49115691,0.04961144,0.011822033,0.000109539
67,Ar,273K,0.1,1,struct+input,random_struct,gbm,gbm,0.973135396,0.010183548,0.025135687,0.002334293,0.006259132,0.003061849,3.212447647,0.067986971,15.49780474,0.057314936,0.012322855,8.82e-05
70,Ar,273K,0.1,1,struct,random_struct,gbm,gbm,0.288677376,0.025899722,0.226239667,0.007673912,0.160550438,0.02296257,55.95084672,3.346199166,13.73235364,0.066063335,0.011873913,0.000183362
73,Ar,273K,0.1,5,struct+input,qt_then_rd,gbm,gbm,0.943423261,0.0044127,0.117053872,0.001940558,0.036956167,0.002888354,5.755462274,0.135489944,15.4738668,0.069593545,0.012004328,7.41e-05
76,Ar,273K,0.1,5,struct+input,random_struct,gbm,gbm,0.9379783,0.008479141,0.134507661,0.006986485,0.064417311,0.01308073,6.563221746,0.320082131,15.56390424,0.117974859,0.01250186,0.000180559
79,Ar,273K,0.1,5,struct,random_struct,gbm,gbm,0.482032534,0.024437145,0.486079967,0.019711407,0.534939416,0.057222296,32.11065719,1.351240811,13.74012494,0.057963835,0.012211895,0.000332068
82,Ar,273K,0.5,15,struct+input,qt_then_rd,gbm,gbm,0.949412886,0.001946583,0.253833767,0.003558446,0.13737408,0.006928355,6.660190904,0.104457335,15.41649423,0.066922002,0.012888241,0.000181043
85,Ar,273K,0.5,15,struct+input,random_struct,gbm,gbm,0.951269098,0.00658476,0.260062948,0.011152229,0.158483728,0.02726999,6.998444803,0.220297403,15.49572868,0.125263901,0.013160038,0.000241473
88,Ar,273K,0.5,15,struct,random_struct,gbm,gbm,0.729446691,0.019103841,0.640355406,0.025071576,0.878083738,0.090985806,20.35820694,0.729765232,13.74689574,0.037937394,0.011798191,0.000157632
91,Ar,273K,0.5,1,struct+input,qt_then_rd,gbm,gbm,0.994936359,0.000644963,0.010397881,0.000405133,0.000351639,4.55e-05,1.726668847,0.032453044,15.51106911,0.064555965,0.012001991,0.000179186
94,Ar,273K,0.5,1,struct+input,random_struct,gbm,gbm,0.992884881,0.003440497,0.014101744,0.000916151,0.001657906,0.000950506,1.929634928,0.064740768,15.42974148,0.042616282,0.012526846,9.71e-05
97,Ar,273K,0.5,1,struct,random_struct,gbm,gbm,0.288677376,0.025899722,0.226239667,0.007673912,0.160550438,0.02296257,55.95084672,3.346199166,13.80972896,0.110439945,0.011587667,0.000347204
100,Ar,273K,0.5,5,struct+input,qt_then_rd,gbm,gbm,0.955427737,0.001844826,0.103098023,0.00172498,0.028058455,0.001480534,5.20618135,0.091170556,15.52596884,0.156643536,0.012275839,0.000258032
103,Ar,273K,0.5,5,struct+input,random_struct,gbm,gbm,0.951202044,0.007386851,0.118908083,0.007177645,0.050727011,0.0110065,5.830979493,0.325818794,15.44338369,0.037993575,0.0126122,8.63e-05
106,Ar,273K,0.5,5,struct,random_struct,gbm,gbm,0.482032534,0.024437145,0.486079967,0.019711407,0.534939416,0.057222296,32.11065719,1.351240811,13.72081394,0.107137188,0.012123394,0.000397726
109,Ar,293K,0.01,15,struct+input,qt_then_rd,gbm,gbm,0.958950897,0.004003507,0.192159874,0.004641628,0.076732935,0.005914282,7.89898712,0.237376562,22.70320253,0.096304894,0.017743397,0.000260688
112,Ar,293K,0.01,15,struct+input,random_struct,gbm,gbm,0.963467853,0.002369682,0.185653427,0.001346071,0.08466846,0.00588271,406140047.0,380275025.2,22.77696838,0.170744128,0.018078136,8.96e-05
115,Ar,293K,0.01,15,struct,random_struct,gbm,gbm,0.758484192,0.013038285,0.520270388,0.00214452,0.559430293,0.024703424,7673791426.0,8783835559.0,20.36074915,0.045098697,0.016195345,0.000319134
118,Ar,293K,0.01,1,struct+input,qt_then_rd,gbm,gbm,0.986364168,0.0020346,0.012803524,0.000569944,0.000565562,8.2e-05,3.439984653,0.085265872,22.88220763,0.096658589,0.016132736,9e-05
121,Ar,293K,0.01,1,struct+input,random_struct,gbm,gbm,0.948798787,0.018565557,0.018192994,0.001600603,0.006167331,0.002789889,68231772.19,86211826.0,22.99601412,0.105889252,0.016819191,0.000122799
124,Ar,293K,0.01,1,struct,random_struct,gbm,gbm,0.325908962,0.035176267,0.15089063,0.002750748,0.079300374,0.012400963,1997335599.0,2383379126.0,20.44415627,0.084410713,0.015642738,0.000219247
127,Ar,293K,0.01,5,struct+input,qt_then_rd,gbm,gbm,0.96101069,0.004212718,0.07948297,0.003359237,0.016812062,0.001755105,6.091872782,0.196434681,22.78917875,0.100261314,0.017346764,5.89e-05
130,Ar,293K,0.01,5,struct+input,random_struct,gbm,gbm,0.957815925,0.004010536,0.082994255,0.002017428,0.027276226,0.003514093,198599808.6,137687081.3,22.76738129,0.078489188,0.017798615,9.05e-05
133,Ar,293K,0.01,5,struct,random_struct,gbm,gbm,0.526816011,0.020261358,0.365857325,0.002290061,0.305415121,0.020922492,4761769281.0,4444325393.0,20.35496669,0.067436035,0.01616044,0.000191562
136,Ar,293K,0.05,15,struct+input,qt_then_rd,gbm,gbm,0.962255825,0.002172301,0.186354191,0.003523542,0.078885777,0.004528235,7.933929468,0.180239377,23.11521268,0.45231985,0.018128252,0.000109554
139,Ar,293K,0.05,15,struct+input,random_struct,gbm,gbm,0.964802905,0.002712088,0.180973569,0.002839511,0.081602229,0.007006466,363807797.4,360141993.0,22.76326742,0.019742778,0.018583345,0.00050986
142,Ar,293K,0.05,15,struct,random_struct,gbm,gbm,0.758484192,0.013038285,0.520270388,0.00214452,0.559430293,0.024703424,7673791426.0,8783835559.0,20.49711876,0.377827277,0.016341686,0.000240377
145,Ar,293K,0.05,1,struct+input,qt_then_rd,gbm,gbm,0.976114874,0.003680879,0.013969188,0.000939759,0.001754255,0.000381432,3.137599137,0.090103937,22.84993172,0.093941655,0.016844797,0.000330292
148,Ar,293K,0.05,1,struct+input,random_struct,gbm,gbm,0.954436952,0.015632246,0.015902226,0.001249202,0.005486478,0.002442045,64832997.3,64737306.32,22.88469753,0.11952956,0.017214251,9.52e-05
151,Ar,293K,0.05,1,struct,random_struct,gbm,gbm,0.325908962,0.035176267,0.15089063,0.002750748,0.079300374,0.012400963,1997335599.0,2383379126.0,20.46506505,0.329266821,0.015593386,0.000151139
154,Ar,293K,0.05,5,struct+input,qt_then_rd,gbm,gbm,0.963263829,0.004888621,0.077446133,0.002383073,0.019725657,0.002039286,5.984772662,0.168668186,22.82652478,0.224664166,0.017781734,0.000169018
157,Ar,293K,0.05,5,struct+input,random_struct,gbm,gbm,0.961231103,0.003800022,0.078663181,0.002569241,0.025080777,0.003407173,184802164.8,110443640.1,22.82607493,0.054136172,0.01796422,8.34e-05
160,Ar,293K,0.05,5,struct,random_struct,gbm,gbm,0.526816011,0.020261358,0.365857325,0.002290061,0.305415121,0.020922492,4761769281.0,4444325393.0,20.43417783,0.122366207,0.016140318,0.000216807
163,Ar,293K,0.1,15,struct+input,qt_then_rd,gbm,gbm,0.959593338,0.001585336,0.191077776,0.003616273,0.081565171,0.00402132,7.789600896,0.235534406,22.82061744,0.212464978,0.017912102,0.000239119
166,Ar,293K,0.1,15,struct+input,random_struct,gbm,gbm,0.965924316,0.002820637,0.179281455,0.002960789,0.07899133,0.007064966,371040882.8,342265605.0,22.85299006,0.103272081,0.018181801,0.000182804
169,Ar,293K,0.1,15,struct,random_struct,gbm,gbm,0.758484192,0.013038285,0.520270388,0.00214452,0.559430293,0.024703424,7673791426.0,8783835559.0,20.32554832,0.03917126,0.016269207,0.000258532
172,Ar,293K,0.1,1,struct+input,qt_then_rd,gbm,gbm,0.983206945,0.003131075,0.012465164,0.00055867,0.001026435,0.000224128,2.882882288,0.083186665,22.99187536,0.103422855,0.01684618,0.000195004
175,Ar,293K,0.1,1,struct+input,random_struct,gbm,gbm,0.970519904,0.016421311,0.014285114,0.001187324,0.003602478,0.002460554,52589597.56,49843084.82,23.23664451,0.322884277,0.017213821,0.000173599
178,Ar,293K,0.1,1,struct,random_struct,gbm,gbm,0.325908962,0.035176267,0.15089063,0.002750748,0.079300374,0.012400963,1997335599.0,2383379126.0,20.42466688,0.181779863,0.015594721,0.00015626
181,Ar,293K,0.1,5,struct+input,qt_then_rd,gbm,gbm,0.95841912,0.003345159,0.07979303,0.002486199,0.020994429,0.002270463,5.887848158,0.125207153,22.94809127,0.356995869,0.017882967,0.000499145
184,Ar,293K,0.1,5,struct+input,random_struct,gbm,gbm,0.964158838,0.00454924,0.076525299,0.00191289,0.023163904,0.003526027,211738665.5,169209845.9,23.1226006,0.292873113,0.018399811,0.000309303
187,Ar,293K,0.1,5,struct,random_struct,gbm,gbm,0.526816011,0.020261358,0.365857325,0.002290061,0.305415121,0.020922492,4761769281.0,4444325393.0,20.28075747,0.036201455,0.016289568,0.000257583
190,Ar,293K,0.5,15,struct+input,qt_then_rd,gbm,gbm,0.970241084,0.001401178,0.165273959,0.003966758,0.056126832,0.002321637,7.224401389,0.14443466,22.84102054,0.168720895,0.017996216,0.000198126
193,Ar,293K,0.5,15,struct+input,random_struct,gbm,gbm,0.970903183,0.003068935,0.168217236,0.002626385,0.067458414,0.007599909,371645452.6,469026526.7,22.92414541,0.098143918,0.018347454,0.000217542
196,Ar,293K,0.5,15,struct,random_struct,gbm,gbm,0.758484192,0.013038285,0.520270388,0.00214452,0.559430293,0.024703424,7673791426.0,8783835559.0,20.32711749,0.123926551,0.016200209,0.000184074
199,Ar,293K,0.5,1,struct+input,qt_then_rd,gbm,gbm,0.996234393,0.000770539,0.005892595,7.31e-05,0.000177913,5.93e-05,1.652419091,0.032174963,23.08782291,0.287164932,0.017023706,0.000134769
202,Ar,293K,0.5,1,struct+input,random_struct,gbm,gbm,0.983502511,0.014807489,0.008988683,0.001098385,0.002022764,0.00194368,55520324.07,68378509.69,23.08766341,0.330860756,0.017756033,0.000229331
205,Ar,293K,0.5,1,struct,random_struct,gbm,gbm,0.325908962,0.035176267,0.15089063,0.002750748,0.079300374,0.012400963,1997335599.0,2383379126.0,20.3045012,0.047741489,0.015629148,0.000238384
208,Ar,293K,0.5,5,struct+input,qt_then_rd,gbm,gbm,0.978461866,0.001027102,0.057625723,0.00119258,0.008815229,0.000194685,4.765984544,0.119744309,22.79733033,0.053768636,0.017561388,0.000196319
211,Ar,293K,0.5,5,struct+input,random_struct,gbm,gbm,0.974226847,0.004743239,0.066710968,0.00239236,0.016666651,0.003458528,223006525.0,222674792.5,22.91730142,0.214141079,0.018161058,9.22e-05
214,Ar,293K,0.5,5,struct,random_struct,gbm,gbm,0.526816011,0.020261358,0.365857325,0.002290061,0.305415121,0.020922492,4761769281.0,4444325393.0,20.35642653,0.110100657,0.016154194,0.000188883
217,Ar,313K,0.01,15,struct+input,qt_then_rd,gbm,gbm,0.886569705,0.007303217,0.28011836,0.005997861,0.140933189,0.008697632,10.8287017,0.215677409,15.49318104,0.095923011,0.011923599,0.000144232
220,Ar,313K,0.01,15,struct+input,random_struct,gbm,gbm,0.900643489,0.007288925,0.285530555,0.008943708,0.156751617,0.012576163,11.60476961,0.297601332,15.54780703,0.20084199,0.012430859,0.000440997
223,Ar,313K,0.01,15,struct,random_struct,gbm,gbm,0.620657734,0.014197838,0.55830367,0.017622443,0.598765578,0.036349518,26.5543264,1.191734192,13.7309845,0.013317683,0.011918402,0.000460036
226,Ar,313K,0.01,1,struct+input,qt_then_rd,gbm,gbm,0.991196764,0.001791176,0.007083592,0.000201824,0.000132262,2.78e-05,2.710206139,0.04277019,15.51404381,0.142903806,0.011483145,4.87e-05
229,Ar,313K,0.01,1,struct+input,random_struct,gbm,gbm,0.969734763,0.024347837,0.010505405,0.001533357,0.001954498,0.002146475,3.073774577,0.088318096,15.49090171,0.063315844,0.01182189,0.000185453
232,Ar,313K,0.01,1,struct,random_struct,gbm,gbm,0.254128861,0.072603151,0.107139858,0.005629794,0.042521946,0.010852153,56.74395481,5.676136487,13.78365054,0.079486735,0.011539078,0.000140389
235,Ar,313K,0.01,5,struct+input,qt_then_rd,gbm,gbm,0.88301658,0.016861938,0.096265259,0.003557898,0.025863702,0.004952244,8.449799669,0.262460938,15.43549566,0.042148851,0.011458778,0.000181869
238,Ar,313K,0.01,5,struct+input,random_struct,gbm,gbm,0.889788635,0.010690313,0.110913393,0.001551973,0.04326366,0.005481314,9.661468452,0.164816775,15.49039617,0.112047746,0.011920547,0.000309665
241,Ar,313K,0.01,5,struct,random_struct,gbm,gbm,0.404695934,0.01805247,0.323810388,0.00702555,0.233590075,0.017922587,38.20375663,1.865517894,13.79858065,0.126542324,0.01175518,0.000193159
244,Ar,313K,0.05,15,struct+input,qt_then_rd,gbm,gbm,0.886693291,0.004237249,0.280606233,0.004511977,0.140551372,0.00509904,10.77020075,0.108920102,15.62360725,0.202667767,0.011834002,0.000217488
247,Ar,313K,0.05,15,struct+input,random_struct,gbm,gbm,0.901820989,0.006279252,0.281235582,0.009028864,0.154906286,0.011329951,11.39194022,0.337124512,15.45097733,0.037689114,0.012933302,0.000745673
250,Ar,313K,0.05,15,struct,random_struct,gbm,gbm,0.620657734,0.014197838,0.55830367,0.017622443,0.598765578,0.036349518,26.5543264,1.191734192,13.71873298,0.030762879,0.01163125,0.000128018
253,Ar,313K,0.05,1,struct+input,qt_then_rd,gbm,gbm,0.994958515,0.000610578,0.004826807,0.000146253,6.47e-05,7.45e-06,1.789125427,0.043489234,15.56790938,0.1067928,0.011446047,8.96e-05
256,Ar,313K,0.05,1,struct+input,random_struct,gbm,gbm,0.971188666,0.02451274,0.008559842,0.001550643,0.001874613,0.002125785,2.173026324,0.101498226,15.57038846,0.076338794,0.012227726,0.000167804
259,Ar,313K,0.05,1,struct,random_struct,gbm,gbm,0.254128861,0.072603151,0.107139858,0.005629794,0.042521946,0.010852153,56.74395481,5.676136487,13.78101687,0.098203555,0.011405659,0.000198518
262,Ar,313K,0.05,5,struct+input,qt_then_rd,gbm,gbm,0.887013816,0.010298333,0.093543178,0.003812472,0.024077928,0.002358809,8.164284386,0.218027923,15.60577459,0.127277563,0.011338472,0.000116763
265,Ar,313K,0.05,5,struct+input,random_struct,gbm,gbm,0.89386215,0.008345018,0.107417151,0.00219528,0.041645246,0.004473465,9.203190495,0.253564194,15.85818095,0.79398661,0.011750603,0.000153638
268,Ar,313K,0.05,5,struct,random_struct,gbm,gbm,0.404695934,0.01805247,0.323810388,0.00702555,0.233590075,0.017922587,38.20375663,1.865517894,13.8023819,0.152812307,0.011783981,0.000146586
271,Ar,313K,0.1,15,struct+input,qt_then_rd,gbm,gbm,0.884918029,0.005506937,0.280591866,0.003906524,0.139120374,0.00438533,10.88702758,0.128174438,15.49348321,0.067289701,0.011927986,0.000124638
274,Ar,313K,0.1,15,struct+input,random_struct,gbm,gbm,0.902080585,0.005879565,0.28143656,0.008588383,0.15450562,0.010996553,11.40503144,0.309315523,15.50343671,0.111608578,0.01235137,0.000179358
277,Ar,313K,0.1,15,struct,random_struct,gbm,gbm,0.620657734,0.014197838,0.55830367,0.017622443,0.598765578,0.036349518,26.5543264,1.191734192,13.74261918,0.014835263,0.011695242,0.000138889
280,Ar,313K,0.1,1,struct+input,qt_then_rd,gbm,gbm,0.993970354,0.001662965,0.004555485,0.00018069,8.22e-05,2.2e-05,1.626601045,0.051897066,15.5674603,0.096193032,0.011570263,3.12e-05
283,Ar,313K,0.1,1,struct+input,random_struct,gbm,gbm,0.974058244,0.024788067,0.00793023,0.001653296,0.001714471,0.00210108,1.951464639,0.092595357,15.57658868,0.290021272,0.012275076,0.000383104
286,Ar,313K,0.1,1,struct,random_struct,gbm,gbm,0.254128861,0.072603151,0.107139858,0.005629794,0.042521946,0.010852153,56.74395481,5.676136487,13.8805655,0.167268971,0.011431456,0.000159093
289,Ar,313K,0.1,5,struct+input,qt_then_rd,gbm,gbm,0.889602049,0.006062032,0.092670814,0.001830232,0.023242145,0.001244765,8.055509657,0.137447339,15.50266476,0.108387329,0.011353493,0.000193279
292,Ar,313K,0.1,5,struct+input,random_struct,gbm,gbm,0.893820156,0.009199838,0.106785181,0.001894941,0.04169107,0.005104539,9.200735136,0.239734404,15.46305761,0.043360623,0.012028027,0.000337874
295,Ar,313K,0.1,5,struct,random_struct,gbm,gbm,0.404695934,0.01805247,0.323810388,0.00702555,0.233590075,0.017922587,38.20375663,1.865517894,13.79239874,0.17162074,0.011686134,0.000165152
298,Ar,313K,0.5,15,struct+input,qt_then_rd,gbm,gbm,0.887081732,0.00497764,0.275879291,0.004959551,0.13464055,0.00579164,10.53213755,0.288793169,15.49138937,0.103083226,0.012015438,0.000117826
301,Ar,313K,0.5,15,struct+input,random_struct,gbm,gbm,0.907846127,0.005527021,0.275397675,0.009047092,0.145440502,0.010870228,11.16227322,0.312867946,15.53008008,0.108602675,0.012265778,0.000119663
304,Ar,313K,0.5,15,struct,random_struct,gbm,gbm,0.620657734,0.014197838,0.55830367,0.017622443,0.598765578,0.036349518,26.5543264,1.191734192,13.75357676,0.052671138,0.011931896,0.00027306
307,Ar,313K,0.5,1,struct+input,qt_then_rd,gbm,gbm,0.997816318,0.000203506,0.003309035,9.06e-05,3.05e-05,2.84e-06,1.164100989,0.019773034,15.54925761,0.108236166,0.011786413,0.000130734
310,Ar,313K,0.5,1,struct+input,random_struct,gbm,gbm,0.989751843,0.013740002,0.0051469,0.001067894,0.000717392,0.001135628,1.347690498,0.070337885,15.57570395,0.175887067,0.012474298,0.000193074
313,Ar,313K,0.5,1,struct,random_struct,gbm,gbm,0.254128861,0.072603151,0.107139858,0.005629794,0.042521946,0.010852153,56.74395481,5.676136487,13.77390742,0.102531369,0.011436796,8.37e-05
316,Ar,313K,0.5,5,struct+input,qt_then_rd,gbm,gbm,0.888431899,0.005725755,0.0925847,0.000763738,0.02353775,0.001085875,7.977428205,0.184547187,15.55267467,0.11638551,0.01133275,0.000236929
319,Ar,313K,0.5,5,struct+input,random_struct,gbm,gbm,0.903566116,0.009025284,0.10269362,0.002194003,0.03781954,0.004300129,8.928121861,0.210967568,15.44831944,0.073748756,0.011923409,9.8e-05
322,Ar,313K,0.5,5,struct,random_struct,gbm,gbm,0.404695934,0.01805247,0.323810388,0.00702555,0.233590075,0.017922587,38.20375663,1.865517894,13.78461976,0.104045292,0.011942863,0.00051757
325,H2,293K,0.01,5,struct+input,qt_then_rd,gbm,gbm,0.981986462,0.002668697,0.034173333,0.001138044,0.002659937,0.000362033,3.725601162,0.106861798,17.63883371,0.047286819,0.012957954,0.000137021
328,H2,293K,0.01,5,struct+input,random_struct,gbm,gbm,0.804234834,0.22478935,0.048995456,0.010094104,0.238564884,0.305313959,4.298751583,0.210025849,17.68702331,0.127681757,0.013710403,0.00013139
331,H2,293K,0.01,5,struct,random_struct,gbm,gbm,0.170100098,0.110050391,0.273534873,0.008593817,0.687209657,0.501634522,39.36110654,1.329065327,15.70283551,0.04819973,0.013119888,0.000206811
334,He,273K,0.01,15,struct+input,qt_then_rd,gbm,gbm,0.988593509,0.000758727,0.014972454,0.000243534,0.000414183,2.11e-05,6.785324432,0.156542542,20.2260828,0.270100557,0.014299488,9.31e-05
337,He,273K,0.01,15,struct+input,random_struct,gbm,gbm,0.961272988,0.044027443,0.015861062,0.001023153,0.004013027,0.005229152,7.059857277,0.131853883,20.01845264,0.170882859,0.014722681,0.000210572
340,He,273K,0.01,15,struct,random_struct,gbm,gbm,0.95538938,0.041392877,0.02264778,0.000565315,0.004544892,0.005137859,12.74113845,0.547898215,18.30425882,0.064464521,0.015374136,0.000383648
343,He,273K,0.01,1,struct+input,qt_then_rd,gbm,gbm,0.987988815,0.00129204,0.001049246,2.07e-05,2.09e-06,2.05e-07,6.931351648,0.184303557,20.09944286,0.261255375,0.014185333,0.000199241
346,He,273K,0.01,1,struct+input,random_struct,gbm,gbm,0.957612159,0.040242222,0.001117809,6.79e-05,2.06e-05,2.29e-05,7.231517801,0.120313375,19.97282,0.109718037,0.015069532,0.000488135
349,He,273K,0.01,1,struct,random_struct,gbm,gbm,0.944981306,0.037336222,0.001616699,4.12e-05,2.59e-05,2.22e-05,13.50610037,0.86235953,18.28276157,0.076205817,0.01519022,0.000122807
352,He,273K,0.01,5,struct+input,qt_then_rd,gbm,gbm,0.988582359,0.000534005,0.005149501,9.28e-05,4.88e-05,2.27e-06,6.872942595,0.156127813,20.0538898,0.380250345,0.014425993,0.00035363
355,He,273K,0.01,5,struct+input,random_struct,gbm,gbm,0.961920293,0.038437331,0.005452827,0.000346298,0.000451383,0.000528982,7.158717745,0.146886386,19.93541212,0.084498781,0.014740944,0.000317427
358,He,273K,0.01,5,struct,random_struct,gbm,gbm,0.950120168,0.037575275,0.007864622,0.000216603,0.000574963,0.000525822,13.18516016,0.676405086,18.19410028,0.038059749,0.015275288,0.000173279
361,He,273K,0.05,15,struct+input,qt_then_rd,gbm,gbm,0.9916882,0.007689155,0.009241996,0.000432912,0.00032034,0.000335574,3.900096609,0.075376805,20.31906748,0.182024322,0.014037037,0.000160341
364,He,273K,0.05,15,struct+input,random_struct,gbm,gbm,0.961067611,0.042676715,0.010562868,0.000844722,0.004031053,0.005084812,4.119944712,0.076918803,20.30517282,0.168162796,0.014487791,0.000326246
367,He,273K,0.05,15,struct,random_struct,gbm,gbm,0.95538938,0.041392877,0.02264778,0.000565315,0.004544892,0.005137859,12.74113845,0.547898215,18.26602044,0.135566451,0.015336609,0.00014137
370,He,273K,0.05,1,struct+input,qt_then_rd,gbm,gbm,0.994793514,0.000583188,0.000641164,1.47e-05,9.06e-07,1.77e-07,4.003463079,0.080360694,20.37519073,0.166000203,0.013710785,0.000175355
373,He,273K,0.05,1,struct+input,random_struct,gbm,gbm,0.96760811,0.041580934,0.000725097,5.49e-05,1.63e-05,2.37e-05,4.200456975,0.098908112,20.2723599,0.074137095,0.014254761,0.000307114
376,He,273K,0.05,1,struct,random_struct,gbm,gbm,0.944981306,0.037336222,0.001616699,4.12e-05,2.59e-05,2.22e-05,13.50610037,0.86235953,18.23895683,0.072397825,0.0152143,0.000157346
379,He,273K,0.05,5,struct+input,qt_then_rd,gbm,gbm,0.991331774,0.008593154,0.003135257,0.000137709,3.94e-05,4.39e-05,3.928495245,0.093907198,20.33954906,0.152238294,0.013856888,9.58e-05
382,He,273K,0.05,5,struct+input,random_struct,gbm,gbm,0.96032814,0.040110827,0.003562812,0.000297329,0.000464976,0.0005281,4.130778294,0.106943484,20.2981915,0.109822722,0.014410448,0.000475219
385,He,273K,0.05,5,struct,random_struct,gbm,gbm,0.950120168,0.037575275,0.007864622,0.000216603,0.000574963,0.000525822,13.18516016,0.676405086,18.35298409,0.274396921,0.015236378,0.000117669
388,He,273K,0.1,15,struct+input,qt_then_rd,gbm,gbm,0.996541083,0.000305155,0.00726036,0.000215437,0.00011575,1.06e-05,3.025807163,0.033256676,20.53235331,0.218551978,0.013567162,0.000216172
391,He,273K,0.1,15,struct+input,random_struct,gbm,gbm,0.957328459,0.04297619,0.00881569,0.000981935,0.004357922,0.005042585,3.202313619,0.067643634,20.47316313,0.112537435,0.013957262,0.000177848
394,He,273K,0.1,15,struct,random_struct,gbm,gbm,0.95538938,0.041392877,0.02264778,0.000565315,0.004544892,0.005137859,12.74113845,0.547898215,18.25494251,0.137653403,0.015246725,0.000125877
397,He,273K,0.1,1,struct+input,qt_then_rd,gbm,gbm,0.996458468,0.000287216,0.000509117,1.28e-05,5.61e-07,3.55e-08,3.137285336,0.034479066,20.6547523,0.502851996,0.01339035,7.26e-05
400,He,273K,0.1,1,struct+input,random_struct,gbm,gbm,0.971143325,0.042513375,0.000588766,6.66e-05,1.49e-05,2.41e-05,3.272133221,0.058762155,20.5596096,0.245796998,0.014029121,0.000345867
403,He,273K,0.1,1,struct,random_struct,gbm,gbm,0.944981306,0.037336222,0.001616699,4.12e-05,2.59e-05,2.22e-05,13.50610037,0.86235953,18.2490211,0.116518212,0.015231371,0.000122537
406,He,273K,0.1,5,struct+input,qt_then_rd,gbm,gbm,0.996674452,0.000204643,0.002446417,5.46e-05,1.3e-05,7.86e-07,3.024184063,0.030855036,20.47335973,0.192933733,0.013544416,0.000295305
409,He,273K,0.1,5,struct+input,random_struct,gbm,gbm,0.961061853,0.038167865,0.002930617,0.000324846,0.000460252,0.000516351,3.175004683,0.04293551,20.58860826,0.163412151,0.013880014,0.000163795
412,He,273K,0.1,5,struct,random_struct,gbm,gbm,0.950120168,0.037575275,0.007864622,0.000216603,0.000574963,0.000525822,13.18516016,0.676405086,18.19797549,0.136624333,0.015321064,8.11e-05
415,He,273K,0.5,15,struct+input,qt_then_rd,gbm,gbm,0.998145968,0.00027041,0.004504994,0.000120807,6.13e-05,1.02e-05,1.816678026,0.071945849,20.54241104,0.122750103,0.013728762,0.000239438
418,He,273K,0.5,15,struct+input,random_struct,gbm,gbm,0.961435885,0.042474866,0.00626486,0.000864601,0.003999964,0.005048182,1.953165793,0.064710231,20.64751139,0.217495606,0.014665174,0.000706799
421,He,273K,0.5,15,struct,random_struct,gbm,gbm,0.95538938,0.041392877,0.02264778,0.000565315,0.004544892,0.005137859,12.74113845,0.547898215,18.58014598,0.21392632,0.015297604,0.000129804
424,He,273K,0.5,1,struct+input,qt_then_rd,gbm,gbm,0.998183513,0.000244582,0.000312379,1.03e-05,2.84e-07,4.52e-08,1.931316967,0.075603766,20.5325675,0.197088058,0.013830328,0.000131926
427,He,273K,0.5,1,struct+input,random_struct,gbm,gbm,0.968104243,0.041293803,0.000415446,5.9e-05,1.62e-05,2.35e-05,2.083786232,0.06693275,20.52453928,0.08444544,0.014496136,0.000273012
430,He,273K,0.5,1,struct,random_struct,gbm,gbm,0.944981306,0.037336222,0.001616699,4.12e-05,2.59e-05,2.22e-05,13.50610037,0.86235953,18.22410674,0.054095884,0.015337944,0.000213028
433,He,273K,0.5,5,struct+input,qt_then_rd,gbm,gbm,0.998319535,0.000218308,0.00145676,4.09e-05,6.5e-06,9.64e-07,1.790702436,0.062759258,20.5618957,0.220355295,0.013730383,0.000143451
436,He,273K,0.5,5,struct+input,random_struct,gbm,gbm,0.966066407,0.037774259,0.001983153,0.000235588,0.000408685,0.000518373,1.915356731,0.078069365,20.48984585,0.054399123,0.014618444,0.000385596
439,He,273K,0.5,5,struct,random_struct,gbm,gbm,0.950120168,0.037575275,0.007864622,0.000216603,0.000574963,0.000525822,13.18516016,0.676405086,18.24067411,0.04653538,0.015304756,8.88e-05
442,He,293K,0.01,15,struct+input,qt_then_rd,gbm,gbm,0.989221078,0.000470092,0.013226831,0.000147262,0.000314825,8.26e-06,6.882593181,0.131016836,19.7755022,0.058178379,0.015081692,0.00024257
445,He,293K,0.01,15,struct+input,random_struct,gbm,gbm,0.960626618,0.04512332,0.014009228,0.000734768,0.003499325,0.004630943,7.105324303,0.18684195,19.96058998,0.172377816,0.01525774,0.000262724
448,He,293K,0.01,15,struct,random_struct,gbm,gbm,0.942034038,0.045987327,0.019529899,0.000795089,0.004854656,0.004520057,12.18567714,0.415708611,18.32883387,0.177050581,0.015415096,0.000143625
451,He,293K,0.01,1,struct+input,qt_then_rd,gbm,gbm,0.989006676,0.000395786,0.000915216,1.21e-05,1.51e-06,4.58e-08,7.007647083,0.140937556,19.97080793,0.310170209,0.01503253,0.000143098
454,He,293K,0.01,1,struct+input,random_struct,gbm,gbm,0.959949531,0.040456518,0.000972408,5.64e-05,1.64e-05,1.93e-05,7.253534743,0.169994363,19.82057867,0.142762681,0.015451574,0.000139226
457,He,293K,0.01,1,struct,random_struct,gbm,gbm,0.944685233,0.040812039,0.001355999,5e-05,2.17e-05,1.92e-05,12.68036326,0.592179834,18.29754992,0.122028876,0.01522994,9.43e-05
460,He,293K,0.01,5,struct+input,qt_then_rd,gbm,gbm,0.989207806,0.00046035,0.004510832,5.6e-05,3.67e-05,1.34e-06,6.928850805,0.128321479,19.8420392,0.140394062,0.015130091,0.000147636
463,He,293K,0.01,5,struct+input,random_struct,gbm,gbm,0.956490953,0.040736334,0.004813056,0.000258937,0.000426578,0.000456766,7.167315142,0.189624722,19.99441457,0.198847072,0.015501642,0.000406682
466,He,293K,0.01,5,struct,random_struct,gbm,gbm,0.947886091,0.039036207,0.006688032,0.000218647,0.000501092,0.000445941,12.47788023,0.475344331,18.25498118,0.021184719,0.015349388,0.000184354
469,He,293K,0.05,15,struct+input,qt_then_rd,gbm,gbm,0.99577614,0.000258927,0.007797447,0.000141351,0.000114266,6.66e-06,3.815894009,0.050252544,20.37055511,0.250846896,0.014126873,0.000158738
472,He,293K,0.05,15,struct+input,random_struct,gbm,gbm,0.957425891,0.044599434,0.009069844,0.000987629,0.003714937,0.004488302,3.921512728,0.075159529,20.52961745,0.611245007,0.0147367,0.000419319
475,He,293K,0.05,15,struct,random_struct,gbm,gbm,0.942034038,0.045987327,0.019529899,0.000795089,0.004854656,0.004520057,12.18567714,0.415708611,18.29805031,0.108713917,0.015530634,0.000168404
478,He,293K,0.05,1,struct+input,qt_then_rd,gbm,gbm,0.995771198,0.000132279,0.000541868,7.69e-06,5.39e-07,2.05e-08,3.921143371,0.037387921,20.39517989,0.157976069,0.013819408,0.000175771
481,He,293K,0.05,1,struct+input,random_struct,gbm,gbm,0.958415639,0.040980947,0.000625698,7.15e-05,1.69e-05,1.91e-05,4.016410981,0.061935464,20.3818944,0.153345814,0.014378738,0.000187938
484,He,293K,0.05,1,struct,random_struct,gbm,gbm,0.944685233,0.040812039,0.001355999,5e-05,2.17e-05,1.92e-05,12.68036326,0.592179834,18.29182386,0.140338045,0.015300083,0.000106254
487,He,293K,0.05,5,struct+input,qt_then_rd,gbm,gbm,0.995894224,0.000140259,0.002639283,3.97e-05,1.29e-05,4.68e-07,3.851076969,0.035733749,20.31846881,0.223685492,0.014119291,9.89e-05
490,He,293K,0.05,5,struct+input,random_struct,gbm,gbm,0.957985685,0.042462779,0.003053936,0.000321762,0.000412678,0.000463536,3.94132901,0.070970956,20.45545635,0.519454993,0.014598989,0.000115103
493,He,293K,0.05,5,struct,random_struct,gbm,gbm,0.947886091,0.039036207,0.006688032,0.000218647,0.000501092,0.000445941,12.47788023,0.475344331,18.29502573,0.152245231,0.015302134,0.000172868
496,He,293K,0.1,15,struct+input,qt_then_rd,gbm,gbm,0.997599789,0.000143579,0.005902152,0.000122951,6.83e-05,4.86e-06,2.787466817,0.050618498,20.63869057,0.477083129,0.013759136,0.000120592
499,He,293K,0.1,15,struct+input,random_struct,gbm,gbm,0.959126885,0.044578961,0.007378791,0.001025346,0.003587092,0.004491681,2.952141418,0.107320294,20.45223603,0.17554395,0.014306402,0.000170018
502,He,293K,0.1,15,struct,random_struct,gbm,gbm,0.942034038,0.045987327,0.019529899,0.000795089,0.004854656,0.004520057,12.18567714,0.415708611,18.32844243,0.160689805,0.015565205,0.000198109
505,He,293K,0.1,1,struct+input,qt_then_rd,gbm,gbm,0.997608839,7.14e-05,0.000412672,8.83e-06,3.2e-07,1.21e-08,2.916653855,0.059411556,20.41763759,0.213934531,0.013866949,0.000181062
508,He,293K,0.1,1,struct+input,random_struct,gbm,gbm,0.954339974,0.042429622,0.000512479,7.56e-05,1.83e-05,1.93e-05,3.059367356,0.09867153,20.37222495,0.049077342,0.014419222,0.00028881
511,He,293K,0.1,1,struct,random_struct,gbm,gbm,0.944685233,0.040812039,0.001355999,5e-05,2.17e-05,1.92e-05,12.68036326,0.592179834,18.50114617,0.4489977,0.015370369,0.000186583
514,He,293K,0.1,5,struct+input,qt_then_rd,gbm,gbm,0.997713359,0.000120472,0.001978947,3.29e-05,7.55e-06,3.04e-07,2.786592336,0.05482128,20.46265364,0.14369708,0.013907194,0.000206584
517,He,293K,0.1,5,struct+input,random_struct,gbm,gbm,0.96567562,0.040133383,0.002418734,0.000324465,0.000348052,0.000459835,2.948451286,0.12095329,20.56180611,0.092557592,0.014583302,0.000439535
520,He,293K,0.1,5,struct,random_struct,gbm,gbm,0.947886091,0.039036207,0.006688032,0.000218647,0.000501092,0.000445941,12.47788023,0.475344331,18.36451612,0.28291677,0.0152637,0.000121784
523,He,293K,0.2,15,struct+input,qt_then_rd,gbm,gbm,0.998378867,6.6e-05,0.004569453,8.6e-05,4.33e-05,1.52e-06,2.115382349,0.0458202,20.70628929,0.49281857,0.013708162,0.000110897
526,He,293K,0.2,15,struct+input,random_struct,gbm,gbm,0.953242312,0.046285457,0.00621247,0.000903948,0.004014507,0.004499007,2.242627584,0.055448538,20.50614552,0.11040201,0.014332294,0.00032126
529,He,293K,0.2,15,struct,random_struct,gbm,gbm,0.942034038,0.045987327,0.019529899,0.000795089,0.004854656,0.004520057,12.18567714,0.415708611,18.29604492,0.069994774,0.01543026,0.00030115
532,He,293K,0.2,1,struct+input,qt_then_rd,gbm,gbm,0.998442405,0.000107895,0.000316639,6.16e-06,1.95e-07,1.06e-08,2.210914817,0.048372047,20.93273382,0.542186408,0.013814163,0.000127976
535,He,293K,0.2,1,struct+input,random_struct,gbm,gbm,0.960720367,0.041536388,0.000411648,6.06e-05,1.6e-05,1.93e-05,2.326910388,0.042709221,20.52525444,0.184157864,0.014578056,0.000270275
538,He,293K,0.2,1,struct,random_struct,gbm,gbm,0.944685233,0.040812039,0.001355999,5e-05,2.17e-05,1.92e-05,12.68036326,0.592179834,18.2187614,0.04825393,0.015366936,6.82e-05
541,He,293K,0.2,5,struct+input,qt_then_rd,gbm,gbm,0.998564345,6.36e-05,0.001493868,2.58e-05,4.44e-06,1.32e-07,2.08276854,0.035759009,20.46299009,0.069442081,0.013857317,0.000136148
544,He,293K,0.2,5,struct+input,random_struct,gbm,gbm,0.960287839,0.040340021,0.001970794,0.000283061,0.000393458,0.000450835,2.185990593,0.053322606,20.50008206,0.097380606,0.014404583,0.000209503
547,He,293K,0.2,5,struct,random_struct,gbm,gbm,0.947886091,0.039036207,0.006688032,0.000218647,0.000501092,0.000445941,12.47788023,0.475344331,18.33458934,0.277102641,0.015374804,0.000184451
550,He,293K,0.35,15,struct+input,qt_then_rd,gbm,gbm,0.998891615,8.64e-05,0.003741004,9.56e-05,2.99e-05,2.75e-06,1.666454933,0.008224875,20.59001594,0.0979489,0.013746929,0.000153317
553,He,293K,0.35,15,struct+input,random_struct,gbm,gbm,0.955350109,0.045195446,0.005331172,0.000965713,0.003866266,0.004474479,1.791832486,0.043396763,20.83052297,0.454818756,0.014476633,0.000216087
556,He,293K,0.35,15,struct,random_struct,gbm,gbm,0.942034038,0.045987327,0.019529899,0.000795089,0.004854656,0.004520057,12.18567714,0.415708611,18.25999227,0.088620465,0.015392685,6.69e-05
559,He,293K,0.35,1,struct+input,qt_then_rd,gbm,gbm,0.998959373,2.35e-05,0.000259669,1.59e-06,1.32e-07,1.45e-09,1.791821412,0.023622824,20.5449501,0.048139677,0.013954639,0.000244982
562,He,293K,0.35,1,struct+input,random_struct,gbm,gbm,0.959081874,0.041088549,0.000364265,6.09e-05,1.66e-05,1.91e-05,1.936641127,0.055656078,20.44981751,0.072094936,0.014600277,0.000237837
565,He,293K,0.35,1,struct,random_struct,gbm,gbm,0.944685233,0.040812039,0.001355999,5e-05,2.17e-05,1.92e-05,12.68036326,0.592179834,18.30147119,0.168548248,0.015315199,0.00018527
568,He,293K,0.35,5,struct+input,qt_then_rd,gbm,gbm,0.999090464,1.91e-05,0.001192881,1.53e-05,2.85e-06,1.06e-07,1.639164213,0.016047913,20.71863637,0.525514637,0.014079475,0.000180828
571,He,293K,0.35,5,struct+input,random_struct,gbm,gbm,0.96177205,0.04015356,0.001686149,0.000299631,0.000380727,0.000451245,1.76606299,0.04251703,20.52894459,0.097440827,0.014710712,0.000238833
574,He,293K,0.35,5,struct,random_struct,gbm,gbm,0.947886091,0.039036207,0.006688032,0.000218647,0.000501092,0.000445941,12.47788023,0.475344331,18.32848749,0.1973036,0.015319729,0.000140311
577,He,293K,0.5,15,struct+input,qt_then_rd,gbm,gbm,0.998786821,0.000802762,0.003320348,0.000135645,3.37e-05,2.13e-05,1.480683097,0.024001963,20.57723937,0.273566598,0.013787317,0.000261944
580,He,293K,0.5,15,struct+input,random_struct,gbm,gbm,0.955998841,0.044836693,0.004955877,0.001003615,0.003823411,0.004460896,1.584417453,0.072067936,20.55662866,0.133805306,0.014623737,0.000290488
583,He,293K,0.5,15,struct,random_struct,gbm,gbm,0.942034038,0.045987327,0.019529899,0.000795089,0.004854656,0.004520057,12.18567714,0.415708611,18.1900897,0.032321801,0.015306282,0.000150738
586,He,293K,0.5,1,struct+input,qt_then_rd,gbm,gbm,0.99919304,2.76e-05,0.000232331,4.52e-06,1.07e-07,5.95e-09,1.62102914,0.020839625,20.48003855,0.068877807,0.014117146,0.000175829
589,He,293K,0.5,1,struct+input,random_struct,gbm,gbm,0.963942899,0.040895373,0.000331492,6.03e-05,1.5e-05,1.93e-05,1.723935103,0.041804094,20.51755538,0.151505337,0.014774513,0.000199059
592,He,293K,0.5,1,struct,random_struct,gbm,gbm,0.944685233,0.040812039,0.001355999,5e-05,2.17e-05,1.92e-05,12.68036326,0.592179834,18.19266605,0.041425096,0.015304184,0.000181258
595,He,293K,0.5,5,struct+input,qt_then_rd,gbm,gbm,0.999205916,0.000279994,0.001053373,3.21e-05,2.58e-06,8.47e-07,1.448449756,0.013450736,20.58734879,0.311143225,0.014010429,0.000227074
598,He,293K,0.5,5,struct+input,random_struct,gbm,gbm,0.959527233,0.039446049,0.001568073,0.000317456,0.000400246,0.000442073,1.54734205,0.058385711,20.68753514,0.238567881,0.014494324,0.000141922
601,He,293K,0.5,5,struct,random_struct,gbm,gbm,0.947886091,0.039036207,0.006688032,0.000218647,0.000501092,0.000445941,12.47788023,0.475344331,18.31104884,0.118432893,0.015271568,9.66e-05
604,He,313K,0.01,15,struct+input,qt_then_rd,gbm,gbm,0.988412578,0.000203905,0.012143167,0.000217095,0.000268672,1.01e-05,7.115276573,0.146613037,19.7834959,0.101243166,0.014539862,0.000118192
607,He,313K,0.01,15,struct+input,random_struct,gbm,gbm,0.960598706,0.045287572,0.012860264,0.000845453,0.003004613,0.004004448,7.493204037,0.172926364,19.79316196,0.092926338,0.015095806,0.000342337
610,He,313K,0.01,15,struct,random_struct,gbm,gbm,0.950222873,0.044617444,0.016858243,0.000706957,0.003664852,0.003923434,11.6858418,0.352531802,18.43000107,0.153552746,0.01534524,0.000152044
613,He,313K,0.01,1,struct+input,qt_then_rd,gbm,gbm,0.988249022,0.000273889,0.00083536,1.25e-05,1.27e-06,3.37e-08,7.226005062,0.123462655,19.73672624,0.02756805,0.014741898,0.000246817
616,He,313K,0.01,1,struct+input,random_struct,gbm,gbm,0.960839928,0.043406495,0.000882631,5.92e-05,1.39e-05,1.77e-05,7.621254376,0.155544099,19.99608893,0.157071836,0.014890766,0.000349669
619,He,313K,0.01,1,struct,random_struct,gbm,gbm,0.950834562,0.042120148,0.001161124,4.52e-05,1.68e-05,1.72e-05,12.10326553,0.483864263,18.21827869,0.127562647,0.015396881,0.000163322
622,He,313K,0.01,5,struct+input,qt_then_rd,gbm,gbm,0.988503684,0.000240323,0.004108524,5.95e-05,3.08e-05,8.59e-07,7.170357073,0.131336714,20.43346453,1.475408958,0.014740515,0.000287918
625,He,313K,0.01,5,struct+input,random_struct,gbm,gbm,0.960611335,0.038032458,0.004385249,0.000283177,0.00033417,0.00037457,7.59083096,0.183354167,19.87524552,0.231216076,0.015050459,0.000241345
628,He,313K,0.01,5,struct,random_struct,gbm,gbm,0.954492616,0.036994616,0.005717131,0.000246122,0.000379242,0.000369678,11.91380791,0.370718994,18.36969519,0.166732214,0.015571404,0.000337236
631,He,313K,0.05,15,struct+input,qt_then_rd,gbm,gbm,0.994761641,0.000292172,0.007526811,0.000146689,0.000112157,7.46e-06,4.103465669,0.089884819,20.30821729,0.097979746,0.013811541,0.000225378
634,He,313K,0.05,15,struct+input,random_struct,gbm,gbm,0.960562028,0.045419653,0.008786843,0.000769459,0.003005042,0.003979653,4.326057425,0.060624895,20.32033443,0.197969857,0.014168739,0.000231672
637,He,313K,0.05,15,struct,random_struct,gbm,gbm,0.950222873,0.044617444,0.016858243,0.000706957,0.003664852,0.003923434,11.6858418,0.352531802,18.37384744,0.233769541,0.015359879,0.000137353
640,He,313K,0.05,1,struct+input,qt_then_rd,gbm,gbm,0.99460407,0.000283451,0.00052499,1.09e-05,5.4e-07,3.16e-08,4.245847854,0.098227391,20.45461411,0.477626829,0.01388545,0.000248841
643,He,313K,0.05,1,struct+input,random_struct,gbm,gbm,0.960722936,0.04264011,0.000603797,5.66e-05,1.38e-05,1.73e-05,4.443418244,0.092859467,20.35599866,0.209581472,0.014326811,0.000283997
646,He,313K,0.05,1,struct,random_struct,gbm,gbm,0.950834562,0.042120148,0.001161124,4.52e-05,1.68e-05,1.72e-05,12.10326553,0.483864263,18.23934946,0.087970582,0.015381527,0.000198614
649,He,313K,0.05,5,struct+input,qt_then_rd,gbm,gbm,0.994821999,0.000362486,0.002553535,6.1e-05,1.28e-05,9.79e-07,4.136503108,0.111092817,20.31829228,0.099592375,0.013950872,0.000168215
652,He,313K,0.05,5,struct+input,random_struct,gbm,gbm,0.965292667,0.038992435,0.002926828,0.000255811,0.000300418,0.00038413,4.347200037,0.056924109,20.37850294,0.248675894,0.014228725,0.000183312
655,He,313K,0.05,5,struct,random_struct,gbm,gbm,0.954492616,0.036994616,0.005717131,0.000246122,0.000379242,0.000369678,11.91380791,0.370718994,18.26194844,0.064136705,0.015530252,0.000148188
658,He,313K,0.1,15,struct+input,qt_then_rd,gbm,gbm,0.996564607,0.000126521,0.006090446,3.88e-05,7.95e-05,3.93e-06,3.252474897,0.063611368,20.61553311,0.249818307,0.01356039,0.00014005
661,He,313K,0.1,15,struct+input,random_struct,gbm,gbm,0.957332448,0.045562133,0.007355812,0.000880823,0.003206587,0.003932557,3.343735948,0.064905187,20.39477181,0.059556824,0.014271116,0.00029379
664,He,313K,0.1,15,struct,random_struct,gbm,gbm,0.950222873,0.044617444,0.016858243,0.000706957,0.003664852,0.003923434,11.6858418,0.352531802,18.28662958,0.109936255,0.015338516,0.000168579
667,He,313K,0.1,1,struct+input,qt_then_rd,gbm,gbm,0.996579939,0.000184214,0.000424276,5.21e-06,3.7e-07,4.39e-09,3.378347211,0.106356027,20.38230591,0.085857021,0.013741541,0.000165927
670,He,313K,0.1,1,struct+input,random_struct,gbm,gbm,0.962500111,0.042932875,0.000503495,5.5e-05,1.33e-05,1.74e-05,3.469270167,0.033165124,20.36139121,0.166269545,0.014216375,0.000236344
673,He,313K,0.1,1,struct,random_struct,gbm,gbm,0.950834562,0.042120148,0.001161124,4.52e-05,1.68e-05,1.72e-05,12.10326553,0.483864263,18.20861092,0.074362615,0.015406561,0.000240896
676,He,313K,0.1,5,struct+input,qt_then_rd,gbm,gbm,0.99676417,0.000167267,0.002042916,1.4e-05,8.64e-06,1.34e-07,3.26872642,0.079007752,20.33987494,0.029958625,0.013743353,0.000294248
679,He,313K,0.1,5,struct+input,random_struct,gbm,gbm,0.962997467,0.038892601,0.002454957,0.00026163,0.000315469,0.0003772,3.362765963,0.054852406,20.36658244,0.084581053,0.014316702,0.000323502
682,He,313K,0.1,5,struct,random_struct,gbm,gbm,0.954492616,0.036994616,0.005717131,0.000246122,0.000379242,0.000369678,11.91380791,0.370718994,18.20461035,0.052973917,0.015414524,7.29e-05
685,He,313K,0.5,15,struct+input,qt_then_rd,gbm,gbm,0.9982983,0.000432015,0.003479462,0.000162972,3.82e-05,9.61e-06,1.803209752,0.089884064,20.55188336,0.128734294,0.013938522,0.000276699
688,He,313K,0.5,15,struct+input,random_struct,gbm,gbm,0.957365928,0.045722998,0.004846017,0.000851224,0.003193829,0.003926415,1.871966273,0.041881131,20.48850198,0.044077399,0.014296532,0.000317572
691,He,313K,0.5,15,struct,random_struct,gbm,gbm,0.950222873,0.044617444,0.016858243,0.000706957,0.003664852,0.003923434,11.6858418,0.352531802,18.38284669,0.266502747,0.015350914,0.000140169
694,He,313K,0.5,1,struct+input,qt_then_rd,gbm,gbm,0.998466599,0.000198141,0.000252627,8.7e-06,1.61e-07,2.05e-08,2.003120873,0.095606488,20.48720355,0.110727343,0.013960743,0.00013293
697,He,313K,0.5,1,struct+input,random_struct,gbm,gbm,0.957077431,0.043533685,0.000343203,6.34e-05,1.49e-05,1.73e-05,2.084180529,0.056277743,20.45470042,0.066777738,0.014482832,0.000140888
700,He,313K,0.5,1,struct,random_struct,gbm,gbm,0.950834562,0.042120148,0.001161124,4.52e-05,1.68e-05,1.72e-05,12.10326553,0.483864263,18.34032435,0.064280758,0.015395546,0.000236372
703,He,313K,0.5,5,struct+input,qt_then_rd,gbm,gbm,0.998551579,0.000254721,0.001148171,5.17e-05,3.77e-06,6.51e-07,1.815198827,0.096770288,20.63530822,0.212903507,0.013826132,0.000146246
706,He,313K,0.5,5,struct+input,random_struct,gbm,gbm,0.965394892,0.039341739,0.001558995,0.00029768,0.00029924,0.0003802,1.887342833,0.035776643,20.57686915,0.134963062,0.014611483,0.000164687
709,He,313K,0.5,5,struct,random_struct,gbm,gbm,0.954492616,0.036994616,0.005717131,0.000246122,0.000379242,0.000369678,11.91380791,0.370718994,18.24543533,0.04571538,0.015469265,0.000183884
712,N2,293K,0.01,5,struct+input,qt_then_rd,gbm,gbm,0.959290588,0.004969028,0.06203787,0.002923436,0.010042557,0.001113585,4.694377723,0.218728961,13.89090419,0.032529869,0.0111619,0.000158471
715,N2,293K,0.01,5,struct+input,random_struct,gbm,gbm,0.926661506,0.021297822,0.073479621,0.004302955,0.031647204,0.011978617,5.275740305,0.261831967,13.87493873,0.126172894,0.011559772,0.000102273
718,N2,293K,0.01,5,struct,random_struct,gbm,gbm,0.316854463,0.055637763,0.335020166,0.003935415,0.291040177,0.045348901,32.91731946,1.102416851,12.5060482,0.198924553,0.010752678,0.000103463
721,O2,293K,0.01,5,struct+input,qt_then_rd,gbm,gbm,0.971222486,0.002759894,0.057217348,0.001336363,0.008115793,0.000820483,4.291943017,0.076501801,14.10063438,0.049455642,0.011418915,9.71e-05
724,O2,293K,0.01,5,struct+input,random_struct,gbm,gbm,0.902174659,0.126650701,0.066281297,0.006531657,0.077399079,0.133819004,4.696460778,0.27036474,14.04712815,0.090126249,0.011828566,0.000164442
727,O2,293K,0.01,5,struct,random_struct,gbm,gbm,0.349513139,0.078434297,0.329291564,0.006856432,0.361882111,0.225841606,33.34528604,1.010991642,12.59703493,0.262022323,0.011073828,0.000106575
